-- phpMyAdmin SQL Dump
-- version 4.8.3
-- https://www.phpmyadmin.net/
--
-- Host: localhost:3306
-- Generation Time: May 06, 2019 at 05:28 AM
-- Server version: 10.0.38-MariaDB-cll-lve
-- PHP Version: 7.2.7

SET SQL_MODE = "NO_AUTO_VALUE_ON_ZERO";
SET AUTOCOMMIT = 0;
START TRANSACTION;
SET time_zone = "+00:00";


/*!40101 SET @OLD_CHARACTER_SET_CLIENT=@@CHARACTER_SET_CLIENT */;
/*!40101 SET @OLD_CHARACTER_SET_RESULTS=@@CHARACTER_SET_RESULTS */;
/*!40101 SET @OLD_COLLATION_CONNECTION=@@COLLATION_CONNECTION */;
/*!40101 SET NAMES utf8mb4 */;

--
-- Database: `ngonvlo1_doan2019`
--

-- --------------------------------------------------------

--
-- Table structure for table `binh_luan`
--

CREATE TABLE `binh_luan` (
  `id_binhluan` int(10) UNSIGNED NOT NULL,
  `email` varchar(100) NOT NULL,
  `thoigian` datetime DEFAULT NULL,
  `noidung` text,
  `trangthai` tinyint(4) DEFAULT NULL,
  `id_tin` int(10) UNSIGNED DEFAULT NULL,
  `id_user` varchar(100) NOT NULL
) ENGINE=InnoDB DEFAULT CHARSET=utf8;

--
-- Dumping data for table `binh_luan`
--

INSERT INTO `binh_luan` (`id_binhluan`, `email`, `thoigian`, `noidung`, `trangthai`, `id_tin`, `id_user`) VALUES
(5, 'tranquocdanh@gmail.com', '2019-05-01 10:43:43', 'Ahihi xin chào các đồng âm', 1, 1, '1997'),
(6, 'tranquocdanh@gmail.com', '2019-05-01 10:44:15', 'Mình chia tay nhé em', 1, 1, '1997'),
(7, 'soft123.hotro@gmail.com', '2019-05-03 09:24:51', 'Bài viết hay . cho 1 like', 1, 4, 'dalaodai'),
(8, 'thanhquanqwer@gmail.com', '2019-05-03 00:00:00', 'a', NULL, 2, '16 '),
(9, 'soft123.hotro@gmail.com', '2019-05-04 01:03:11', 'Vạn lý trường thành nhờ mấy ông này mà vững đấy :)', 1, 13, 'dalaodai'),
(10, 'thanhquanqwer@gmail.com', '2019-05-04 00:00:00', 'hay ghê luôn á', NULL, 4, '16 '),
(11, 'thanhquanqwer@gmail.com', '2019-05-04 00:00:00', 'alo', NULL, 4, '16 '),
(12, 'thanhquanqwer@gmail.com', '2019-05-04 00:00:00', 'alo', NULL, 10, '16 '),
(13, 'soft123.hotro@gmail.com', '2019-05-04 01:37:46', 'ahihi', 1, 10, 'dalaodai'),
(14, 'thanhquan@gmail.com', '2019-05-04 00:00:00', 'alo', NULL, 14, '24 '),
(15, 'thanhquan@gmail.com', '2019-05-04 00:00:00', '2', NULL, 3, '24 '),
(16, 'thanhquan1234@gmail.com', '2019-05-04 00:00:00', '1', NULL, 10, '25');

-- --------------------------------------------------------

--
-- Table structure for table `groups`
--

CREATE TABLE `groups` (
  `id` mediumint(8) UNSIGNED NOT NULL,
  `name` varchar(20) NOT NULL,
  `description` varchar(100) NOT NULL
) ENGINE=InnoDB DEFAULT CHARSET=utf8;

--
-- Dumping data for table `groups`
--

INSERT INTO `groups` (`id`, `name`, `description`) VALUES
(1, 'admin', 'Administrator'),
(2, 'members', 'General User');

-- --------------------------------------------------------

--
-- Table structure for table `loai_tin`
--

CREATE TABLE `loai_tin` (
  `id_loaitin` varchar(5) NOT NULL,
  `ten_loaitin` varchar(100) DEFAULT NULL,
  `trangthai` tinyint(4) DEFAULT NULL,
  `id_nhomtin` int(10) UNSIGNED DEFAULT NULL
) ENGINE=InnoDB DEFAULT CHARSET=utf8;

--
-- Dumping data for table `loai_tin`
--

INSERT INTO `loai_tin` (`id_loaitin`, `ten_loaitin`, `trangthai`, `id_nhomtin`) VALUES
('ai', 'Mobile', 1, 5),
('bds', 'Bất động sản', 1, 4),
('ct', 'Chính trị', 1, 1),
('dcs', 'Đồ chơi số', 1, 5),
('dth', 'Đô Thị', 1, 1),
('gt', 'Giao thông', 1, 1),
('hko', 'Hàng không', 1, 4),
('inter', 'Internet', 1, 5),
('khp', 'Khám phá', 1, 3),
('li', 'Sống ', 1, 8),
('lx', 'Lái xe', 1, 9),
('mx', 'Mua xe', 1, 9),
('pd', 'Pháp định', 1, 2),
('pti', 'Phân tích', 1, 2),
('qs', 'Quân sự', 1, 3),
('smr', 'SmartHome', 1, 5),
('stu', 'Startup', 1, 5),
('tchi', 'Tài chính', 1, 4),
('tdu', 'Tiêu dùng', 1, 4),
('tl', 'Tư liệu', 1, 2),
('va', 'Vụ Án', 1, 2);

-- --------------------------------------------------------

--
-- Table structure for table `login_attempts`
--

CREATE TABLE `login_attempts` (
  `id` int(11) UNSIGNED NOT NULL,
  `ip_address` varchar(45) NOT NULL,
  `login` varchar(100) NOT NULL,
  `time` int(11) UNSIGNED DEFAULT NULL
) ENGINE=InnoDB DEFAULT CHARSET=utf8;

--
-- Dumping data for table `login_attempts`
--

INSERT INTO `login_attempts` (`id`, `ip_address`, `login`, `time`) VALUES
(9, '116.106.47.27', 'gunny.panda@gmail.com', 1557074542);

-- --------------------------------------------------------

--
-- Table structure for table `nhom_tin`
--

CREATE TABLE `nhom_tin` (
  `id_nhomtin` int(10) UNSIGNED NOT NULL,
  `ten_nhomtin` varchar(50) DEFAULT NULL,
  `trangthai` tinyint(10) DEFAULT NULL
) ENGINE=InnoDB DEFAULT CHARSET=utf8;

--
-- Dumping data for table `nhom_tin`
--

INSERT INTO `nhom_tin` (`id_nhomtin`, `ten_nhomtin`, `trangthai`) VALUES
(1, 'Thời sự', NULL),
(2, 'Pháp luật', NULL),
(3, 'Thế giới', NULL),
(4, 'Kinh doanh', NULL),
(5, 'Công nghệ', NULL),
(6, 'Thể thao', NULL),
(7, 'Giải trí', NULL),
(8, 'Sống trẻ', NULL),
(9, 'Xe 360', NULL),
(10, 'Du lịch', NULL),
(11, 'Ẩm thực', NULL),
(12, 'Giáo dục', NULL);

-- --------------------------------------------------------

--
-- Table structure for table `tin`
--

CREATE TABLE `tin` (
  `id_tin` int(10) UNSIGNED NOT NULL,
  `tieude` varchar(255) DEFAULT NULL,
  `mota` text,
  `img` varchar(50) DEFAULT NULL,
  `noidung` text,
  `ngaydangtin` timestamp NULL DEFAULT NULL,
  `tacgia` varchar(50) DEFAULT NULL,
  `solanxem` int(11) DEFAULT NULL,
  `tinhot` tinyint(4) DEFAULT NULL,
  `trangthai` tinyint(4) DEFAULT NULL,
  `id_loaitin` varchar(5) DEFAULT NULL
) ENGINE=InnoDB DEFAULT CHARSET=utf8;

--
-- Dumping data for table `tin`
--

INSERT INTO `tin` (`id_tin`, `tieude`, `mota`, `img`, `noidung`, `ngaydangtin`, `tacgia`, `solanxem`, `tinhot`, `trangthai`, `id_loaitin`) VALUES
(1, 'Genesis G80 có gì để cạnh tranh trong phân khúc xe sang?', 'Phân hiệu hạng sang Genesis của Hyundai sẽ chính thức đặt chân đến Australia vào tháng 6 với mẫu sedan G80 có giá từ 49.020 USD.', NULL, '<p>Ph&acirc;n hiệu hạng sang Genesis của Hyundai sẽ ch&iacute;nh thức đặt ch&acirc;n đến Australia v&agrave;o th&aacute;ng 6 với mẫu sedan G80 c&oacute; gi&aacute; từ 49.020 USD.</p>\r\n\r\n<table align=\"center\">\r\n	<tbody>\r\n		<tr>\r\n			<td><img alt=\"Genesis G80 co gi de canh tranh trong phan khuc xe sang? hinh anh 1 \" src=\"https://znews-photo.zadn.vn/w1024/Uploaded/lce_cjvcc/2019_04_06/3425f91bgenesisg80australia6_1.jpg\" /></td>\r\n		</tr>\r\n		<tr>\r\n			<td>Một trong những mẫu xe đầu ti&ecirc;n của ph&acirc;n hiệu hạng sang Genesis - chiếc G80 sẽ cập bến thị trường Australia v&agrave;o th&aacute;ng 6 tới. Đ&acirc;y l&agrave; lần chạm ng&otilde; đầu ti&ecirc;n của Genesis tại thị trường Australia với danh nghĩa một thương hiệu độc lập. Năm 2015, mẫu sedan G70 cũng đ&atilde; đến Australia nhưng với c&aacute;i t&ecirc;n Hyundai Genesis.</td>\r\n		</tr>\r\n	</tbody>\r\n</table>\r\n\r\n<table align=\"center\">\r\n	<tbody>\r\n		<tr>\r\n			<td><img alt=\"Genesis G80 co gi de canh tranh trong phan khuc xe sang? hinh anh 2 \" src=\"https://znews-photo.zadn.vn/w1024/Uploaded/lce_cjvcc/2019_04_06/c70bd767genesisg80australia3_1.jpg\" /></td>\r\n		</tr>\r\n		<tr>\r\n			<td>Cung cấp sức mạnh cho Genesis G80 l&agrave; động cơ V6 3.8L sản sinh c&ocirc;ng suất 311 m&atilde; lực (232 kW) v&agrave; m&ocirc;-men xoắn 397 Nm. Động cơ được kết nối với hộp số tự động 8 cấp v&agrave; hệ dẫn động RWD. Xe sở hữu hệ thống kiểm so&aacute;t chế độ l&aacute;i với 4 chế độ l&aacute;i l&agrave; Normal, Eco, Sport v&agrave; Snow.</td>\r\n		</tr>\r\n	</tbody>\r\n</table>\r\n\r\n<table align=\"center\">\r\n	<tbody>\r\n		<tr>\r\n			<td><img alt=\"Genesis G80 co gi de canh tranh trong phan khuc xe sang? hinh anh 3 \" src=\"https://znews-photo.zadn.vn/w1024/Uploaded/lce_cjvcc/2019_04_06/4d58ae52genesisg80australia7_1.jpg\" /></td>\r\n		</tr>\r\n		<tr>\r\n			<td>Trước khi ph&acirc;n phối, Genesis đ&atilde; thử nghiệm chiếc G80 tr&ecirc;n mọi cung đường địa phương để điều chỉnh chiếc xe sao cho ph&ugrave; hợp nhất với thị trường rất đặc th&ugrave; n&agrave;y. Do đ&oacute;, chiếc xe được trang bị hệ thống treo th&iacute;ch ứng do Genesis ph&aacute;t triển, hệ thống c&acirc;n bằng điện tử v&agrave; giảm x&oacute;c c&oacute; thể điều chỉnh điện. Giảm x&oacute;c n&agrave;y c&oacute; thể điều chỉnh tần suất n&eacute;n/bật với 100 lần/gi&acirc;y.</td>\r\n		</tr>\r\n	</tbody>\r\n</table>\r\n\r\n<table align=\"center\">\r\n	<tbody>\r\n		<tr>\r\n			<td><img alt=\"Genesis G80 co gi de canh tranh trong phan khuc xe sang? hinh anh 4 \" src=\"https://znews-photo.zadn.vn/w1024/Uploaded/lce_cjvcc/2019_04_06/0b329c9agenesisg80australia9_1.jpg\"  /></td>\r\n		</tr>\r\n		<tr>\r\n			<td>Genesis G80 tại thị trường Australia sẽ đi k&egrave;m g&oacute;i an to&agrave;n ti&ecirc;u chuẩn Active Safety Control. G&oacute;i n&agrave;y bao gồm c&aacute;c t&iacute;nh năng cảnh b&aacute;o điểm m&ugrave;, cảnh b&aacute;o t&agrave;i xế, cảnh b&aacute;o va chạm ph&iacute;a trước kết hợp với hệ thống ph&aacute;t hiện người đi bộ v&agrave; đ&egrave;n pha tự động điều chỉnh g&oacute;c chiếu s&aacute;ng. Hệ thống cảnh b&aacute;o t&agrave;i xế bao gồm c&aacute;c cảm biến tại v&ocirc;-lăng, ch&acirc;n ga, ch&acirc;n phanh. Nếu ph&aacute;t hiện người l&aacute;i c&oacute; biểu hiện buồn ngủ th&igrave; xe sẽ đưa ra cảnh b&aacute;o cho người l&aacute;i nghỉ ngơi.</td>\r\n		</tr>\r\n	</tbody>\r\n</table>\r\n\r\n<table align=\"center\">\r\n	<tbody>\r\n		<tr>\r\n			<td><img alt=\"Genesis G80 co gi de canh tranh trong phan khuc xe sang? hinh anh 5 \" src=\"https://znews-photo.zadn.vn/w1024/Uploaded/lce_cjvcc/2019_04_06/89b00948genesisg80australia5_1.jpg\"  /></td>\r\n		</tr>\r\n		<tr>\r\n			<td>C&aacute;c c&ocirc;ng nghệ kh&aacute;c tr&ecirc;n xe bao gồm cảnh b&aacute;o lệch l&agrave;n đường, d&acirc;y an to&agrave;n chủ động (rung để cảnh b&aacute;o), cảnh b&aacute;o va chạm ph&iacute;a sau, kiểm so&aacute;t h&agrave;nh tr&igrave;nh th&ocirc;ng minh, camera 360 độ, hỗ trợ đỗ xe, cảnh b&aacute;o &aacute;p suất lốp v&agrave; 9 t&uacute;i kh&iacute; xung quanh xe.</td>\r\n		</tr>\r\n	</tbody>\r\n</table>\r\n\r\n<table align=\"center\">\r\n	<tbody>\r\n		<tr>\r\n			<td><img alt=\"Genesis G80 co gi de canh tranh trong phan khuc xe sang? hinh anh 6 \" src=\"https://znews-photo.zadn.vn/w1024/Uploaded/lce_cjvcc/2019_04_06/bf61c0d5genesisg80australia4_1.jpg\" /></td>\r\n		</tr>\r\n		<tr>\r\n			<td>Tại Australia, G80 c&oacute; 2 phi&ecirc;n bản. Bản ti&ecirc;u chuẩn G80 3.8 c&oacute; gi&aacute; từ&nbsp;49.020 USD, đi k&egrave;m với m&agrave;n h&igrave;nh th&ocirc;ng tin giải tr&iacute; 9,2 inch độ ph&acirc;n giải HD, hệ thống &acirc;m thanh 17 loa của Lexicon, sạc điện thoại kh&ocirc;ng d&acirc;y v&agrave; cụm đ&egrave;n pha LED.</td>\r\n		</tr>\r\n	</tbody>\r\n</table>\r\n\r\n<table align=\"center\">\r\n	<tbody>\r\n		<tr>\r\n			<td><img alt=\"Genesis G80 co gi de canh tranh trong phan khuc xe sang? hinh anh 7 \" src=\"https://znews-photo.zadn.vn/w1024/Uploaded/lce_cjvcc/2019_04_06/5892b9c2genesisg80australia8_1.jpg\"  /></td>\r\n		</tr>\r\n		<tr>\r\n			<td>Bản G80 3.0 Ultimate c&oacute; gi&aacute; từ&nbsp;63.250 USD&nbsp;sẽ đi k&egrave;m với bộ v&agrave;nh hợp kim 19 inch, v&ocirc;-lăng sưởi ấm, cửa sổ trời to&agrave;n cảnh bằng k&iacute;nh, m&agrave;n h&igrave;nh HUD v&agrave; bảng đồng hồ 7 inch.</td>\r\n		</tr>\r\n	</tbody>\r\n</table>\r\n\r\n<table align=\"center\">\r\n	<tbody>\r\n		<tr>\r\n			<td><img alt=\"Genesis G80 co gi de canh tranh trong phan khuc xe sang? hinh anh 8 \" src=\"https://znews-photo.zadn.vn/w1024/Uploaded/lce_cjvcc/2019_04_06/4bf4db10genesisg80australia1_1.jpg\" /></td>\r\n		</tr>\r\n		<tr>\r\n			<td>Kh&aacute;ch h&agrave;ng c&oacute; thể trang bị th&ecirc;m g&oacute;i t&ugrave;y chọn Sport Design package gi&aacute;&nbsp;4.000 USD&nbsp;cho cả 2 phi&ecirc;n bản. G&oacute;i n&agrave;y sẽ trang bị th&ecirc;m một v&agrave;i chi tiết thể thao cho cả ngoại v&agrave; nội thất. Genesis G80 sẽ cạnh tranh với Lexus ES 350, Acura TLX, Infiniti Q70 v&agrave; cả những đối thủ sừng sỏ đến từ Đức như Mercedes-Benz E-Class, BMW 5-Series v&agrave; Audi A6.</td>\r\n		</tr>\r\n	</tbody>\r\n</table>\r\n', '2019-04-06 23:31:17', 'Xuyên', 96, 0, 1, 'mx'),
(2, 'Sợ bán ế, Ford Escape 2020 mang thiết kế giống Mazda CX-5?', 'Nhóm thiết kế Ford Escape 2020 được yêu cầu tạo mẫu xe thân thiện hơn nên đã mềm hóa thiết kế, khiến crossover của hãng xe Mỹ trông giống đối thủ Mazda CX-5.', NULL, '<p>Nh&oacute;m thiết kế Ford Escape 2020 được y&ecirc;u cầu tạo mẫu xe th&acirc;n thiện hơn n&ecirc;n đ&atilde; mềm h&oacute;a thiết kế, khiến crossover của h&atilde;ng xe Mỹ tr&ocirc;ng giống đối thủ Mazda CX-5.</p>\r\n\r\n<table align=\"center\">\r\n	<tbody>\r\n		<tr>\r\n			<td><img alt=\"So ban e, Ford Escape 2020 mang thiet ke giong Mazda CX-5? hinh anh 1 \" src=\"https://znews-photo.zadn.vn/w660/Uploaded/rik_rdcvcvwt_wc/2019_04_05/2020_ford_escape_4.jpg\"  /></td>\r\n		</tr>\r\n		<tr>\r\n			<td>Ford Escape 2020 vừa được giới thiệu hồi đầu tuần. Crossover mới sử dụng chung nền tảng FWD với Ford Focus (hatchback). Tất nhi&ecirc;n, Ford được cho l&agrave; kh&ocirc;ng c&oacute; &yacute; định sao ch&eacute;p thiết kế Mazda CX-5 cho mẫu xe mới.</td>\r\n		</tr>\r\n	</tbody>\r\n</table>\r\n\r\n<table align=\"center\">\r\n	<tbody>\r\n		<tr>\r\n			<td><img alt=\"So ban e, Ford Escape 2020 mang thiet ke giong Mazda CX-5? hinh anh 2 \" src=\"https://znews-photo.zadn.vn/w660/Uploaded/rik_rdcvcvwt_wc/2019_04_05/567389.jpg\"  /></td>\r\n		</tr>\r\n		<tr>\r\n			<td>Theo tiết lộ của&nbsp;<em>Automotive News</em>, l&atilde;nh đạo Ford đ&atilde; y&ecirc;u cầu nh&oacute;m thiết kế mềm h&oacute;a Ford Escape 2020. &ldquo;Ch&uacute;ng t&ocirc;i kh&ocirc;ng muốn tr&ocirc;ng n&oacute; qu&aacute; hầm hố. Kh&aacute;ch h&agrave;ng kh&ocirc;ng th&iacute;ch điều đ&oacute;&rdquo;, Amoko Leenarts, trưởng nh&oacute;m thiết kế của Ford ch&acirc;u &Acirc;u, cho biết.</td>\r\n		</tr>\r\n	</tbody>\r\n</table>\r\n\r\n<table align=\"center\">\r\n	<tbody>\r\n		<tr>\r\n			<td><img alt=\"So ban e, Ford Escape 2020 mang thiet ke giong Mazda CX-5? hinh anh 3 \" src=\"https://znews-photo.zadn.vn/w660/Uploaded/rik_rdcvcvwt_wc/2019_04_05/2020_ford_escape_6.jpg\"  /></td>\r\n		</tr>\r\n		<tr>\r\n			<td>Với c&aacute;c thị trường ngo&agrave;i Mỹ, Escape c&oacute; t&ecirc;n Kuga. &ldquo;Crossover mới Ford Escape 2020 tr&ocirc;ng th&acirc;n thiện hơn&rdquo;, Amoko Leenarts nhận x&eacute;t.</td>\r\n		</tr>\r\n	</tbody>\r\n</table>\r\n\r\n<table align=\"center\">\r\n	<tbody>\r\n		<tr>\r\n			<td><img alt=\"So ban e, Ford Escape 2020 mang thiet ke giong Mazda CX-5? hinh anh 4 \" src=\"https://znews-photo.zadn.vn/w660/Uploaded/rik_rdcvcvwt_wc/2019_04_05/2020fordescape10.jpg\"  /></td>\r\n		</tr>\r\n		<tr>\r\n			<td>Ford muốn chiếc crossover mới c&oacute; thiết kế bắt mắt hơn nhằm chiều l&ograve;ng kh&aacute;ch h&agrave;ng. Đ&oacute; l&agrave; l&yacute; do tại sao Ford Escape 2020 hao hao giống CX-5. Thực ra, đ&oacute; kh&ocirc;ng phải điều xấu, đặc biệt trong bối cảnh ph&acirc;n kh&uacute;c SUV/crossover đang cạnh tranh gay gắt v&agrave; Escape đang muốn t&igrave;m lại chỗ đứng cho m&igrave;nh.</td>\r\n		</tr>\r\n	</tbody>\r\n</table>\r\n\r\n<table align=\"center\">\r\n	<tbody>\r\n		<tr>\r\n			<td><img alt=\"So ban e, Ford Escape 2020 mang thiet ke giong Mazda CX-5? hinh anh 5 \" src=\"https://znews-photo.zadn.vn/w660/Uploaded/rik_rdcvcvwt_wc/2019_04_05/2020_ford_escape_7.jpg\"  /></td>\r\n		</tr>\r\n		<tr>\r\n			<td>Mazda CX-5 kh&aacute; ăn kh&aacute;ch nhờ thiết kế l&ocirc;i cuốn v&agrave; Ford Escape 2020 cũng muốn được như vậy. C&oacute; vẻ Ford đ&atilde; kh&ocirc;ng c&ograve;n &yacute; tưởng mới mẻ n&agrave;o triển khai tr&ecirc;n Escape 2020 v&agrave; chạy theo xu hướng thay v&igrave; tạo ra thiết kế ấn tượng hơn.</td>\r\n		</tr>\r\n	</tbody>\r\n</table>\r\n\r\n<table align=\"center\">\r\n	<tbody>\r\n		<tr>\r\n			<td><img alt=\"So ban e, Ford Escape 2020 mang thiet ke giong Mazda CX-5? hinh anh 6 \" src=\"https://znews-photo.zadn.vn/w660/Uploaded/rik_rdcvcvwt_wc/2019_04_05/567386.jpg\"  /></td>\r\n		</tr>\r\n		<tr>\r\n			<td>Thế hệ Escape trước tr&ocirc;ng g&oacute;c cạnh, bề thế như một chiếc SUV thay v&igrave; mềm mại như crossover. Suốt 6 năm, Escape kh&ocirc;ng thay đổi thiết kế khiến chiếc crossover n&agrave;y dần trở n&ecirc;n gi&agrave; cỗi.</td>\r\n		</tr>\r\n	</tbody>\r\n</table>\r\n\r\n<table align=\"center\">\r\n	<tbody>\r\n		<tr>\r\n			<td><img alt=\"So ban e, Ford Escape 2020 mang thiet ke giong Mazda CX-5? hinh anh 7 \" src=\"https://znews-photo.zadn.vn/w660/Uploaded/rik_rdcvcvwt_wc/2019_04_05/2020FordEscape22.jpg\"  /></td>\r\n		</tr>\r\n		<tr>\r\n			<td>Sự thay đổi của Escape, d&ugrave; được đ&oacute;n nhận hay kh&ocirc;ng, đều xuất ph&aacute;t từ nhu cầu kh&aacute;ch h&agrave;ng. Kh&aacute;ch h&agrave;ng l&agrave; tr&ecirc;n hết, nếu Ford Escape kh&ocirc;ng thay đổi, chắc chắn n&oacute; sẽ bị thay thế</td>\r\n		</tr>\r\n	</tbody>\r\n</table>\r\n', '2019-04-06 23:32:00', 'Xuyên', 3, 0, 1, 'mx'),
(3, 'Cách xem mức độ ô nhiễm không khí trên smartphone', 'Làm thế nào để biết nơi bạn đang sống ô nhiễm không khí đến mức độ ra sao? Bạn có thể vào website của UBND thành phố hoặc cài ngay một trong các ứng dụng dưới đây.', NULL, '<p>L&agrave;m thế n&agrave;o để biết nơi bạn đang sống &ocirc; nhiễm kh&ocirc;ng kh&iacute; đến mức độ ra sao? Bạn c&oacute; thể v&agrave;o website của UBND th&agrave;nh phố hoặc c&agrave;i ngay một trong c&aacute;c ứng dụng dưới đ&acirc;y.</p>\r\n\r\n<p>Những ng&agrave;y gi&aacute;p Tết Nguy&ecirc;n đ&aacute;n 2019, chỉ số chất lượng kh&ocirc;ng kh&iacute; (AQI) tại H&agrave; Nội giảm xuống r&otilde; rệt, chủ yếu ở mức k&eacute;m v&agrave; xấu. Điều n&agrave;y c&oacute; thể do hoạt động giao th&ocirc;ng tăng cao v&agrave; hiện tượng nghịch nhiệt xảy ra.</p>\r\n\r\n<p>Người d&acirc;n n&ecirc;n theo d&otilde;i chất lượng kh&ocirc;ng kh&iacute; qua c&aacute;c trạm đo tr&ecirc;n cổng th&ocirc;ng tin điện tử th&agrave;nh phố H&agrave; Nội (<a href=\"http://portal.hanoi.gov.vn/quantrac_khongkhi1\">tại đ&acirc;y</a>) hoặc mạng quan trắc của Tổng cục M&ocirc;i trường (<a href=\"http://cem.gov.vn/vi-vn/vn/aqipage.aspx\">tại đ&acirc;y</a>). Bản đồ sẽ cho ch&uacute;ng ta biết chỉ số AQI của từng khu vực cụ thể c&ugrave;ng th&ocirc;ng tin chi tiết.</p>\r\n\r\n<p>Theo đ&oacute;, gi&aacute; trị AQI từ 0-50 l&agrave; Tốt, kh&ocirc;ng ảnh hưởng đến sức khỏe; từ 51-100 l&agrave; Trung b&igrave;nh, nh&oacute;m nhạy cảm n&ecirc;n hạn chế thời gian ở ngo&agrave;i; từ 101-200 l&agrave; K&eacute;m, nh&oacute;m nhạy cảm cần hạn chế thời gian ở ngo&agrave;i; 201-300 l&agrave; Xấu, nh&oacute;m nhạy cảm tr&aacute;nh ra ngo&agrave;i, những người kh&aacute;c hạn chế ở ngo&agrave;i; từ 301: Nguy hại, mọi người n&ecirc;n ở trong nh&agrave;. Nh&oacute;m nhạy cảm bao gồm trẻ em, người gi&agrave; v&agrave; những người mắc bệnh h&ocirc; hấp.</p>\r\n\r\n<table align=\"center\">\r\n	<tbody>\r\n		<tr>\r\n			<td><img alt=\"Cach xem muc do o nhiem khong khi tren smartphone hinh anh 1 \" src=\"https://znews-photo.zadn.vn/w660/Uploaded/neg_wpeczyr/2019_01_29/Screenshot_1.jpg\" style=\"height:588px; width:767px\" /></td>\r\n		</tr>\r\n		<tr>\r\n			<td>Bản đồ AQI H&agrave; Nội.</td>\r\n		</tr>\r\n	</tbody>\r\n</table>\r\n\r\n<p>Nếu kh&ocirc;ng c&oacute; thời gian xem mức độ &ocirc; nhiễm kh&ocirc;ng kh&iacute; tr&ecirc;n website, bạn c&oacute; thể tải một trong số c&aacute;c ứng dụng dưới đ&acirc;y về điện thoại để xem bất kỳ l&uacute;c n&agrave;o v&agrave; c&oacute; biện ph&aacute;p đối ph&oacute; ph&ugrave; hợp.</p>\r\n\r\n<p>1. Air Quality | AirVisual: Tải về cho&nbsp;<a href=\"https://play.google.com/store/apps/details?id=com.airvisual&amp;hl=en\">Android</a></p>\r\n\r\n<p>2. Air Matters: Tải về cho&nbsp;<a href=\"https://itunes.apple.com/us/app/air-matters/id477700080?mt=8\">iPhone</a></p>\r\n\r\n<p>3. Air Quality Index BreezoMeter: Tải về cho&nbsp;<a href=\"https://play.google.com/store/apps/details?id=app.breezometer&amp;hl=en\">Android</a>&nbsp;v&agrave;&nbsp;<a href=\"https://itunes.apple.com/us/app/breezometer-air-quality-index/id989623380?mt=8\">iPhone</a></p>\r\n\r\n<p>4. Air Quality: Real time AQI: Tải về cho&nbsp;<a href=\"https://play.google.com/store/apps/details?id=com.insdio.aqicn.airwidget.Asia&amp;hl=en\">Android</a></p>\r\n\r\n<p>5. Air Quality Index Near Me: Tải về cho&nbsp;<a href=\"https://play.google.com/store/apps/details?id=com.appstronautstudios.pollutionmap&amp;hl=en_US\">Android</a></p>\r\n\r\n<p>6. AirNow: Tải về cho&nbsp;<a href=\"https://play.google.com/store/apps/details?id=com.saic.airnow&amp;hl=en_US\">Android</a></p>\r\n', '2019-04-06 23:32:52', 'Xuyên', 3, 0, 1, 'ai'),
(4, 'Galaxy M10 và M20 ra mắt - camera kép, pin 5.000 mAh giá từ 112 USD', 'Galaxy M là dòng smartphone phổ thông vừa được Samsung giới thiệu tại thị trường Ấn Độ. Galaxy M10 và M20 có thiết kế màn hình giọt nước, camera kép, được bán với giá từ 112 USD.', NULL, '<p>Galaxy M l&agrave; d&ograve;ng smartphone phổ th&ocirc;ng vừa được Samsung giới thiệu tại thị trường Ấn Độ. Galaxy M10 v&agrave; M20 c&oacute; thiết kế m&agrave;n h&igrave;nh giọt nước, camera k&eacute;p, được b&aacute;n với gi&aacute; từ 112 USD.</p>\r\n\r\n<table align=\"center\">\r\n	<tbody>\r\n		<tr>\r\n			<td><img alt=\"Galaxy M10 va M20 ra mat - camera kep, pin 5.000 mAh gia tu 112 USD hinh anh 1 \" slide-pos=\"1\" src=\"https://znews-photo.zadn.vn/w660/Uploaded/neg_wpeczyr/2019_01_28/galaxym205.jpg\" /></td>\r\n		</tr>\r\n		<tr>\r\n			<td>Galaxy M10 v&agrave; M20 được trang bị m&agrave;n h&igrave;nh khuyết đỉnh h&igrave;nh giọt nước. Trong đ&oacute;, Galaxy M20 c&oacute; m&agrave;n h&igrave;nh LCD 6,3 inch Full HD+, tỷ lệ khung 19,5:9. M&agrave;n h&igrave;nh của Galaxy M10 c&oacute; k&iacute;ch thước nhỏ hơn 6,2 inch, độ ph&acirc;n giải HD+.</td>\r\n		</tr>\r\n	</tbody>\r\n</table>\r\n\r\n<table align=\"center\">\r\n	<tbody>\r\n		<tr>\r\n			<td><img alt=\"Galaxy M10 va M20 ra mat - camera kep, pin 5.000 mAh gia tu 112 USD hinh anh 2 \" slide-pos=\"2\" src=\"https://znews-photo.zadn.vn/w660/Uploaded/neg_wpeczyr/2019_01_28/galaxym203.jpg\" /></td>\r\n		</tr>\r\n		<tr>\r\n			<td>Galaxy M20 d&ugrave;ng chip Exynos 7885 8 nh&acirc;n, tốc độ xung nhịp 1.6 GHz. RAM 3/4 GB v&agrave; bộ nhớ trong tương đương 32 v&agrave; 64 GB.&nbsp;Điểm đ&aacute;ng ch&uacute; &yacute; tr&ecirc;n Galaxy M20 đến từ vi&ecirc;n pin c&oacute; dung lượng lớn 5.000 mAh, gi&uacute;p người d&ugrave;ng c&oacute; thể k&eacute;o d&agrave;i thời gian sử dụng.</td>\r\n		</tr>\r\n	</tbody>\r\n</table>\r\n\r\n<table align=\"center\">\r\n	<tbody>\r\n		<tr>\r\n			<td><img alt=\"Galaxy M10 va M20 ra mat - camera kep, pin 5.000 mAh gia tu 112 USD hinh anh 3 \" slide-pos=\"3\" src=\"https://znews-photo.zadn.vn/w660/Uploaded/neg_wpeczyr/2019_01_28/Screenshot_at_Jan_28_221540.jpg\" /></td>\r\n		</tr>\r\n		<tr>\r\n			<td>M&aacute;y sở hữu camera k&eacute;p, trong đ&oacute; một camera ch&iacute;nh 13 MP, khẩu độ f/1.9 v&agrave; một camera g&oacute;c rộng 5 MP, khẩu độ f/2.2. Việc được trang bị camera g&oacute;c rộng gi&uacute;p m&aacute;y lấy được nhiều chi tiết hơn khi chụp ảnh. Camera selfie của Galaxy M20 c&oacute; độ ph&acirc;n giải 5 MP.</td>\r\n		</tr>\r\n	</tbody>\r\n</table>\r\n\r\n<table align=\"center\">\r\n	<tbody>\r\n		<tr>\r\n			<td><img alt=\"Galaxy M10 va M20 ra mat - camera kep, pin 5.000 mAh gia tu 112 USD hinh anh 4 \" slide-pos=\"4\" src=\"https://znews-photo.zadn.vn/w660/Uploaded/neg_wpeczyr/2019_01_28/samsungm10gallery5_1548671848__rend_1_1.jpg\" /></td>\r\n		</tr>\r\n		<tr>\r\n			<td>Cấu h&igrave;nh của Galaxy M10 bao gồm chip Exynos 7870, RAM 2/3 GB c&ugrave;ng bộ nhớ trong 16 v&agrave; 32 GB. Model n&agrave;y c&oacute; vi&ecirc;n pin dung lượng 3.400 mAh.</td>\r\n		</tr>\r\n	</tbody>\r\n</table>\r\n\r\n<table align=\"center\">\r\n	<tbody>\r\n		<tr>\r\n			<td><img alt=\"Galaxy M10 va M20 ra mat - camera kep, pin 5.000 mAh gia tu 112 USD hinh anh 5 \" slide-pos=\"5\" src=\"https://znews-photo.zadn.vn/w660/Uploaded/neg_wpeczyr/2019_01_28/Screenshot_at_Jan_28_221514.jpg\" /></td>\r\n		</tr>\r\n		<tr>\r\n			<td>Hiện tại, bộ đ&ocirc;i n&agrave;y được chạy tr&ecirc;n nền Android 8.1 v&agrave; tuỳ biến lại theo giao diện Samsung Experience 9.5. Cả 2 m&aacute;y đều c&oacute; t&iacute;nh năng mở kho&aacute; bằng khu&ocirc;n mặt, tuy nhi&ecirc;n chỉ Galaxy M20 được trang bị cảm biến v&acirc;n tay ph&iacute;a sau.</td>\r\n		</tr>\r\n	</tbody>\r\n</table>\r\n\r\n<table align=\"center\">\r\n	<tbody>\r\n		<tr>\r\n			<td><img alt=\"Galaxy M10 va M20 ra mat - camera kep, pin 5.000 mAh gia tu 112 USD hinh anh 6 \" slide-pos=\"6\" src=\"https://znews-photo.zadn.vn/w660/Uploaded/neg_wpeczyr/2019_01_28/samsungm10gallery6_1548671860__rend_4_3.jpg\" /></td>\r\n		</tr>\r\n		<tr>\r\n			<td>Tại Ấn Độ, Galaxy M10 v&agrave; M20 được b&aacute;n online độc quyền qua Amazon. Galaxy M10 c&oacute; gi&aacute; 7.990 INR (khoảng&nbsp;112 USD) cho phi&ecirc;n bản RAM 2 GB, bộ nhớ trong 16 GB v&agrave; 8.990 INR (khoảng&nbsp;126 USD) cho bản RAM 3 GB, bộ nhớ trong 32 GB. Galaxy M20 c&oacute; gi&aacute; 10.990 INR (khoảng&nbsp;154 USD) cho phi&ecirc;n bản RAM 3 GB, bộ nhớ trong 32 GB v&agrave; 12.990 INR (khoảng&nbsp;183 USD) cho bản RAM 4 GB c&ugrave;ng bộ nhớ 64 GB.</td>\r\n		</tr>\r\n	</tbody>\r\n</table>\r\n\r\n<table align=\"center\">\r\n	<tbody>\r\n		<tr>\r\n			<td><img alt=\"Galaxy M10 va M20 ra mat - camera kep, pin 5.000 mAh gia tu 112 USD hinh anh 7 \" slide-pos=\"7\" src=\"https://znews-photo.zadn.vn/w660/Uploaded/neg_wpeczyr/2019_01_28/galaxym206.jpg\" /></td>\r\n		</tr>\r\n		<tr>\r\n			<td>Theo số liệu của Counterpoint, smartphone Xiaomi đ&atilde; vượt thị phần Samsung từ qu&yacute; IV/2017. V&igrave; thế, Samsung kỳ vọng Galaxy M10 v&agrave; M20 gi&uacute;p h&atilde;ng gi&agrave;nh lại thị phần từ Xiaomi tại đất nước đ&ocirc;ng d&acirc;n thứ 2 tr&ecirc;n thế giới.</td>\r\n		</tr>\r\n	</tbody>\r\n</table>\r\n', '2019-04-06 23:33:28', 'Xuyên', 36, 0, 1, 'ai'),
(5, 'Yêu địa lý, 2 thanh niên trên reddit hẹn nhau làm bánh mì kẹp Trái Đất và thu hút gần 130.000 upvotes', 'Cũng đơn giản thôi nhưng để cắn được một miếng sandwich nhân Trái Đất, miệng của bạn sẽ phải rộng hàng nghìn km...', NULL, '<p>&nbsp;</p><p>Trên phương diện chế biến món ăn, bánh mì kẹp (sandwich) là cái gì đó rất rất dễ làm.</p><p>Chỉ cần 2 miếng bánh mì, kẹp cái gì đó bạn thích vào giữa làm nhân là có ngay món sandwich. Như vậy có nghĩa là, nếu đặt 2 miếng bánh mì tại 2 điểm đối xứng nhau trên Trái Đất - ta sẽ có \"Earth sandwich.\"</p><p>&nbsp;</p><figure class=\"image\"><img src=\"http://genknews.genkcdn.vn/thumb_w/660/2019/5/4/photo-1-1556940704396550928110.jpg\" alt=\"Yêu địa lý, 2 thanh niên trên reddit hẹn nhau làm bánh mì kẹp Trái Đất và thu hút gần 130.000 upvotes - Ảnh 1.\"></figure><p>&nbsp;</p><p>Mới hôm qua thôi, người dùng reddit Lokimonoxide đã gây bão nhẹ với hơn 129.000 upvotes nhờ tấm ảnh chụp món \"Earth sandwich\" nói trên.</p><p>Cụ thể hơn, Lokimonoxide sống ở Gunpo, Hàn Quốc. Anh tình cờ quen biết một anh chàng sống ở Montevideo, Uruguay qua reddit. Gunpo và Montevideo là 2 địa điểm đối xứng nhau trên Trái Đất và họ quyết tâm thực hiện món \"Earth sandwich\". Tuy nhiên, cái khó là Lokimonoxide phải kẹp bánh vào 8h sáng, còn anh chàng kia là 8h tối.</p><p>Nghe như dở hơi nhưng cũng thú vị đấy chứ, rõ ràng phải yêu khoa học và có kiến thức nhất định về địa lý mới làm được.</p><p>Đây không phải lần đầu tiên có người làm bánh mì kẹp nhân Trái Đất nhưng vẫn khiến internet thích thú.</p><p>&nbsp;</p><figure class=\"image\"><img src=\"http://genknews.genkcdn.vn/thumb_w/660/2019/5/4/photo-1-15569410817341228474470.jpg\" alt=\"Yêu địa lý, 2 thanh niên trên reddit hẹn nhau làm bánh mì kẹp Trái Đất và thu hút gần 130.000 upvotes - Ảnh 2.\"></figure><p>&nbsp;</p><p>&nbsp;</p><figure class=\"image\"><img src=\"http://genknews.genkcdn.vn/thumb_w/660/2019/5/4/photo-1-15569410922342080386095.jpg\" alt=\"Yêu địa lý, 2 thanh niên trên reddit hẹn nhau làm bánh mì kẹp Trái Đất và thu hút gần 130.000 upvotes - Ảnh 3.\"></figure><p>&nbsp;</p><p>&nbsp;</p><figure class=\"image\"><img src=\"http://genknews.genkcdn.vn/thumb_w/660/2019/5/4/photo-1-15569411077142146066322.jpg\" alt=\"Yêu địa lý, 2 thanh niên trên reddit hẹn nhau làm bánh mì kẹp Trái Đất và thu hút gần 130.000 upvotes - Ảnh 4.\"></figure><p>&nbsp;</p><p>&nbsp;</p><figure class=\"image\"><img src=\"http://genknews.genkcdn.vn/2019/5/4/photo-1-1556941128751523471864.png\" alt=\"Yêu địa lý, 2 thanh niên trên reddit hẹn nhau làm bánh mì kẹp Trái Đất và thu hút gần 130.000 upvotes - Ảnh 5.\"></figure><p>&nbsp;</p><p>&nbsp;</p><figure class=\"image\"><img src=\"http://genknews.genkcdn.vn/thumb_w/660/2019/5/4/photo-1-155694114304673593504.jpg\" alt=\"Yêu địa lý, 2 thanh niên trên reddit hẹn nhau làm bánh mì kẹp Trái Đất và thu hút gần 130.000 upvotes - Ảnh 6.\"></figure><p>&nbsp;</p>', '2019-05-04 19:35:04', 'Danh', 57, 1, 1, 'li'),
(6, 'Phát hiện cocaine trong tôm nước ngọt tại Anh', 'Tiến hành lấy mẫu và đo đạc nồng độ hoá chất trên một số con sông tại Anh, các nhà khoa học đã vô cùng bất ngờ khi phát hiện cocaine có trong tất cả những mẫu tôm nước ngọt được mang đi xét nghiệm.', NULL, '<p>Được biết, nhóm nghiên cứu đến từ đại học King\'s College London, phối hợp cùng đại học Suffolk, đã lấy mẫu kiểm tra tại 15 địa điểm thuộc hạt Suffolk. Theo đó, ngoài thuốc trừ sâu và những chất cấm khác như ketamine, tất cả các mẫu tôm được mang đi xét nghiệm đều chứa cocaine.</p><p>Nhóm nghiên cứu cũng cho biết, kết quả kiểm tra này khá “bất ngờ”. Giáo sư Nic Bury thuộc đại học Suffolk nói: “Việc cocaine xuất hiện trong cơ thể động vật thuỷ sinh có phải là một vấn đề đối với Suffolk, và rộng hơn nữa là đối với nước Anh cũng như quốc tế hay không, cần sự nghiên cứu kỹ lưỡng hơn”.</p><p>&nbsp;</p><figure class=\"image\"><img src=\"http://genknews.genkcdn.vn/thumb_w/660/2019/5/3/190502091111-freshwater-shrimp-micropollutants-exlarge-169-1556892315524779665255.jpg\" alt=\"Phát hiện cocaine trong tôm nước ngọt tại Anh - Ảnh 1.\"></figure><p><i>Tôm sông tại Anh có chứa thuốc trừ sâu, chất cấm và cả... cocaine.</i></p><p>&nbsp;</p><p>“Tình hình môi trường đã thu hút nhiều sự quan tâm của cộng đồng, chủ yếu do những thách thức phát sinh từ ô nhiễm hạt vi nhựa và biến đổi khí hậu. Dù vậy, tác động của ô nhiễm do hoá chất (ví dụ như ma tuý) đến sinh vật hoang dã cần được quan tâm hơn tại Anh”, giáo sư Bury nói.</p><p>Nghiên cứu được công bố trên tạp chí Environment International đã quan sát mức độ phơi nhiễm của sinh vật hoang dã, trong đó có tôm nước ngọt, với các chất ô nhiễm vi mô khác nhau. Nhóm nghiên cứu đã lấy mẫu thử dọc theo 5 con sông chảy xung quanh hạt Suffolk là Alde, Box, Deben, Gipping và Waveney.</p><p>Bên cạnh ma tuý, các loại thuốc trừ sâu bị cấm và tân dược cũng được tìm thấy rất nhiều bên trong các mẫu tôm thu thập.Tuy nhiên, xác suất các chất này gây ra bất kỳ ảnh hưởng nào đến sinh vật “là khá thấp”, nhóm nghiên cứu cho biết.</p><p>“Sự xuất hiện thường xuyên của ma tuý trong cơ thể động vật hoang dã là khá bất ngờ. Hiện tượng này có thể được tìm thấy ở các khu đô thị lớn như London, chứ không phải tại những lưu vực sông nhỏ và hẻo lánh hơn như thế này”, tiến sĩ Leon Barron - một thành viên thuộc nhóm nghiên cứu đến từ King\'s College London - chia sẻ.</p>', '2019-05-04 19:41:45', 'Danh', 2, 1, 1, 'li'),
(9, 'Một chương trình bot có thể tự động sửa lỗi phần mềm với chất lượng ngang với con người', 'Các bản vá lỗi phần mềm mà chương trình bot đó tạo ra đã được các nhà kiểm duyệt trên GitHub chấp nhận đưa vào code base, khi họ tưởng rằng nó do một nhà phát triển con người tạo nên.', NULL, '<p>Các chương trình máy tính hiện đại ngày nay đã trở nên phức tạp đến mức việc nó phát sinh lỗi trong quá trình phát triển là điều gần như chắc chắn. Đó là lý do vì sao tìm kiếm và viết các bản vá để sửa lỗi đó đang trở thành một phần không thể thiếu trong phát triển phần mềm. Trên thực tế, có những công ty như Travis còn cung cấp dịch vụ đó cho các nhà phát triển.</p><p>Nhưng tìm kiếm và đưa ra các bản vá lỗi là một công đoạn tiêu tốn thời gian và cần đến các nguồn lực không hề nhỏ. Vì vậy, hàng loạt nhà nghiên cứu đã phát triển các bot có thể tự động hóa quá trình này, nhưng chúng thường quá chậm hoặc các đoạn code mà chúng tạo ra quá nghèo nàn để có thể triển khai trong thực tế. Do đó một bot chất lượng cao, tốc độ nhanh, có thể tìm các đoạn code lỗi và sửa chúng vẫn là một giấc mơ đối với các nhà phát triển.</p><p>&nbsp;</p><figure class=\"image\"><img src=\"http://genknews.genkcdn.vn/thumb_w/660/2019/5/2/robot-680x400-1556791096987680966662.png\" alt=\"Một chương trình bot có thể tự động sửa lỗi phần mềm với chất lượng ngang với con người - Ảnh 1.\"></figure><p>&nbsp;</p><p>Nhưng đến nay, giấc mơ này đã sắp thành sự thật, nhờ vào công trình của Martin Monperrus và các đồng nghiệp đến từ Viện công nghệ KTH Royal Institute of Technology ở Stockholm, Thụy Điển, mới công bố vào tháng 11 năm 2018. Các nhà nghiên cứu đã xây dựng được một chương trình bot có thể cạnh tranh với các nhà phát triển con người trong việc tìm lỗi và viết các bản vá chất lượng cao.</p><p>Chương trình bot này có tên Repairnator và đã được thử nghiệm thành công khi nó thi với các nhà phát triển con người trong việc tìm và sửa lỗi. \"<i>Đây là một cột mốc cho khả năng cạnh tranh với con người trong nghiên cứu kỹ thuật phần mềm để tự động sửa lỗi chương trình</i>.\"<br>&nbsp;</p><p>Các nhà khoa học máy tính từ lâu đã biết rằng việc tự động hóa quá trình viết bản vá là hoàn toàn khả thi. Nhưng việc các chương trình bot có thể đạt được tốc độ và chất lượng như con người hay không vẫn còn chưa rõ ràng.</p><p>Vì vậy, Monperrus và các đồng nghiệp đã kiểm tra điều này bằng cách để Repairnator đóng giả như một nhà phát triển và cạnh tranh với con người trong việc phát triển các bản vá lỗi trên GitHub. Monperrus cho biết: \"<i>Ý tưởng chủ chốt của Repairnator là tự động tạo ra các bản vá để sửa các lỗi phần mềm, sau đó biểu diễn chúng cho các nhà phát triển con người, để xem liệu các nhà phát triển con người đó có chấp nhận chúng như các đóng góp vào các code base hay không</i>.\"</p><p>Nhóm nghiên cứu tạo ra một tài khoản trên GitHub có tên Luc Esape, với cả hình ảnh profile và trông như một nhà phát triển trẻ tuổi, đang khao khát đóng góp cho GitHub, nhưng thực ra đó chính là Repairnator. Lý do các nhà nghiên cứu làm vậy là vì các nhà kiểm duyệt con người có xu hướng phân biệt công sức của người và máy khác nhau.</p><p><strong>Có khả năng cạnh tranh với con người trong việc tìm và sửa lỗi</strong></p><p>Để chương trình bot này có thể cạnh tranh với con người, nó phải tạo ra được bản vá chất lượng cao trước khi con người làm vậy. Nghĩa là các bản vá phải đúng và có thể đọc được, khi so sánh với một bản vá do con người viết, để có thể được chấp nhận đưa vào code base. Và khung thời gian để các bot hoàn thành những bản vá như vậy được tính theo phút, không phải ngày.</p><p>&nbsp;</p><figure class=\"image\"><img src=\"http://genknews.genkcdn.vn/2019/5/2/repairnator-pic-15493986467161107308147-15567923017901201576055.jpg\" alt=\"Một chương trình bot có thể tự động sửa lỗi phần mềm với chất lượng ngang với con người - Ảnh 2.\"></figure><p><i>Sơ đồ hoạt động của Repairnator khi chạy trên dịch vụ tích hợp của Travis.</i></p><p>&nbsp;</p><p>Nhóm nghiên cứu thực hiện hai lần thử nghiệm với Repairnator. Lần đầu từ tháng 2 đến tháng 12 năm 2017, nhóm nghiên cứu đã chạy Repairnator trên một danh sách khoảng 14.188 dự án của GitHub để tìm kiếm lỗi. \"<i>Chúng tôi nhận thấy nguyên mẫu phần mềm của mình có thể sửa được khoảng 30 lỗi mỗi ngày</i>.\"<br>&nbsp;</p><p>Trong lần chạy thử này, Repairnator đã phân tích hơn 11.500 bản build có lỗi. Tuy nhiên, với các bản build này, nó chỉ có thể tái hiện lại lỗi đối với hơn 3.000 trường hợp. Từ đó, nó phát triển bản vá cho 15 trường hợp.</p><p>Tuy nhiên, không bản vá nào trong các trường hợp này được chấp nhận đưa vào bản build do Repairnator mất quá nhiều thời gian để phát triển chúng hoặc chúng có chất lượng quá thấp để có thể chấp nhận được.</p><p>Lần thử nghiệm thứ hai mang lại nhiều thành công hơn. Lần này, nhóm nghiên cứu thiết lập để Repairnator có thể làm việc trên dịch vụ tích hợp liên tục của Travis từ tháng Một cho tới tháng 6 năm 2018.</p><p>Cho dù nhóm nghiên cứu không cho biết Repairnator đã được cải thiện những gì, nhưng vào ngày 21 tháng Một, một bản vá do Repairnator viết đã được nhà kiểm duyệt con người chấp nhận đưa vào bản build. \"<i>Nói cách khác, đây là lần đầu tiên Repairnator đã có thể cạnh tranh với con người</i>.\"</p><p>Trong 6 tháng tiếp theo, Repairnator đã tạo ra 5 bản vá khác được các nhà kiểm duyệt con người chấp nhận.</p><p>Đây là một nghiên cứu rất ấn tượng đối với việc mở đường cho một thế hệ mới của việc phát triển phần mềm. Tuy nhiên, nó cũng làm dấy lên một số câu hỏi thú vị khác: \"<i>Ai sẽ là người sở hữu các tài sản trí tuệ và chịu trách nhiệm cho một đóng góp của chương trình bot? Người điều hành con bot đó, người triển khai bot hay các nhà thiết kế thuật toán sửa chữa của bot đó?</i>\"</p><p>Mặc dù là một câu hỏi hóc búa và có thể nó sẽ cần được giải đáp trước khi người và máy có thể cộng tác với nhau nhiều hơn, nhưng Monperrus và đồng sự vẫn tỏ ra rất lạc quan: \"<i>Chúng tôi tin rằng Repairnator đã hình dung trước một tương lai chắc chắn của phát triển phần mềm, nơi các bot và con người có thể hợp tác trôi chảy và thậm chí cộng tác cho việc tạo ra phần mềm</i>.\"</p>', '2019-05-04 19:47:37', 'Danh', 1, 0, 1, 'khp'),
(10, 'Thử nghiệm thực tế công nghệ sạc siêu nhanh 25W của Samsung', 'Dù sao thì vẫn hy vọng rằng trong tương lai Samsung sẽ đưa công nghệ này lên nhiều mẫu smartphone Galaxy hơn.', NULL, '<p>Cuối cùng Samsung cũng ra mắt một công nghệ sạc nhanh mới sau nhiều năm gắn bó với công nghệ sạc nhanh dựa trên chuẩn Quick Charge 2.0 của Qualcomm. Công nghệ này có công suất sạc 25W và được trang bị trên Galaxy S10 5G cũng như Galaxy A70.<br>&nbsp;</p><p>Do không có Galaxy S10 5G nên trang tin SamMobile đã tiến hành thử nghiệm công nghệ sạc nhanh 25W của Samsung trên Galaxy A70 để xem tốc độ của nó như thế nào so với sạc tiêu chuẩn 15W.</p><p>&nbsp;</p><figure class=\"image\"><img src=\"http://genknews.genkcdn.vn/thumb_w/660/2019/5/3/photo-1-15568760293731246840637.jpg\" alt=\"Thử nghiệm thực tế công nghệ sạc siêu nhanh 25W của Samsung - Ảnh 1.\"></figure><p>&nbsp;</p><p>Galaxy A70 có pin dung lượng 4.500mAh và lượt đầu tiên nó sẽ được sạc từ mức 3% pin bằng bộ sạc 25W. SamMobile sẽ tiến hành ghi lại mức pin sạc được sau 30, 45 và 60 phút. Tiếp theo, quá trình này sẽ được lặp lại với bộ sạc 15W tiêu chuẩn.</p><p>Sau 30 phút, sạc 25W sạc được 33% pin trong khi sạc 15W chỉ cung cấp cho pin 26%. Ở mốc 45 phút, chênh lệch khá nhỏ giữa 2 bộ sạc: Pin ở mức 51% với sạc 25W và 49% với sạc 15W.</p><p>Nhưng ở mốc 60 phút, sạc 25W tiếp tục cho thấy khả năng của mình khi sạc được 67% pin. Trong khi đó, sạc 15W chỉ cung cấp được 60% điện năng cho pin Galaxy A70. Galaxy S10+ cũng sạc được 67% trong 60 phút với sạc 15W tiêu chuẩn nhưng nó chỉ có pin 4.100mAh. Điều này cho thấy nếu được hỗ trợ công nghệ sạc 25W, Galaxy S10+ có thể sạc nhanh hơn rất nhiều.</p><p>Như vậy, có thể thấy sạc 25W có tốc độ sạc nhanh hơn so với sạc 15W nhưng không đáng kể. Nhưng bộ sạc này sẽ hữu ích khi bạn chỉ có khoảng thời gian ngắn, khoảng 30 phút, để sạc lại chiếc smartphone đã gần cạn pin của mình.</p><p>Bạn có thể so sánh chi tiết tốc độ sạc của công nghệ 25W và 15W qua bảng dưới đây:</p><p>&nbsp;</p><figure class=\"image\"><img src=\"http://genknews.genkcdn.vn/thumb_w/660/2019/5/3/photo-1-1556875780237611930854.jpg\" alt=\"Thử nghiệm thực tế công nghệ sạc siêu nhanh 25W của Samsung - Ảnh 2.\"></figure><p>&nbsp;</p>', '2019-05-04 19:49:14', 'Danh', 10, 0, 1, 'ai'),
(11, 'Bạn đang sạc smartphone sai cách, đây mới là những gì các chuyên gia và chính Apple, Google khuyên bảo', 'Sạc và sử dụng smartphone như thế nào để pin luôn bền nhất là điều mà rất nhiều người dùng luôn băn khoăn.', NULL, '<p>Thực tế thì một số thói quen sạc smartphone của chúng ta có thể khiến tuổi thọ pin bị giảm đáng kể. Cụ thể, bạn đang đẩy nhanh quá trình lão hóa của pin lithium-ion trong smartphone nếu thường xuyên sạc qua đêm hoặc vẫn tiếp tục cắm sạc nhiều giờ dù pin đã ở mức 100%.<br>&nbsp;</p><p><i>\"Nếu bạn sạc smartphone của mình tới mức 100% và liên tục giữ nó ở mức 100%, bằng cách tiếp tục cắm sạc hoặc sạc qua đêm, tuổi thọ của pin sẽ bị ảnh hưởng xấu\"</i>, Dominik Schulte, giám đốc điều hành BatterieIngenieure, hãng tư vấn công nghệ pin có trụ sở tại Đức, chia sẻ.</p><p>Và khi pin lithium-ion bị lão hóa, các thành phần hóa học bên trong nó bị thay đổi và trở nên kém hiệu quả hơn trong việc lưu trữ điện cũng như cung cấp năng lượng cho thiết bị của bạn.</p><p>Rõ ràng là tất cả các pin lithium-ion đều sẽ lão hóa và có giới hạn về tuổi thọ. Dù bạn sử dụng như thế nào chăng nữa dung lượng pin - thứ quyết định thời lượng pin - cũng sẽ giảm dần theo thời gian. Nhưng bạn chính là người quyết định tốc độ lão hóa của pin trong chiếc smartphone của bạn.</p><p><strong>Các hãng smartphone nói gì?</strong></p><p>Sau khi hỏi nhiều hãng smartphone về vấn đề sạc qua đêm và tiếp tục cắm sạc nhiều giờ dù pin đã đầy 100%, trang Business Insider đã nhận được kết quả khá thú vị. Cụ thể, hầu hết các hãng smartphone đều cho rằng bạn đừng quá lo ngại về việc sạc smartphone qua đêm.&nbsp;<br>&nbsp;</p><p>&nbsp;</p><figure class=\"image\"><img src=\"http://genknews.genkcdn.vn/thumb_w/660/2019/5/2/photo-1-1556787123758566005778.jpg\" alt=\"Bạn đang sạc smartphone sai cách, đây mới là những gì các chuyên gia và chính Apple, Google khuyên bảo - Ảnh 1.\"></figure><p>&nbsp;</p><p>Apple cũng nhắc tới việc sạc smartphone qua đêm trên trang thông tin của mình. Tuy nhiên, \"Táo khuyết\" không nói rằng đó là một thói quen nên bỏ. Google thậm chí còn cho rằng chẳng việc gì phải lo lắng về việc sạc smartphone qua đêm.</p><p>Ronald Ho, quản lý dự án tại Google, chia sẻ rằng với những công nghệ tối ưu hóa pin và sạc mà các hãng đã đưa vào smartphone người dùng không cần lo lắng về việc sạc quá lâu hoặc sạc quá thường xuyên nữa.</p><p>Ho cho rằng khi pin của smartphone đạt 100% nó sẽ tự ngừng sạc để tránh quá tải. Những viên pin trong smartphone sẽ chỉ nhận điện từ bộ sạc khi chúng xuống tới một mức nào đó dưới 100%.</p><p>&nbsp;</p><figure class=\"image\"><img src=\"http://genknews.genkcdn.vn/thumb_w/660/2019/5/2/photo-1-15567871301941803616359.jpg\" alt=\"Bạn đang sạc smartphone sai cách, đây mới là những gì các chuyên gia và chính Apple, Google khuyên bảo - Ảnh 2.\"></figure><p>&nbsp;</p><p>Nhưng cả Schulte và hầu hết các hãng smartphone đều đồng ý rằng: <strong>Khi cất giữ smartphone mà bạn không có nhu cầu sử dụng, bạn nên giữ pin của nó ở một mức nhất định, đừng để đầy 100% và cũng đừng để quá ít.</strong></p><p>Schulte chia sẻ rằng sự lão hóa của pin lithium-ion sẽ diễn ra chậm nhất ở mức 30 đến 50%. Và đây cũng là mức pin mà hầu hết hãng smartphone khuyên bạn nên để nếu muốn cất giữ một chiếc smartphone mà bạn không dùng tới.</p><p>Trên trang thông tin về pin của mình, Samsung nói rằng khi cất giữ một chiếc smartphone bạn nên giữ pin của nó ít nhất ở mức 50%. Trong khi đó, Apple tuyên bố để kéo dài tuổi thọ pin khi cất giữ iPhone, bạn nên sạc đầy một nửa dung lượng pin.</p><p><strong>Các yếu tố khác</strong></p><p>Với việc smartphone ngày càng được sử dụng cho nhiều mục đích, thật khó để chúng ta có thể duy trì pin của nó luôn ở trong khoảng 30 tới 50%. Theo Schulte, điều quan trọng nhất là bạn không nên giữ pin smartphone ở mức 100% trong thời gian dài. <i><strong>\"Bạn có thể sạc smartphone vào buổi sáng, trưa hoặc chiều và cố gắng đừng để smartphone ở mức 100% qua đêm\"</strong></i>, Schulte nói.</p><p>&nbsp;</p><figure class=\"image\"><img src=\"http://genknews.genkcdn.vn/thumb_w/660/2019/5/2/photo-1-15567871424581618387808.jpg\" alt=\"Bạn đang sạc smartphone sai cách, đây mới là những gì các chuyên gia và chính Apple, Google khuyên bảo - Ảnh 3.\"></figure><p>&nbsp;</p><p><strong>Ngoài ra, hầu hết các chuyên gia đều khuyên rằng bạn không nên để pin cạn kiệt tới 0% quá thường xuyên. Hơn nữa, hãy tránh để điện thoại ở cạnh nơi có nhiệt độ cao để đảm bảo an toàn cho cả chiếc smartphone lẫn chính bản thân bạn.</strong></p><p><strong>Sau tất cả, pin smartphone sinh ra để sử dụng nên bạn cũng đừng quá lo lắng về nó</strong></p><p>Bạn đừng quá căng thẳng. Nếu bạn có thể sạc smartphone vào buổi sáng thay vì sạc qua đêm thì thật tuyệt vời. Đây có thể là một cơ hội để bạn kiểm chứng xem việc thay đổi thói quen sạc pin có ảnh hưởng tích cực tới tuổi thọ pin của chiếc smartphone hay không.</p><p>Tuy nhiên, nếu bạn chỉ có thể sạc vào ban đêm thì cũng không sao hết bởi xét cho cùng smartphone và pin smartphone sinh ra để bạn sử dụng. Cho dù bạn sử dụng như thế nào thì chúng vẫn hao mòn và giảm tuổi thọ theo thời gian. Chỉ là, nếu bạn sử dụng cẩn thận thì tốc độ giảm tuổi thọ pin của smartphone sẽ chậm hơn mà thôi.</p>', '2019-05-04 19:51:35', 'Danh', 7, 0, 1, 'dcs'),
(13, 'Tìm ra lý do vũ khí Đội quân đất nung của Tần Thủy Hoàng vẫn sáng bóng và sắc bén sau hơn 2000 năm', 'Các chiến binh và ngựa bằng đất nung đứng bên trong hố số 1 của Bảo tàng Chiến binh và Ngựa đất nung ở Tây An, tỉnh Thiểm Tây, Trung Quốc', NULL, '<figure class=\"image\"><img src=\"https://genknews.genkcdn.vn/thumb_w/640/2019/4/26/nmterracottawarrior20-1556291625881397039789-crop-1556291631975154888406.jpg\" alt=\"Tìm ra lý do vũ khí Đội quân đất nung của Tần Thủy Hoàng vẫn sáng bóng và sắc bén sau hơn 2000 năm\"></figure><h2>Các chiến binh và ngựa bằng đất nung đứng bên trong hố số 1 của Bảo tàng Chiến binh và Ngựa đất nung ở Tây An, tỉnh Thiểm Tây, Trung Quốc</h2><p>Các nhà khoa học giải đáp bí ẩn về vũ khí nguyên sơ của Đội Quân Đất Nung của Trung Quốc</p><p>Trong nhiều thập kỷ, các nhà khoa học đã vẫn chưa thể lý giải nguyên nhân bằng cách nào mà vũ khí của đội quân đất nung trong lăng mộ của Tần Thuỷ Hoàng được bảo quản hoàn hảo đến như vậy, bề mặt chúng vẫn sáng bóng và sắc bén sau khi bị chôn vùi trong hơn hai thiên niên kỉ.</p><figure class=\"image\"><img src=\"http://genknews.genkcdn.vn/thumb_w/660/2019/4/26/photo-1-15562918224731061626683.jpg\" alt=\"Tìm ra lý do vũ khí Đội quân đất nung của Tần Thủy Hoàng vẫn sáng bóng và sắc bén sau hơn 2000 năm - Ảnh 1.\"></figure><p><i>Các chiến binh và ngựa bằng đất nung đứng bên trong hố số 1 của Bảo tàng Chiến binh và Ngựa đất nung ở Tây An, tỉnh Thiểm Tây, Trung Quốc</i></p><p>Nghiên cứu của một nhóm các nhà khoa học quốc tế được công bố hôm thứ Năm có thể giải quyết bí ẩn đồng thời đặt dấu chấm hết cho một giả thuyết hấp dẫn kéo dài trong suốt bốn thập kỉ: rằng các nghệ nhân Trung Quốc cổ đại đã sử dụng một phương pháp bảo quản tiên tiến bất ngờ, sử dụng kim loại crôm.<br>&nbsp;</p><p>Sau khi nghiên cứu 464 vũ khí và các phụ kiện bằng đồng các nhà khoa học đã đi đến kết luận các vũ khí bao gồm gương, giáo và phủ thương được bảo quản gần như hoàn hảo là do sự tình cờ - sự kết hợp giữa thành phần đất thuận lợi trong khu hầm mộ và thành phần thiếc cao trong kim loại đồng.</p><p>Các nhà khoa học khẳng định, crôm được tìm thấy trên bề mặt các vũ khí bằng đồng xuất phát từ lớp sơn mài giàu crôm được các nghệ nhân thời đó phết lên các tượng đất nung và các bộ phận của vũ khí. Họ không hề có ý định dùng crôm cho mục đích bảo quản.</p><p>Đội quân đất nung bao gồm hàng ngàn chiến binh bằng đất nung có kích thước bằng người thật, ngựa cùng với xe ngựa và vũ khí bằng đồng là một phần của lăng mộ Tần Thuỷ Hoàng – vị hoàng đế đầu tiên của Trung Quốc thống nhất, toạ lạc gần thành phố Tây An. Khu lăng mộ được phát hiện vào năm 1974 và nó đại diện cho một trong những khám phá khảo cổ vĩ đại nhất thế kỷ 20.</p><p>Các phân tích khoa học gần bốn thập kỷ trước đã phát hiện ra crôm trên bề mặt một số vũ khí, đưa ra giả thuyết rằng người xưa đã sử dụng phương pháp xử lý dựa trên crôm để ngăn chặn sự ăn mòn.</p><p>Phủ crôm, một công nghệ được phát hiện vào đầu thế kỷ 20, được sử dụng để xử lý kim loại làm cho chúng không bị ăn mòn. Kim loại sẽ được nhúng trong dung dịch chứa muối crôm. Một lớp oxit crôm được lắng đọng trên bề mặt kim loại, tạo ra một hàng rào chống gỉ.</p><p>Marcos Martinón-Torres, nhà khảo cổ học của Đại học Cambridge và ông cũng là người đứng đầu nghiên cứu được công bố trên tạp chí Scientific Reports cho biết: \"Sơn mài được quét lên đội quân đất nung như một lớp sơn lót trước khi chúng được sơn bằng màu sắc khác nhau và chúng tôi nghĩ rằng nó cũng được quét lên các bộ phận bằng gỗ đã bị phân rã như tay cầm và các trục\".</p><p>Các đồng tiền cổ bằng đồng thường có trạng thái bảo quản kém, với bề mặt xốp, rỗ có màu xanh lá cây hoặc màu tối.</p><p>Martinón-Torres, người tham gia nhóm nghiên cứu của Đại học College London phối hợp với Bảo tàng lăng mộ Tần Thuỷ Hoàng cho biết: \"Về bản chất, chúng tôi cho thấy rằng vũ khí của quân đội đất nung cho thấy tình trạng bảo quản rất tốt, nhưng hiện tại không có dấu hiệu nào cho thấy đây là bất cứ điều gì ngoài kết quả của sự tình cờ\"</p>', '2019-05-04 19:57:55', 'Danh', 6, 0, 1, 'khp');
INSERT INTO `tin` (`id_tin`, `tieude`, `mota`, `img`, `noidung`, `ngaydangtin`, `tacgia`, `solanxem`, `tinhot`, `trangthai`, `id_loaitin`) VALUES
(14, 'Trải nghiệm Google Assistant tiếng Việt: Thông minh, được việc, giọng êm nhưng đôi lúc đùa hơi nhạt', 'Ở thời điểm hiện tại, Google Assistant là trợ lý ảo đầu tiên và duy nhất mà người Việt có thể sử dụng và được hưởng lợi.', NULL, '<figure class=\"image\"><img src=\"https://genknews.genkcdn.vn/thumb_w/640/2019/5/3/dscf3549-15568600929231331645044-crop-1556860100877959390393.jpg\" alt=\"Trải nghiệm Google Assistant tiếng Việt: Thông minh, được việc, giọng êm nhưng đôi lúc đùa hơi nhạt\"></figure><h2>Ở thời điểm hiện tại, Google Assistant là trợ lý ảo đầu tiên và duy nhất mà người Việt có thể sử dụng và được hưởng lợi.</h2><p>Như thông tin đã đưa, Google mới đây đã chính thức bổ sung tiếng Việt vào danh sách những ngôn ngữ được hỗ trợ của trợ lý ảo Google Assistant.&nbsp;</p><p>Mặc dù phải đến ngày 06/05 thì buổi họp báo của Google chính thức ra mắt Assistant tiếng Việt mới diễn ra, tuy nhiên ngay từ ngày hôm nay (01/05), nhiều người dùng cho biết họ đã có thể sử dụng trợ lý ảo này. Chúng tôi cũng đã có dịp trải nghiệm Google Assistant tiếng Việt và sau đây là một số nhận xét sơ bộ:</p><p><strong>Không phải ai cũng được trải nghiệm sớm Google Assistant tiếng Việt</strong></p><p>Để có thể kích hoạt trợ lý ảo Google Assistant tiếng Việt, người dùng sẽ vào ứng dụng Google &gt; Thêm &gt; Cài đặt &gt; Trợ lý Google &gt; Trợ lý &gt; Ngôn ngữ và thêm vào \"Tiếng Việt\". Sau đó, người dùng chỉ cần giữ phím Home để gọi Google Assistant và bắt đầu nói câu lệnh.</p><figure class=\"image\"><img src=\"http://genknews.genkcdn.vn/thumb_w/660/2019/5/3/screenshot2019-05-02-16-38-09-32-15568586260171920523196.jpg\" alt=\"Trải nghiệm Google Assistant tiếng Việt: Thông minh, được việc, giọng êm nhưng đôi lúc đùa hơi nhạt - Ảnh 1.\"></figure><p><i>Thiết lập để kích hoạt Google Assistant tiếng Việt</i></p><p>Mặc dù đã có một lượng lớn người dùng có thể sử dụng Google Assistant tiếng Việt, tuy nhiên cũng có không ít người cho biết họ không tìm thấy tuỳ chọn ngôn ngữ tiếng Việt. Đây là điều hoàn toàn bình thường, do tính đến thời điểm này Google vẫn chưa chính thức tung ra Assistant tiếng Việt trên diện rộng.&nbsp;</p><p>Sau một thời gian thử nhiều cách khác nhau như đổi ngôn ngữ hệ thống, đổi vùng, khởi động lại, cập nhật ứng dụng...&nbsp;chúng tôi nhận thấy yếu tố quyết định việc có kích hoạt được Assistant hay không là tài khoản Google. Nếu như tài khoản Google của bạn may mắn được Google lựa chọn thì việc kích hoạt Assistant tiếng Việt sẽ hết sức đơn giản, còn nếu không thì cho dù bạn có thử cách nào thì nó cũng sẽ không chịu xuất hiện.&nbsp;</p><p>Trên đây là đối với người dùng Android, còn nếu bạn sử dụng iOS, bạn sẽ cần một tài khoản Apple ID Mỹ thì mới có thể tải về ứng dụng Google Assistant trên App Store. Sau đó, bạn sẽ cần đăng nhập vào tài khoản Google và trông cậy vào độ may mắn để xem tài khoản đó có nằm trong danh sách thử nghiệm của Google hay không, tương tự như trường hợp của Android.</p><p>Một lần nữa, tất cả những vấn đề trên sẽ được khắc phục khi Google chính thức công bố Assistant tại Việt Nam trong vài ngày tới.</p><p><strong>Thông minh, được việc</strong></p><p>Vậy rốt cục thì Google Assistant làm được gì? Thực tế là khá nhiều việc.</p><p>Google Assistant có thể thực hiện cuộc gọi và gửi tin nhắn rảnh tay. Tính năng này khá hữu ích, đặc biệt là với những tài xế ô tô.&nbsp;</p><figure class=\"image\"><img src=\"http://genknews.genkcdn.vn/thumb_w/660/2019/5/3/screenshot2019-05-02-16-44-45-26-155685862651632030601.jpg\" alt=\"Trải nghiệm Google Assistant tiếng Việt: Thông minh, được việc, giọng êm nhưng đôi lúc đùa hơi nhạt - Ảnh 2.\"></figure><p><i>Sử dụng Google Assistant để gọi điện và nhắn tin</i></p><p>Những công việc cơ bản của các trợ lý ảo hiện nay như nhắc việc, báo thức, hẹn giờ, dự báo thời tiết và chỉ đường cũng được Google Assistant đảm nhiệm.</p><figure class=\"image\"><img src=\"http://genknews.genkcdn.vn/thumb_w/660/2019/5/3/screenshot2019-05-02-16-48-09-22-copy-15568586265531071701720.jpg\" alt=\"Trải nghiệm Google Assistant tiếng Việt: Thông minh, được việc, giọng êm nhưng đôi lúc đùa hơi nhạt - Ảnh 3.\"></figure><p><i>Những công việc cơ bản mà mọi trợ lý ảo phải làm được</i></p><p>Đương nhiên, với thế mạnh về tìm kiếm, Google Assistant có thể trả lời những câu hỏi đến từ nhiều lĩnh vực trong đời sống. Kiến thức của Google Assistant được tổng hợp từ nhiều nguồn khác nhau, trong đó có Wikipedia và các kết quả tìm kiếm.</p><figure class=\"image\"><img src=\"http://genknews.genkcdn.vn/thumb_w/660/2019/5/3/screenshot2019-05-02-16-42-43-57-copy-1556858626503659290915.jpg\" alt=\"Trải nghiệm Google Assistant tiếng Việt: Thông minh, được việc, giọng êm nhưng đôi lúc đùa hơi nhạt - Ảnh 4.\"></figure><p><i>Tra cứu thông tin là thế mạnh của Assistant</i></p><p>Google Assistant còn có thể điều khiển trạng thái hệ thống như bật/tắt Bluetooth, chế độ im lặng, đèn pin... và khởi chạy ứng dụng được cài đặt trên smartphone.</p><figure class=\"image\"><img src=\"http://genknews.genkcdn.vn/thumb_w/660/2019/5/3/screenshot2019-05-02-16-50-18-43-1556858626556915293566.jpg\" alt=\"Trải nghiệm Google Assistant tiếng Việt: Thông minh, được việc, giọng êm nhưng đôi lúc đùa hơi nhạt - Ảnh 5.\"></figure><p><i>Google Assistant có thể bật/tắt, điều chỉnh nhanh một số tính năng của smartphone</i></p><p>Về âm nhạc, bạn có thể ra lệnh cho Google Assistant chơi nhạc trên Spotify (thực tế là Google Assistant hỗ trợ cả Google Play Music, nhưng dịch vụ nhạc này không có mặt ở VN). Không chỉ có vậy, bạn có thể yêu cầu Google Assistant nhận dạng bài hát mà bạn đang nghe ở môi trường xung quanh.</p><figure class=\"image\"><img src=\"http://genknews.genkcdn.vn/thumb_w/660/2019/5/3/screenshot2019-05-02-16-46-54-45-15568586265511078849939.jpg\" alt=\"Trải nghiệm Google Assistant tiếng Việt: Thông minh, được việc, giọng êm nhưng đôi lúc đùa hơi nhạt - Ảnh 6.\"></figure><p><i>Sử dụng Google Assistant để chơi nhạc trên Spotify và nhận diện bài hát</i></p><p>Người dùng cũng có thể yêu cầu Google Assistant dịch thuật trực tiếp từ giọng nói. So với việc phải khởi chạy ứng dụng Google Translate, sử dụng Google Assistant để dịch một số từ và câu nói đơn giản thuận tiện và nhanh chóng hơn nhiều.</p><figure class=\"image\"><img src=\"http://genknews.genkcdn.vn/thumb_w/660/2019/5/3/screenshot2019-05-02-23-23-05-87-copy-15568586265591970085522.jpg\" alt=\"Trải nghiệm Google Assistant tiếng Việt: Thông minh, được việc, giọng êm nhưng đôi lúc đùa hơi nhạt - Ảnh 7.\"></figure><p><i>Dịch thuật bằng giọng nói</i></p><p>Đối với người dùng các thiết bị Smart Home (đèn, ổ cắm, camera giám sát, loa...), Google Assistant cũng có thể điều khiển các thiết bị này bằng giọng nói.&nbsp;Với việc hỗ trợ của tiếng Việt, việc vận hành Smart Home sẽ trở nên dễ dàng và chính xác hơn nhiều. Để thảo luận về tiềm năng của Google Assistant trong việc vận hành Smart Home, các bạn có thể tham gia&nbsp;<a href=\"https://www.facebook.com/groups/784535325063755/\">group Smart Home Việt trên Facebook.</a></p><p><strong>Tai tương đối thính, giọng êm</strong></p><p>Khả năng nhận dạng ngôn ngữ tiếng Việt của Google Assistant rất tốt. Chúng tôi đã thử nghiệm với nhiều chất giọng khác nhau (nam/nữ, miền Bắc/Trung/Nam, sử dụng tiếng địa phương) và&nbsp;Google Assistant vẫn có thể nhận dạng và hiểu chuẩn xác.&nbsp;</p><p><a href=\"http://genk.vn/chi-google-co-giong-doc-moi-moi-nghe-thu-20190322150015386.chn\">Cách đây khoảng hơn 1 tháng, Google đã thay đổi giọng đọc tiếng Việt ở hầu hết các sản phẩm chủ chốt của mình (bao gồm Google Translate và chỉ đường trong Google Maps),</a>&nbsp;và nay nó cũng được sử dụng trên Assistant tiếng Việt. Chúng tôi đánh giá chất giọng của Assistant tiếng Việt rất tốt: nó tương đối tự nhiên, không máy móc, có nhấn nhá và trầm bổng. Thứ duy nhất tôi nghĩ Google cần điều chỉnh là cách thức ngắt câu, đặc biệt khi có dấu phẩy hay dấu chấm.</p><p><strong>Đôi lúc đùa hơi nhạt</strong></p>', '2019-05-04 19:59:13', 'Danh', 12, 1, 1, 'ai'),
(15, 'Facebook cho biết ứng dụng Messenger mới sẽ nhẹ bằng 1/4 bản cũ, mượt và ít tốn pin hơn nhưng chỉ có trên iOS', 'Facebook cho biết đã phải viết lại ứng dụng Messenger từ đầu để nó trở nên \"thon gọn\" hơn.', NULL, '<figure class=\"image\"><img src=\"https://genknews.genkcdn.vn/thumb_w/640/2019/5/1/screen-shot-2019-05-01-at-103123-am-3-15566814963132043375355-crop-155671057981094349416.png\" alt=\"Facebook cho biết ứng dụng Messenger mới sẽ nhẹ bằng 1/4 bản cũ, mượt và ít tốn pin hơn nhưng chỉ có trên iOS\"></figure><h2>&nbsp;</h2><p>Một trong những vấn đề mà người dùng than phiền nhiều nhất ở các ứng dụng đến từ Facebook, trong đó có ứng dụng nhắn tin Facebook Messenger, là chúng quá \"nặng\" và tiêu tốn tài nguyên. Facebook mong muốn thay đổi điều đó khi hãng đã chính thức xác nhận phiên bản tiếp theo của Messenger sẽ \"nhẹ\" hơn đáng kể so với phiên bản cũ.</p><p>Facebook cho biết phiên bản mới của Messenger có dung lượng dưới 30MB, nhỏ hơn 4 lần so với mức 127MB của phiên bản hiện tại. Nhờ sự tối ưu hoá, phiên bản mới này sẽ có tốc độ khởi động chỉ là 1.3 giây, ngoài ra nó cũng sẽ sử dụng ít pin của thiết bị hơn.&nbsp;</p><figure class=\"image\"><img src=\"http://genknews.genkcdn.vn/thumb_w/660/2019/5/1/screen-shot-2019-05-01-at-103123-am-3-15566814963132043375355.png\" alt=\"Facebook cho biết ứng dụng Messenger mới sẽ nhẹ bằng 1/4 bản cũ, mượt và ít tốn pin hơn nhưng chỉ có trên iOS - Ảnh 1.\"></figure><p>Facebook gọi dự án \"thon gọn hoá\" Messenger là <i>\"Project LightSpeed”</i>. Để đạt được những thành tích ấn tượng trên, ứng dụng Messenger đã được các kỹ sư của Facebook phát triển lại từ đầu.</p><p>Tuy nhiên, có vẻ như ứng dụng Facebook Messenger \"thon gọn\" này sẽ chỉ có mặt trên iOS. Mặc dù không công bố chính thức, nhưng theo thông tin từ <i>The Verge, </i>Facebook không có kế hoạch mang những thay đổi này lên ứng dụng Android. Thay vào đó, người dùng có thể tải về phiên bản rút gọn là Messenger Lite đã có mặt trên Play Store trong nhiều năm qua. Còn đối với người dùng iPhone và iPad, họ cũng sẽ phải chờ đợi khi Facebook nói phiên bản Messenger mới sẽ được tung ra <i>\"trong năm nay\"</i> mà không cung cấp khoảng thời gian cụ thể.</p><p>Bên cạnh việc gọt giảm dung lượng, Facebook cũng sẽ bổ sung thêm một số tính năng mới cho Messenger trong thời gian tới như tab Friends (bạn bè) chỉ hiển thị Story và nội dung được bạn bè/người thân chia sẻ, xem video cùng nhau và cả ứng dụng độc lập cho Windows và macOS.</p>', '2019-05-04 08:01:32', 'Danh', 1, 0, 1, 'stu'),
(18, 'VinFast Klara chưa giảm nhiệt sau nửa năm ra mắt nhờ các yếu tố này', 'Là thương hiệu xe máy điện đầu tiên do doanh nghiệp Việt sản xuất, VinFast Klara được yêu thích nhờ chất lượng ổn định, dịch vụ hậu mãi tốt, tính kinh tế cao.', NULL, '<p>Vào thời điểm ra mắt ngày 20/11/2018, chỉ trong ngày đầu tiên mở bán, hơn 2.000 chiếc xe máy điện và ôtô của <a href=\"https://news.zing.vn/tieu-diem/vinfast.html\">VinFast</a> thuộc lô đầu tiên đã được bán hết. Không chỉ dừng lại ở đó, trong suốt nửa năm qua, các chủ đại lý VinFast Klara trên toàn quốc ghi nhận mẫu xe này chưa bao giờ giảm nhiệt với số lượng người đặt mua lớn.</p><h3>Chất lượng ổn định</h3><p>Đầu tiên, dựa theo ý kiến từ phần lớn người dùng sau nửa năm sử dụng, VinFast Klara được đánh giá có chất lượng ổn định. Xe có khả năng vận hành tốt trong điều kiện đường sá thực tế tại các thành phố lớn như Hà Nội, TP.HCM. Xe chạy bốc, lướt đi trên đường một cách nhẹ nhàng, khả năng tăng tốc tốt, không bị giật, tạo cảm giác an toàn khi lái. Đặc biệt, khi động cơ vận hành, xe hoàn toàn không gây ra tiếng ồn.</p><p>Ưu điểm lớn nhất của VinFast Klara là khả năng lội nước vượt trội. Xe có thể dễ dàng vượt qua những đoạn đường ngập nước sâu đến nửa mét trong thời gian tương đối dài, nhưng vẫn hoạt động bình thường.</p><figure class=\"table\"><table><tbody><tr><td><figure class=\"image\"><img src=\"https://znews-photo.zadn.vn/w660/Uploaded/wyhktpu/2019_04_25/01.jpg\" alt=\"VinFast Klara chua giam nhiet sau nua nam ra mat nho cac yeu to nay hinh anh 1 \"></figure></td></tr><tr><td>Hướng đến đối tượng người dùng là nhân viên văn phòng, sinh viên, bà nội trợ… phục vụ nhu cầu di chuyển trong đô thị, nên xe sở hữu tốc độ tối đa 50km/h.</td></tr></tbody></table></figure><p>Nếu chạy với vận tốc trung bình là 30-40 km/h, xe hoàn toàn có thể chinh phục quãng đường 80 km cho một lần sạc. Trong trường hợp sử dụng đi lại cho quãng đường cố định 20-30 km, người dùng chỉ cần sạc pin 2 ngày một lần.</p><h3>Dịch vụ hậu mãi và phụ tùng thay thế</h3><p>Tiếp đến, VinFast Klara còn ghi điểm với người dùng bởi dịch vụ hậu mãi. Trong một số trường hợp, nếu xe trục trặc, hỏng hóc trên đường đi, người dùng có thể gọi trực tiếp lên tổng đài của VinFast để nhận được sự cứu trợ của nhân viên bảo dưỡng, thậm chí, khách hàng phản ánh còn được nhân viên VinFast đến tận nơi để hỗ trợ sửa chữa hay thay thế phụ tùng, vì không thể di chuyển được xe.</p><p>Trong thời gian sử dụng, khách hàng sẽ được VinFast bảo dưỡng xe miễn phí đến 7 lần tại các điểm mốc 1.000 km, 5.000 km, 10.000 km, 15.000 km, 20.000 km, 25.000 km, 30.000 km.</p><figure class=\"table\"><table><tbody><tr><td><figure class=\"image\"><img src=\"https://znews-photo.zadn.vn/w660/Uploaded/wyhktpu/2019_04_25/02.jpg\" alt=\"VinFast Klara chua giam nhiet sau nua nam ra mat nho cac yeu to nay hinh anh 2 \"></figure></td></tr><tr><td>Nhân viên bảo dưỡng sẵn sàng đến tận nhà để thay pin cho khách hàng.</td></tr></tbody></table></figure><p>Được sản xuất từ linh kiện đến từ những thương hiệu hàng đầu thế giới, điển hình như động cơ Bosch (Đức), phanh đĩa trước/sau của thương hiệu Nissin (thương hiệu Nhật Bản, sản xuất tại Việt Nam), bộ lốp không săm IRC (thương hiệu Nhật Bản, sản xuất tại Việt Nam)... VinFast Klara giúp người dùng hạn chế tối đa việc thay thế phụ tùng. Nếu cần phải thay thế, chi phí bỏ ra khá thấp so với xe xăng.</p><p>Giá thay thế phụ tùng của VinFast Klara phiên bản axit ắc quy chì chỉ dao động trong khoảng từ 400.000 đồng đến 3,45 triệu đồng, bình ắc quy axit chì có giá tầm 1 triệu đồng.</p><p>Phiên bản pin Lithium có giá phụ tùng dao động trong khoảng từ 580.000 đồng đến 20 triệu đồng, trong đó pin Lithium-ion có giá cao nhất là 20 triệu đồng. Tuy nhiên, dựa theo thông số kỹ thuật do nhà sản xuất công bố, mẫu pin này có tuổi thọ khá cao, trung bình lên đến 7,5 năm. Nếu sử dụng và sạc pin đúng cách người dùng khó có “cơ hội” thay pin.</p><h3>Tiết kiệm nhiên liệu, giảm ô nhiễm</h3><p>Thông thường, trung bình một xe máy xăng sẽ tiêu tốn hết 2,5 lít xăng cho quãng đường 100 km, tức phải bỏ ra chi phí là khoảng 50.000 đồng (theo giá xăng trung bình năm 2018), trung bình khoảng 400-500 đồng/km. Đối với xe máy điện VinFast Klara, một lần sạc đầy tiêu tốn 1.5 kWh, đi được 70 - 80 km, với chi phí tiền điện vào khoảng 2.000 đồng/kWh, chi phí cho 1 km chỉ còn ở mức 40 đồng/km, bằng 1/10 so với xe máy xăng.</p><p>Giả định mỗi ngày người sử dụng đi 20-30 km, sau 7 năm người dùng có thể tiết kiệm đến 20-30 triệu đồng tiền xăng xe. Bên cạnh đó, VinFast miễn phí bảo trì bảo dưỡng định kỳ 3 năm hoặc 30.000 km.</p><p>Xe điện không cần phải thay dầu, ít linh kiện hao mòn cũng giúp tiết kiệm hàng chục triệu đồng tiền bảo dưỡng, thay dầu, linh kiện cho người sử dụng sau 7-8 năm sử dụng.</p><figure class=\"table\"><table><tbody><tr><td><figure class=\"image\"><img src=\"https://znews-photo.zadn.vn/w660/Uploaded/wyhktpu/2019_04_25/03.jpg\" alt=\"VinFast Klara chua giam nhiet sau nua nam ra mat nho cac yeu to nay hinh anh 3 \"></figure></td></tr><tr><td>VinFast Klara được đánh giá tiết kiệm chi phí nhiên liệu hơn nhiều lần so với xe xăng.</td></tr></tbody></table></figure><p>Trước thực trạng ô nhiễm không khí ngày càng trầm trọng tại các thành phố lớn, sử dụng nguồn năng lượng sạch, không thải khí, VinFast Klara là lựa chọn phù hợp cho những khách hàng có ý thức cao trong việc bảo vệ môi trường.</p><p>Theo thống kê của WHO, mỗi ngày ở Việt Nam có tới 94 người chết do các bệnh liên quan đến ô nhiễm không khí ngoài trời, con số này gấp gần 4 lần so với số ca tử vong do tai nạn giao thông.</p><p>Cũng theo một thống kê khác, xe máy chiếm 95% về số lượng phương tiện giao thông ở Việt Nam, chỉ tiêu thụ 56% lượng xăng hàng ngày nhưng lại thải ra 94% lượng HC (gây ung thư); 87% CO (gây chóng mặt, nhức đầu, mệt mỏi); 57% NOx (Gây bệnh hô hấp, tim mạch).</p><p>Khí thải của xe máy độc hại như vậy nên việc chuyển đổi sang những phương tiện chạy điện như VinFast Klara là giải pháp cho vấn nạn ô nhiễm không khí tại đô thị Việt Nam.Phân hiệu hạng sang Genesis của Hyundai sẽ chính thức đặt chân đến Australia vào tháng 6 với mẫu sedan G80 có giá từ 49.020 USD.</p><figure class=\"table\"><table><tbody><tr><td><figure class=\"image\"><img src=\"https://znews-photo.zadn.vn/w1024/Uploaded/lce_cjvcc/2019_04_06/3425f91bgenesisg80australia6_1.jpg\" alt=\"Genesis G80 co gi de canh tranh trong phan khuc xe sang? hinh anh 1 \"></figure></td></tr><tr><td>Một trong những mẫu xe đầu tiên của phân hiệu hạng sang Genesis - chiếc G80 sẽ cập bến thị trường Australia vào tháng 6 tới. Đây là lần chạm ngõ đầu tiên của Genesis tại thị trường Australia với danh nghĩa một thương hiệu độc lập. Năm 2015, mẫu sedan G70 cũng đã đến Australia nhưng với cái tên Hyundai Genesis.</td></tr></tbody></table></figure><figure class=\"table\"><table><tbody><tr><td><figure class=\"image\"><img src=\"https://znews-photo.zadn.vn/w1024/Uploaded/lce_cjvcc/2019_04_06/c70bd767genesisg80australia3_1.jpg\" alt=\"Genesis G80 co gi de canh tranh trong phan khuc xe sang? hinh anh 2 \"></figure></td></tr><tr><td>Cung cấp sức mạnh cho Genesis G80 là động cơ V6 3.8L sản sinh công suất 311 mã lực (232 kW) và mô-men xoắn 397 Nm. Động cơ được kết nối với hộp số tự động 8 cấp và hệ dẫn động RWD. Xe sở hữu hệ thống kiểm soát chế độ lái với 4 chế độ lái là Normal, Eco, Sport và Snow.</td></tr></tbody></table></figure><figure class=\"table\"><table><tbody><tr><td><figure class=\"image\"><img src=\"https://znews-photo.zadn.vn/w1024/Uploaded/lce_cjvcc/2019_04_06/4d58ae52genesisg80australia7_1.jpg\" alt=\"Genesis G80 co gi de canh tranh trong phan khuc xe sang? hinh anh 3 \"></figure></td></tr><tr><td>Trước khi phân phối, Genesis đã thử nghiệm chiếc G80 trên mọi cung đường địa phương để điều chỉnh chiếc xe sao cho phù hợp nhất với thị trường rất đặc thù này. Do đó, chiếc xe được trang bị hệ thống treo thích ứng do Genesis phát triển, hệ thống cân bằng điện tử và giảm xóc có thể điều chỉnh điện. Giảm xóc này có thể điều chỉnh tần suất nén/bật với 100 lần/giây.</td></tr></tbody></table></figure><figure class=\"table\"><table><tbody><tr><td><figure class=\"image\"><img src=\"https://znews-photo.zadn.vn/w1024/Uploaded/lce_cjvcc/2019_04_06/0b329c9agenesisg80australia9_1.jpg\" alt=\"Genesis G80 co gi de canh tranh trong phan khuc xe sang? hinh anh 4 \"></figure></td></tr><tr><td>Genesis G80 tại thị trường Australia sẽ đi kèm gói an toàn tiêu chuẩn Active Safety Control. Gói này bao gồm các tính năng cảnh báo điểm mù, cảnh báo tài xế, cảnh báo va chạm phía trước kết hợp với hệ thống phát hiện người đi bộ và đèn pha tự động điều chỉnh góc chiếu sáng. Hệ thống cảnh báo tài xế bao gồm các cảm biến tại vô-lăng, chân ga, chân phanh. Nếu phát hiện người lái có biểu hiện buồn ngủ thì xe sẽ đưa ra cảnh báo cho người lái nghỉ ngơi.</td></tr></tbody></table></figure><figure class=\"table\"><table><tbody><tr><td><figure class=\"image\"><img src=\"https://znews-photo.zadn.vn/w1024/Uploaded/lce_cjvcc/2019_04_06/89b00948genesisg80australia5_1.jpg\" alt=\"Genesis G80 co gi de canh tranh trong phan khuc xe sang? hinh anh 5 \"></figure></td></tr><tr><td>Các công nghệ khác trên xe bao gồm cảnh báo lệch làn đường, dây an toàn chủ động (rung để cảnh báo), cảnh báo va chạm phía sau, kiểm soát hành trình thông minh, camera 360 độ, hỗ trợ đỗ xe, cảnh báo áp suất lốp và 9 túi khí xung quanh xe.</td></tr></tbody></table></figure><figure class=\"table\"><table><tbody><tr><td><figure class=\"image\"><img src=\"https://znews-photo.zadn.vn/w1024/Uploaded/lce_cjvcc/2019_04_06/bf61c0d5genesisg80australia4_1.jpg\" alt=\"Genesis G80 co gi de canh tranh trong phan khuc xe sang? hinh anh 6 \"></figure></td></tr><tr><td>Tại Australia, G80 có 2 phiên bản. Bản tiêu chuẩn G80 3.8 có giá từ&nbsp;49.020 USD, đi kèm với màn hình thông tin giải trí 9,2 inch độ phân giải HD, hệ thống âm thanh 17 loa của Lexicon, sạc điện thoại không dây và cụm đèn pha LED.</td></tr></tbody></table></figure><figure class=\"table\"><table><tbody><tr><td><figure class=\"image\"><img src=\"https://znews-photo.zadn.vn/w1024/Uploaded/lce_cjvcc/2019_04_06/5892b9c2genesisg80australia8_1.jpg\" alt=\"Genesis G80 co gi de canh tranh trong phan khuc xe sang? hinh anh 7 \"></figure></td></tr><tr><td>Bản G80 3.0 Ultimate có giá từ&nbsp;63.250 USD&nbsp;sẽ đi kèm với bộ vành hợp kim 19 inch, vô-lăng sưởi ấm, cửa sổ trời toàn cảnh bằng kính, màn hình HUD và bảng đồng hồ 7 inch.</td></tr></tbody></table></figure><figure class=\"table\"><table><tbody><tr><td><figure class=\"image\"><img src=\"https://znews-photo.zadn.vn/w1024/Uploaded/lce_cjvcc/2019_04_06/4bf4db10genesisg80australia1_1.jpg\" alt=\"Genesis G80 co gi de canh tranh trong phan khuc xe sang? hinh anh 8 \"></figure></td></tr><tr><td>Khách hàng có thể trang bị thêm gói tùy chọn Sport Design package giá&nbsp;4.000 USD&nbsp;cho cả 2 phiên bản. Gói này sẽ trang bị thêm một vài chi tiết thể thao cho cả ngoại và nội thất. Genesis G80 sẽ cạnh tranh với Lexus ES 350, Acura TLX, Infiniti Q70 và cả những đối thủ sừng sỏ đến từ Đức như Mercedes-Benz E-Class, BMW 5-Series và Audi A6.</td></tr></tbody></table></figure>', '2019-05-05 18:35:08', 'Quân', NULL, 0, 1, 'mx'),
(20, 'Tính năng Apple loại bỏ 2 năm trước sẽ trở lại trên iPhone 11', 'Một bằng sáng chế mới đây cho thấy Apple có thể mang tính năng mở khoá bằng vân tay Touch ID trở lại trên iPhone, với nhiều nâng cấp mạnh mẽ.', NULL, '<p>Phải đến tháng 9, <a href=\"https://news.zing.vn/tieu-diem/iphone.html\">iPhone</a> 11 mới chính thức được phát hành. Tuy nhiên, một bằng sáng chế của <a href=\"https://news.zing.vn/tieu-diem/cong-ty-apple.html\">Apple</a> đã gợi ý về tính năng bảo mật nhiều khả năng xuất hiện trên mẫu điện thoại này.</p><p><i>Cnet&nbsp;</i>dẫn nguồn từ&nbsp;<i>Patently Apple</i>, cho biết công ty có trụ sở tại Cupertino đang phát triển công nghệ cảm biến vân tay mới. Bằng sáng chế được cấp hôm thứ ba 30/4, cho thấy người dùng có thể chạm vào bất cứ vị trí nào trên màn hình để mở khóa.</p><p>Touch ID truyền thống, xuất hiện lần đầu trên iPhone 5S năm 2013, chỉ hoạt động với nút Home. Bản nâng cấp lần này sẽ sử dụng công nghệ ghi nhận hình ảnh bằng sóng để tái lập bản đồ vân tay người dùng, mở rộng khả năng nhận diện trên một phạm vi lớn hơn.</p><figure class=\"table\"><table><tbody><tr><td><figure class=\"image\"><img src=\"https://znews-photo.zadn.vn/w660/Uploaded/pcckpqmv/2019_05_02/6a0120a5580826970c0240a458cfa8200c.jpg\" alt=\"Tinh nang Apple loai bo 2 nam truoc se tro lai tren iPhone 11 hinh anh 1 \"></figure></td></tr><tr><td>Bằng sáng chế cho thấy công nghệ nhận diện mới. Ảnh: <i>Patently Apple.</i></td></tr></tbody></table></figure><p>Bằng sáng chế mới của Apple rất giống với công nghệ vân tay siêu âm mà Qualcomm đã tích hợp vào nền tảng chip Snapdragon 855. <a href=\"https://news.zing.vn/tieu-diem/galaxy-s10.html\">Galaxy S10</a> của Samsung là dòng sản phẩm nổi tiếng nhất áp dụng công nghệ này.</p><p><i>Patenly Apple</i> cho biết hệ thống này cũng có thể lập bản đồ tai và má của người dùng. Bản đồ này sẽ phục vụ cho việc nâng cao trải nghiệm đàm thoại, khi iPhone xác minh được ai đang thực hiện cuộc gọi.</p><p>Đây không phải lần đầu Táo khuyết nghĩ đến việc bổ sung công nghệ siêu âm vào iPhone. Trong một bằng sáng chế năm 2016, công ty đã lên kế hoạch tạo ra chiếc điện thoại không viền, nút bấm hoặc bất cứ điểm dư thừa nào ở mặt trước. Để làm được điều đó, Apple buộc phải tìm giải pháp thay thế Touch ID, lúc bấy giờ được đặt trên nút home.</p><p>Đã có những tin đồn về việc Apple mang công nghệ vân tay dưới màn hình lên mẫu iPhone kỷ niệm 10 năm của mình. Nhưng hãng đã không làm vậy. iPhone X được trang bị một hệ thống nhận diện gương mặt Face ID hoàn toàn mới.</p><figure class=\"table\"><table><tbody><tr><td><figure class=\"image\"><img src=\"https://znews-photo.zadn.vn/w660/Uploaded/pcckpqmv/2019_05_02/download_1.jpeg\" alt=\"Tinh nang Apple loai bo 2 nam truoc se tro lai tren iPhone 11 hinh anh 2 \"></figure></td></tr><tr><td>Từng bị thay thế bởi Face ID hồi năm 2017, Touch ID sẽ có sự trở lại ngoạn mục? Ảnh: <i>Reuters.</i></td></tr></tbody></table></figure><p>Theo <i>Gizmodo</i>, có vẻ thiếu chính xác khi đánh giá sự hồi sinh Touch ID là một trường hợp “đi lùi” của Apple. Công ty này thường không có lợi thế tiên phong, mà nổi tiếng nhờ làm tốt và hoàn thiện những gì có sẵn. Công nghệ quét vân tay dưới màn hình được mô tả trong bằng sáng chế mới từ Apple là rất tinh vi và đa năng, vượt trên bất kỳ công nghệ mở khóa vân tay nào từng được sử dụng trước đó.</p><p>Apple từ chối bình luận về tin đồn, một phát ngôn viên của công ty phản hồi với báo chí qua email. Nhưng câu hỏi lớn là công nghệ trên sẽ được áp dụng lên iPhone 11, khi chính thức ra mắt cuối năm nay, hay trên một mẫu iPhone nào khác trong tương lai.</p><p>Dù sao, bằng sáng chế này cũng không đồng nghĩa với việc loại trừ hoàn toàn Face ID và thiết kế tai thỏ. Như trên một số thiết bị Android hiện nay, mở khóa bằng khuôn mặt và mở khóa vân tay vẫn có thể cùng tồn tại trên một thiết bị.Vào thời điểm ra mắt ngày 20/11/2018, chỉ trong ngày đầu tiên mở bán, hơn 2.000 chiếc xe máy điện và ôtô của <a href=\"https://news.zing.vn/tieu-diem/vinfast.html\">VinFast</a> thuộc lô đầu tiên đã được bán hết. Không chỉ dừng lại ở đó, trong suốt nửa năm qua, các chủ đại lý VinFast Klara trên toàn quốc ghi nhận mẫu xe này chưa bao giờ giảm nhiệt với số lượng người đặt mua lớn.</p><h3>Chất lượng ổn định</h3><p>Đầu tiên, dựa theo ý kiến từ phần lớn người dùng sau nửa năm sử dụng, VinFast Klara được đánh giá có chất lượng ổn định. Xe có khả năng vận hành tốt trong điều kiện đường sá thực tế tại các thành phố lớn như Hà Nội, TP.HCM. Xe chạy bốc, lướt đi trên đường một cách nhẹ nhàng, khả năng tăng tốc tốt, không bị giật, tạo cảm giác an toàn khi lái. Đặc biệt, khi động cơ vận hành, xe hoàn toàn không gây ra tiếng ồn.</p><p>Ưu điểm lớn nhất của VinFast Klara là khả năng lội nước vượt trội. Xe có thể dễ dàng vượt qua những đoạn đường ngập nước sâu đến nửa mét trong thời gian tương đối dài, nhưng vẫn hoạt động bình thường.</p><figure class=\"table\"><table><tbody><tr><td><figure class=\"image\"><img src=\"https://znews-photo.zadn.vn/w660/Uploaded/wyhktpu/2019_04_25/01.jpg\" alt=\"VinFast Klara chua giam nhiet sau nua nam ra mat nho cac yeu to nay hinh anh 1 \"></figure></td></tr><tr><td>Hướng đến đối tượng người dùng là nhân viên văn phòng, sinh viên, bà nội trợ… phục vụ nhu cầu di chuyển trong đô thị, nên xe sở hữu tốc độ tối đa 50km/h.</td></tr></tbody></table></figure><p>Nếu chạy với vận tốc trung bình là 30-40 km/h, xe hoàn toàn có thể chinh phục quãng đường 80 km cho một lần sạc. Trong trường hợp sử dụng đi lại cho quãng đường cố định 20-30 km, người dùng chỉ cần sạc pin 2 ngày một lần.</p><h3>Dịch vụ hậu mãi và phụ tùng thay thế</h3><p>Tiếp đến, VinFast Klara còn ghi điểm với người dùng bởi dịch vụ hậu mãi. Trong một số trường hợp, nếu xe trục trặc, hỏng hóc trên đường đi, người dùng có thể gọi trực tiếp lên tổng đài của VinFast để nhận được sự cứu trợ của nhân viên bảo dưỡng, thậm chí, khách hàng phản ánh còn được nhân viên VinFast đến tận nơi để hỗ trợ sửa chữa hay thay thế phụ tùng, vì không thể di chuyển được xe.</p><p>Trong thời gian sử dụng, khách hàng sẽ được VinFast bảo dưỡng xe miễn phí đến 7 lần tại các điểm mốc 1.000 km, 5.000 km, 10.000 km, 15.000 km, 20.000 km, 25.000 km, 30.000 km.</p><figure class=\"table\"><table><tbody><tr><td><figure class=\"image\"><img src=\"https://znews-photo.zadn.vn/w660/Uploaded/wyhktpu/2019_04_25/02.jpg\" alt=\"VinFast Klara chua giam nhiet sau nua nam ra mat nho cac yeu to nay hinh anh 2 \"></figure></td></tr><tr><td>Nhân viên bảo dưỡng sẵn sàng đến tận nhà để thay pin cho khách hàng.</td></tr></tbody></table></figure><p>Được sản xuất từ linh kiện đến từ những thương hiệu hàng đầu thế giới, điển hình như động cơ Bosch (Đức), phanh đĩa trước/sau của thương hiệu Nissin (thương hiệu Nhật Bản, sản xuất tại Việt Nam), bộ lốp không săm IRC (thương hiệu Nhật Bản, sản xuất tại Việt Nam)... VinFast Klara giúp người dùng hạn chế tối đa việc thay thế phụ tùng. Nếu cần phải thay thế, chi phí bỏ ra khá thấp so với xe xăng.</p><p>Giá thay thế phụ tùng của VinFast Klara phiên bản axit ắc quy chì chỉ dao động trong khoảng từ 400.000 đồng đến 3,45 triệu đồng, bình ắc quy axit chì có giá tầm 1 triệu đồng.</p><p>Phiên bản pin Lithium có giá phụ tùng dao động trong khoảng từ 580.000 đồng đến 20 triệu đồng, trong đó pin Lithium-ion có giá cao nhất là 20 triệu đồng. Tuy nhiên, dựa theo thông số kỹ thuật do nhà sản xuất công bố, mẫu pin này có tuổi thọ khá cao, trung bình lên đến 7,5 năm. Nếu sử dụng và sạc pin đúng cách người dùng khó có “cơ hội” thay pin.</p><h3>Tiết kiệm nhiên liệu, giảm ô nhiễm</h3><p>Thông thường, trung bình một xe máy xăng sẽ tiêu tốn hết 2,5 lít xăng cho quãng đường 100 km, tức phải bỏ ra chi phí là khoảng 50.000 đồng (theo giá xăng trung bình năm 2018), trung bình khoảng 400-500 đồng/km. Đối với xe máy điện VinFast Klara, một lần sạc đầy tiêu tốn 1.5 kWh, đi được 70 - 80 km, với chi phí tiền điện vào khoảng 2.000 đồng/kWh, chi phí cho 1 km chỉ còn ở mức 40 đồng/km, bằng 1/10 so với xe máy xăng.</p><p>Giả định mỗi ngày người sử dụng đi 20-30 km, sau 7 năm người dùng có thể tiết kiệm đến 20-30 triệu đồng tiền xăng xe. Bên cạnh đó, VinFast miễn phí bảo trì bảo dưỡng định kỳ 3 năm hoặc 30.000 km.</p><p>Xe điện không cần phải thay dầu, ít linh kiện hao mòn cũng giúp tiết kiệm hàng chục triệu đồng tiền bảo dưỡng, thay dầu, linh kiện cho người sử dụng sau 7-8 năm sử dụng.</p><figure class=\"table\"><table><tbody><tr><td><figure class=\"image\"><img src=\"https://znews-photo.zadn.vn/w660/Uploaded/wyhktpu/2019_04_25/03.jpg\" alt=\"VinFast Klara chua giam nhiet sau nua nam ra mat nho cac yeu to nay hinh anh 3 \"></figure></td></tr><tr><td>VinFast Klara được đánh giá tiết kiệm chi phí nhiên liệu hơn nhiều lần so với xe xăng.</td></tr></tbody></table></figure><p>Trước thực trạng ô nhiễm không khí ngày càng trầm trọng tại các thành phố lớn, sử dụng nguồn năng lượng sạch, không thải khí, VinFast Klara là lựa chọn phù hợp cho những khách hàng có ý thức cao trong việc bảo vệ môi trường.</p><p>Theo thống kê của WHO, mỗi ngày ở Việt Nam có tới 94 người chết do các bệnh liên quan đến ô nhiễm không khí ngoài trời, con số này gấp gần 4 lần so với số ca tử vong do tai nạn giao thông.</p><p>Cũng theo một thống kê khác, xe máy chiếm 95% về số lượng phương tiện giao thông ở Việt Nam, chỉ tiêu thụ 56% lượng xăng hàng ngày nhưng lại thải ra 94% lượng HC (gây ung thư); 87% CO (gây chóng mặt, nhức đầu, mệt mỏi); 57% NOx (Gây bệnh hô hấp, tim mạch).</p><p>Khí thải của xe máy độc hại như vậy nên việc chuyển đổi sang những phương tiện chạy điện như VinFast Klara là giải pháp cho vấn nạn ô nhiễm không khí tại đô thị Việt Nam.Phân hiệu hạng sang Genesis của Hyundai sẽ chính thức đặt chân đến Australia vào tháng 6 với mẫu sedan G80 có giá từ 49.020 USD.</p><figure class=\"table\"><table><tbody><tr><td><figure class=\"image\"><img src=\"https://znews-photo.zadn.vn/w1024/Uploaded/lce_cjvcc/2019_04_06/3425f91bgenesisg80australia6_1.jpg\" alt=\"Genesis G80 co gi de canh tranh trong phan khuc xe sang? hinh anh 1 \"></figure></td></tr><tr><td>Một trong những mẫu xe đầu tiên của phân hiệu hạng sang Genesis - chiếc G80 sẽ cập bến thị trường Australia vào tháng 6 tới. Đây là lần chạm ngõ đầu tiên của Genesis tại thị trường Australia với danh nghĩa một thương hiệu độc lập. Năm 2015, mẫu sedan G70 cũng đã đến Australia nhưng với cái tên Hyundai Genesis.</td></tr></tbody></table></figure><figure class=\"table\"><table><tbody><tr><td><figure class=\"image\"><img src=\"https://znews-photo.zadn.vn/w1024/Uploaded/lce_cjvcc/2019_04_06/c70bd767genesisg80australia3_1.jpg\" alt=\"Genesis G80 co gi de canh tranh trong phan khuc xe sang? hinh anh 2 \"></figure></td></tr><tr><td>Cung cấp sức mạnh cho Genesis G80 là động cơ V6 3.8L sản sinh công suất 311 mã lực (232 kW) và mô-men xoắn 397 Nm. Động cơ được kết nối với hộp số tự động 8 cấp và hệ dẫn động RWD. Xe sở hữu hệ thống kiểm soát chế độ lái với 4 chế độ lái là Normal, Eco, Sport và Snow.</td></tr></tbody></table></figure><figure class=\"table\"><table><tbody><tr><td><figure class=\"image\"><img src=\"https://znews-photo.zadn.vn/w1024/Uploaded/lce_cjvcc/2019_04_06/4d58ae52genesisg80australia7_1.jpg\" alt=\"Genesis G80 co gi de canh tranh trong phan khuc xe sang? hinh anh 3 \"></figure></td></tr><tr><td>Trước khi phân phối, Genesis đã thử nghiệm chiếc G80 trên mọi cung đường địa phương để điều chỉnh chiếc xe sao cho phù hợp nhất với thị trường rất đặc thù này. Do đó, chiếc xe được trang bị hệ thống treo thích ứng do Genesis phát triển, hệ thống cân bằng điện tử và giảm xóc có thể điều chỉnh điện. Giảm xóc này có thể điều chỉnh tần suất nén/bật với 100 lần/giây.</td></tr></tbody></table></figure><figure class=\"table\"><table><tbody><tr><td><figure class=\"image\"><img src=\"https://znews-photo.zadn.vn/w1024/Uploaded/lce_cjvcc/2019_04_06/0b329c9agenesisg80australia9_1.jpg\" alt=\"Genesis G80 co gi de canh tranh trong phan khuc xe sang? hinh anh 4 \"></figure></td></tr><tr><td>Genesis G80 tại thị trường Australia sẽ đi kèm gói an toàn tiêu chuẩn Active Safety Control. Gói này bao gồm các tính năng cảnh báo điểm mù, cảnh báo tài xế, cảnh báo va chạm phía trước kết hợp với hệ thống phát hiện người đi bộ và đèn pha tự động điều chỉnh góc chiếu sáng. Hệ thống cảnh báo tài xế bao gồm các cảm biến tại vô-lăng, chân ga, chân phanh. Nếu phát hiện người lái có biểu hiện buồn ngủ thì xe sẽ đưa ra cảnh báo cho người lái nghỉ ngơi.</td></tr></tbody></table></figure><figure class=\"table\"><table><tbody><tr><td><figure class=\"image\"><img src=\"https://znews-photo.zadn.vn/w1024/Uploaded/lce_cjvcc/2019_04_06/89b00948genesisg80australia5_1.jpg\" alt=\"Genesis G80 co gi de canh tranh trong phan khuc xe sang? hinh anh 5 \"></figure></td></tr><tr><td>Các công nghệ khác trên xe bao gồm cảnh báo lệch làn đường, dây an toàn chủ động (rung để cảnh báo), cảnh báo va chạm phía sau, kiểm soát hành trình thông minh, camera 360 độ, hỗ trợ đỗ xe, cảnh báo áp suất lốp và 9 túi khí xung quanh xe.</td></tr></tbody></table></figure><figure class=\"table\"><table><tbody><tr><td><figure class=\"image\"><img src=\"https://znews-photo.zadn.vn/w1024/Uploaded/lce_cjvcc/2019_04_06/bf61c0d5genesisg80australia4_1.jpg\" alt=\"Genesis G80 co gi de canh tranh trong phan khuc xe sang? hinh anh 6 \"></figure></td></tr><tr><td>Tại Australia, G80 có 2 phiên bản. Bản tiêu chuẩn G80 3.8 có giá từ&nbsp;49.020 USD, đi kèm với màn hình thông tin giải trí 9,2 inch độ phân giải HD, hệ thống âm thanh 17 loa của Lexicon, sạc điện thoại không dây và cụm đèn pha LED.</td></tr></tbody></table></figure><figure class=\"table\"><table><tbody><tr><td><figure class=\"image\"><img src=\"https://znews-photo.zadn.vn/w1024/Uploaded/lce_cjvcc/2019_04_06/5892b9c2genesisg80australia8_1.jpg\" alt=\"Genesis G80 co gi de canh tranh trong phan khuc xe sang? hinh anh 7 \"></figure></td></tr><tr><td>Bản G80 3.0 Ultimate có giá từ&nbsp;63.250 USD&nbsp;sẽ đi kèm với bộ vành hợp kim 19 inch, vô-lăng sưởi ấm, cửa sổ trời toàn cảnh bằng kính, màn hình HUD và bảng đồng hồ 7 inch.</td></tr></tbody></table></figure><figure class=\"table\"><table><tbody><tr><td><figure class=\"image\"><img src=\"https://znews-photo.zadn.vn/w1024/Uploaded/lce_cjvcc/2019_04_06/4bf4db10genesisg80australia1_1.jpg\" alt=\"Genesis G80 co gi de canh tranh trong phan khuc xe sang? hinh anh 8 \"></figure></td></tr><tr><td>Khách hàng có thể trang bị thêm gói tùy chọn Sport Design package giá&nbsp;4.000 USD&nbsp;cho cả 2 phiên bản. Gói này sẽ trang bị thêm một vài chi tiết thể thao cho cả ngoại và nội thất. Genesis G80 sẽ cạnh tranh với Lexus ES 350, Acura TLX, Infiniti Q70 và cả những đối thủ sừng sỏ đến từ Đức như Mercedes-Benz E-Class, BMW 5-Series và Audi A6.</td></tr></tbody></table></figure>', '2019-05-05 18:36:33', 'Quân', 2, 0, 1, 'ai'),
(21, 'Câu chuyện đằng sau nụ cười đau khổ nổi tiếng nhất Internet', 'Ngoài việc là một cầu thủ bóng rổ nổi tiếng, Yao Ming còn là gương mặt \"thân quen\" của cộng đồng mạng với hình ảnh \"dở khóc dở cười\" của mình.', NULL, '<p>Nếu là người sử dụng các nền tảng mạng xã hội như Facebook, bạn hẳn đã nhìn thấy bức ảnh này.</p><figure class=\"table\"><table><tbody><tr><td><figure class=\"image\"><img src=\"https://znews-photo.zadn.vn/w1440/Uploaded/pcckpqmv/2019_04_30/YaoMingMeme.jpg\" alt=\"Cau chuyen dang sau nu cuoi dau kho noi tieng nhat Internet hinh anh 1 \"></figure></td></tr><tr><td>Bạn đã nhìn thấy gương mặt này đâu đó, đúng không? Ảnh: <i>Know Your Meme.</i></td></tr></tbody></table></figure><p>Theo thời gian, mức độ phổ biến của “Thánh Troll” càng được mở rộng. Những người với đầu óc hài hước có thể nghĩ ra vô số câu chuyện và cảm xúc để gán ghép.</p><p>Nhưng có bao giờ bạn tự hỏi anh chàng xui xẻo nào đã trở thành “nạn nhân bất đắc dĩ” của cộng đồng mạng như vậy? Hay ai đã sử dụng meme này lần đầu?</p><h3><strong>Từ một buổi họp báo</strong></h3><p>Ảnh hoạt hình trên được tạo ra và đăng tải bởi một người dùng Reddit từ tháng 7/2010. Ở thời điểm đó, tài khoản Downlow đã xuất bản một loạt những bức ảnh, nhưng chỉ có “Thánh Troll” là nhận được sự quan tâm từ cộng đồng mạng.</p><p>Trong số những bình luận hồi đáp, tài khoản Alkalait đã đặt cho bức ảnh cái tên đầu tiên - “Bitch please”. Theo từ điển <i>Urban Dictionary</i>, từ lóng này có đến 15 nghĩa. Phần lớn đều chỉ thái độ không đồng tình một cách bất lực, như tiếng Việt hay nói “Thôi bỏ đi”.</p><p>Cuối tháng 8 cùng năm, meme này được cập nhật vào một chủ đề của tài khoản chuyên chế ảnh “f7u12”. Kể từ thời điểm đó, “Bitch Please” liên tục xuất hiện trong nhiều cuộc trò chuyện của Reddit. Mãi đến giữa năm 2011, nó mới bắt đầu lan truyền sang các nền tảng mạng xã hội khác như <a href=\"https://news.zing.vn/tieu-diem/tumblr.html\">Tumblr</a>, FunnyJunk hay Facebook.</p><p>Trong cùng chủ đề Reddit, tác giả Downlow xác nhận bản vẽ của anh được dựa trên ảnh chụp một video họp báo từ năm 2009. Trong đó, cầu thủ bóng rổ Yao Ming và Ron Artest gặp gỡ giới truyền thông sau trận playoff của Giải Bóng rổ Nhà nghề Mỹ (NBA).</p><figure class=\"table\"><table><tbody><tr><td><figure class=\"image\"><img src=\"https://znews-photo.zadn.vn/w1440/Uploaded/pcckpqmv/2019_04_30/yaomemegfx.jpg\" alt=\"Cau chuyen dang sau nu cuoi dau kho noi tieng nhat Internet hinh anh 2 \"></figure></td></tr><tr><td>Gương mặt thực tế của Yao Ming trong buổi họp báo trông không khác mấy so với phiên bản vẽ lại. Ảnh: <i>Sport Illustrated.</i></td></tr></tbody></table></figure><p>Trả lời phỏng vấn, Ron Artest kể lại rằng lúc chiến thắng trận đấu, một người trong đám đông đã mời anh uống bia. Anh cho biết sẽ vui vẻ uống nó nếu không có máy ảnh xung quanh. Nghe thấy câu trả lời này từ đồng đội, Yao Ming đã cười lớn đến mức thu hút sự chú ý của Downlow.</p><p>Và đó là cách meme \"Thánh Troll\" ra đời. Gương mặt của Yao Ming cũng trở thành một trong những ảnh chế đầu tiên liên quan tới người nổi tiếng.</p><h3><strong>Yao Ming - Huyền thoại bóng rổ Trung Quốc</strong></h3><p>Sinh ngày 12/9/1980 tại Thượng Hải, Trung Quốc, Yao Ming là cầu thủ cao nhất từng chơi cho NBA (2,29 m) với cân nặng 141 kg. Dù đã đạt nhiều giải thưởng danh giá, song anh phải giã từ sự nghiệp vào năm 2011 vì chịu những chấn thương khác nhau.</p><figure class=\"table\"><table><tbody><tr><td><figure class=\"image\"><img src=\"https://znews-photo.zadn.vn/w1440/Uploaded/pcckpqmv/2019_04_30/yaoming15.jpg\" alt=\"Cau chuyen dang sau nu cuoi dau kho noi tieng nhat Internet hinh anh 3 \"></figure></td></tr><tr><td>Yao Ming là tuyển thủ cao nhất từng chơi tại NBA. Ảnh: <i>Buzznick.</i></td></tr></tbody></table></figure><p>Khi còn thi đấu, chiều cao của Yao Ming gây ấn tượng đến nỗi tuyển bóng rổ Mỹ từng cá cược triệu USD xem ai có thể dunk (úp rổ) trên đầu cầu thủ này. Anh chính là huyền thoại NBA xuất sắc nhất của bóng rổ Trung Quốc cho đến hiện tại.</p><p>Yao Ming đã từ bỏ việc học hành để tham gia con đường bóng rổ chuyên nghiệp từ năm 17 tuổi. Vì vậy, khi giải nghệ, anh quyết định quay lại trường đại học để thực hiện lời hứa lúc trẻ với bố mẹ. Sau 7 năm dùi mài kinh sử, Yao Ming cũng đã tốt nghiệp vào năm ngoái ở độ tuổi 38.</p><p>Việc trở thành một trong những gương mặt được cộng đồng mạng nhận ra nhiều nhất có lẽ không ảnh hưởng quá nhiều đến cuộc sống của Yao Ming. Bởi trước đó, anh vốn đã nổi tiếng và có nhiều thành tựu riêng cho mình.</p><figure class=\"table\"><table><tbody><tr><td><figure class=\"image\"><img src=\"https://znews-photo.zadn.vn/w1440/Uploaded/pcckpqmv/2019_04_30/34cb25d2f183486f60a4dbb235cdde41.jpg\" alt=\"Cau chuyen dang sau nu cuoi dau kho noi tieng nhat Internet hinh anh 4 \"></figure></td></tr><tr><td>Cựu cầu thủ bóng rổ còn là đại sứ của Trung Quốc trong cuộc đua giành quyền đăng cai Olympic 2022. Ảnh: <i>SCMP.</i></td></tr></tbody></table></figure><p>Tuy đã giải nghệ, cầu thủ bóng rổ này vẫn trở thành một phần của văn hoá đại chúng Trung Quốc. Anh từng xuất hiện trong cuộc đua giành quyền đăng cai Olympic Mùa Đông 2022 với vai trò đại sứ hồi 2014. Năm đó, Bắc Kinh đã chiến thắng, trở thành thành phố duy nhất tổ chức cả thế vận hội mùa hè và mùa đông trong lịch sử.</p><p>Hiện nay, khi thế giới meme đã phát triển với nhiều trò vui mới, gương mặt hài hước của Yao Ming vẫn thuộc top những meme được sử dụng nhiều nhất trong 2 thập kỷ hoàng kim của Internet. Đối với cộng đồng mạng hiện nay, ở đâu có \"đau khổ\", ở đó vẫn sẽ có biểu cảm “dở khóc dở cười” của Yao Ming.</p>', '2019-05-05 18:38:46', 'Quân', 2, 0, 1, 'inter'),
(24, 'Samsung đang tìm cách \'khai tử\' camera điện thoại truyền thống', 'Là thương hiệu xe máy điện đầu tiên do doanh nghiệp Việt sản xuất, VinFast Klara được yêu thích nhờ chất lượng ổn định, dịch vụ hậu mãi tốt, tính kinh tế cao.', NULL, '<p>Lúc này, các hãng điện thoại đang tìm cách cải tiến màn hình và thiết kế. Để đạt được thiết kế tràn viền nhất có thể, các hãng phải điều chỉnh vị trí cụm camera trước, dẫn đến những thiết kế camera pop-up, khoét lỗ, giọt nước và thậm chí là camera trượt. Tuy nhiên, chưa có phương án nào thực sự tối ưu.</p><p>Gần đây, báo chí Hàn Quốc cho biết <a href=\"https://news.zing.vn/tieu-diem/cong-ty-samsung.html\">Samsung</a> đang trong quá trình sáng tạo công nghệ màn hình “tràn viền tuyệt đối”. Ông Yang Buyng-duk, Phó Giám đốc mảng nghiên cứu màn hình của hãng, cũng đã xác nhận thông tin này vài tuần trước.</p><p>Khi những tin đồn về việc Samsung đặt cảm biến và camera bên dưới màn hình bắt đầu xuất hiện, nhiều người đã tưởng tượng nó sẽ mang lại một không gian hiển thị liền mạch. Nhưng kết quả vẫn chỉ dừng lại ở màn hình Infinity-O như chúng ta thấy hiện nay.</p><figure class=\"table\"><table><tbody><tr><td><figure class=\"image\"><img src=\"https://znews-photo.zadn.vn/w660/Uploaded/pcckpqmv/2019_05_04/samsunggalaxys10sg301280x720.jpg\" alt=\"Samsung dang tim cach \'khai tu\' camera dien thoai truyen thong hinh anh 1 \"></figure></td></tr><tr><td>Màn hình Infinity-O. Ảnh: <i>Slashgear.</i></td></tr></tbody></table></figure><p>Ngay cả chính Samsung cũng thừa nhận rằng việc “khoan” một lỗ trên màn hình OLED là vô cùng khó khăn, song đây là lựa chọn tốt nhất của hãng ở thời điểm bấy giờ. Tuy nhiên, với mục tiêu xoá bỏ \"tai thỏ\" và \"lỗ khoét\", tất cả những linh kiện ở mặt trước sẽ được mang xuống dưới tấm nền hiển thị. Việc này giúp Samsung có được màn hình đạt 100% tỷ lệ mặt trước mà vẫn đảm bảo trải nghiệm nhìn hoàn hảo cho thiết bị.</p><p>Màn hình vẫn sẽ dùng để hiển thị thông tin như bình thường. Nhưng khi tính năng chụp ảnh được kích hoạt, tấm nền hiển thị sẽ trở nên trong suốt, cho phép người dùng có thể chụp ảnh bằng camera bên dưới.</p><p>“Tuy chưa thể thương mại hoá trong 1-2 năm tới, công nghệ này vẫn hứa hẹn có thể tiến xa hơn tới khi nào lỗ khoét camera biến mất hoàn toàn”, ông Yang nói.</p><p>Ông cũng cho biết Samsung đang phát triển màn hình OLED Crystal Sound, gộp chung tấm nền hiển thị với loa ngoài như cách LG đã làm trên chiếc G8 ThinQ. Các smartphone trong tương lai cũng sẽ có khả năng quét vân tay siêu âm ở bất cứ đâu trên màn hình, thay vì bị giới hạn ở một vài vị trí nhất định.</p><p>Video sẽ chạy sau<strong>2</strong>Hủy<a href=\"https://news.zing.vn/video-trai-nghiem-galaxy-s10-5g-tai-viet-nam-post933674.html\"><strong>Trải nghiệm Galaxy S10 5G tại Việt Nam</strong></a> Galaxy S10 5G được xách tay về Việt Nam với giá 26 triệu đồng. Model này có màn hình lớn 6,7 inch, 4 camera sau.</p>', '2019-05-05 18:43:41', 'Quân', NULL, 0, 1, 'lx'),
(25, 'Mỹ tìm thấy F-35 gặp nạn của Nhật Bản, phi công vẫn bặt vô âm tín', 'Nhiều mảnh vỡ từ máy bay F-35 của Nhật Bản rơi ở Thái Bình Dương đã được định vị và đang được thu hồi.', NULL, '<p>Phát ngôn viên của Lực lượng Không quân Thái Bình Dương <a href=\"https://news.zing.vn/tieu-diem/hop-chung-quoc-hoa-ky.html\">Mỹ</a> hôm 30/4 nói với <i>Business Insider</i> rằng các quan chức <a href=\"https://news.zing.vn/tieu-diem/nhat-ban.html\">Nhật Bản</a> \"xác nhận một số mảnh vỡ đã được tìm thấy\" và cho biết Mỹ sẽ \"tiếp tục hỗ trợ nỗ lực thu hồi hoàn toàn\".</p><p>Các lực lượng Mỹ và Nhật Bản đã tham gia vào các nỗ lực tìm kiếm kể từ khi máy bay rơi vào ngày 9/4. Cả hai lực lượng đều không tiếc tiền đổ vào hoạt động tìm kiếm gấp rút vì sợ rằng các quốc gia đối thủ như <a href=\"https://news.zing.vn/tieu-diem/trung-quoc.html\">Trung Quốc</a> sẽ tìm thấy chiếc máy bay tàng hình thế hệ thứ năm trị giá 126 triệu USD.</p><figure class=\"table\"><table><tbody><tr><td><figure class=\"image\"><img src=\"https://znews-photo.zadn.vn/w660/Uploaded/lce_vjrcc/2019_04_30/f35a.jpg\" alt=\"My tim thay F-35 gap nan cua Nhat Ban, phi cong van bat vo am tin hinh anh 1 \"></figure></td></tr><tr><td>Một chiếc F-35A thực hiện chuyến bay thử vào ngày 28/3/2013. Ảnh: <i>Lockheed Martin</i>.<br>&nbsp;</td></tr></tbody></table></figure><p>Vụ rơi máy bay này&nbsp;đánh dấu lần đầu tiên F-35 bị mất tích. Các phần của xác máy bay đã được&nbsp;các đội tìm kiếm cứu nạn phát hiện trước đó.</p><p>Theo <i>Defense News</i> và <i>Reuters</i>, chiếc F-35 đặc biệt này là chiếc đầu tiên được lắp ráp trong nhà máy công nghiệp nặng của Mitsubishi và được điều khiển bởi một cựu chiến binh từng có 3.200 giờ bay.&nbsp;Phi công được cho là đã có 60 giờ bay đối với F-35. Cho tới nay, phi công của chiếc máy bay xấu số vẫn mất tích.&nbsp;</p><p>Theo <i>Mainichi Shimbun</i>, chiếc máy bay được báo cáo có vấn đề về hệ thống làm mát và điều hướng vào tháng 6/2017 và tháng 8/2018.</p><p>Những chiếc F-35 khác từ hạm đội của Nhật Bản cũng gặp vấn đề và phải tiến hành hạ cánh khẩn cấp trong quá khứ. Năm trong số các máy bay đã thực hiện bảy lần hạ cánh khẩn cấp và gặp vấn đề liên quan đến hệ thống nhiên liệu và thủy lực.</p>', '2019-05-05 18:45:14', 'Quân', 1, 0, 1, 'khp');
INSERT INTO `tin` (`id_tin`, `tieude`, `mota`, `img`, `noidung`, `ngaydangtin`, `tacgia`, `solanxem`, `tinhot`, `trangthai`, `id_loaitin`) VALUES
(26, 'Vật thể lạ liên tục khiêu khích, Mỹ tiếp tục theo dõi UFO', 'Các phi công tỏ ra tức giận khi không được đề cập đến UFO trong các báo cáo, nhưng điều này sắp thay đổi khi Mỹ thông qua quy chế mới cho phép điều tra đến cùng vấn đề.', NULL, '<p>Thời gian gần đây ngày càng xuất hiện nhiều hơn các vụ phản ánh nhìn thấy vật thể bay không xác định (UFO), mà quân đội thường gọi là “hiện tượng không khí không giải thích được”.</p><p>Điều này đã buộc Hải quân <a href=\"https://news.zing.vn/tieu-diem/hop-chung-quoc-hoa-ky.html\">Mỹ</a> phải soạn thảo các quy chế chính thức cho các phi công để ghi lại những cuộc gặp như vậy, một biện pháp khắc phục mà các quan chức nói là “quá muộn”, <i>Washington Post </i>cho biết.</p><h3><strong>Phi công không dám lên tiếng</strong></h3><p>Theo báo cáo đầu tiên của <i>Politico</i>, những cuộc xâm nhập của UFO tăng mạnh kể từ năm 2014. Gần đây các máy bay không xác định thường xuyên bay vào không phận do quân đội kiểm soát nhiều lần mỗi tháng, Joseph Gradisher, phát ngôn viên phòng chiến tranh thông tin, Hải quân Mỹ nói với <i>Washington Post</i>.</p><p>“Chúng tôi muốn đi đến tận cùng của điều này. Chúng ta cần xác định ai đang làm việc đó, nó đến từ đâu và ý định của họ là gì. Chúng ta cần cố gắng tìm mọi cách để ngăn chặn điều đó xảy ra lần nữa”, Gradisher nói.</p><p><br>Luis Elizondo, cựu sĩ quan tình báo cao cấp, nói với<i> Washington Post</i>, rằng các hướng dẫn mới đã chính thức hóa quy trình báo cáo, tạo điều kiện cho phân tích dựa trên dữ liệu thu được, trong khi xóa bỏ sự kỳ thị khi nói về UFO. Ông gọi đó là quyết định lớn nhất của hải quân trong nhiều thập niên qua.</p><p>Một số quan chức khác thậm chí còn phản ứng khá gay gắt đối với việc Hải quân Mỹ không cho phép báo cáo về UFO. Chris Mellon, cựu phó trợ lý bộ trưởng quốc phòng về tình báo và nhân viên trong Ủy ban Tình báo Thượng viện tỏ ra không hài lòng.</p><p>“Tôi không tin vào an toàn thông qua sự thiếu hiểu biết”, ông nói và chỉ trích cộng đồng tình báo vì sự thiếu tò mò và lòng can đảm. Đó là một thất bại trong việc phản ứng với vật thể bay không xác định nhìn thấy được.</p><p>Nhiều trường hợp phi công, kỹ sư và sinh viên tốt nghiệp các học viện tuyên bố nhìn thấy các vật thể hình cầu nhỏ đang bay theo đội hình. Những người khác nói rằng họ nhìn thấy những phương tiện bay màu trắng.</p><p>Ngoài các máy bay không người lái chạy bằng động cơ điện. Tất cả động cơ máy bay đều dựa vào việc đốt nhiên liệu để tạo ra năng lượng, nhưng các vật thể bay không xác định này đều không có cửa hút không khí, không có tiếng ồn và khí thải.</p><figure class=\"table\"><table><tbody><tr><td><figure class=\"image\"><img src=\"https://znews-photo.zadn.vn/w1440/Uploaded/pgi_gehatuvrh/2019_04_26/zing_ufo_2.jpg\" alt=\"Vat the la lien tuc khieu khich, My tiep tuc theo doi UFO hinh anh 2 \"></figure></td></tr><tr><td>UFO luôn là chủ đề hấp dẫn cho nhiều thuyết âm mưu. Đồ họa: <i>Independent.</i></td></tr></tbody></table></figure><p>“Điều đó thật là bí ẩn và họ dường như bay nhanh hơn tốc độ máy bay của chúng tôi, đó thực sự là công nghệ vượt trội”, ông Mellon nói. Theo ông Mellon, các phi công gặp khó khăn, lo ngại việc báo cáo UFO sẽ ảnh hưởng xấu đến sự nghiệp của họ và có xu hướng không lên tiếng. Thậm chí khi họ báo cáo, có rất ít sự quan tâm trong việc điều tra.</p><p>“Hãy tưởng tượng bạn nhìn thấy một phương tiện rất tiên tiến, chúng xuất hiện trên màn hình radar, trông kỳ quái và không ai biết chúng đến từ đâu. Điều này xảy ra trên không phận một cách định kỳ và không ai làm gì cả”, ông Mellon nói.</p><p>Bởi vì các cơ quan không chia sẻ thông tin về UFO nên rất khó biết được quy mô. Tuy vậy, ông Mellon ước tính hàng chục sự cố đã được các phi công hải quân chứng kiến đủ để buộc hải quân phải có hành động phù hợp.</p><p>Các phi công đang buồn bã và tức giận. Họ đang cố gắng giúp đánh thức một hệ thống đang bối rối. Sự tò mò và quan tâm ngày càng tăng của các nhà lập pháp thúc đẩy hành động của hải quân.</p><h3><strong>Lầu Năm Góc từng âm thầm điều tra</strong></h3><p>Năm 2017, Lầu Năm Góc lần đầu tiên xác nhận sự tồn tại của chương trình AATIP, một hoạt động chính phủ thực hiện từ năm 2007 để thu thập và phân tích các mối đe dọa bất thường từ vũ trụ. Theo các quan chức và tài liệu của Lầu Năm Góc mà <i>Washington Post</i>có được, chương trình được tài trợ 22 triệu USD và đã bị đình chỉ từ năm 2012.</p><figure class=\"table\"><table><tbody><tr><td><figure class=\"image\"><img src=\"https://znews-photo.zadn.vn/w1440/Uploaded/pgi_gehatuvrh/2019_04_26/zing_ufo_4.jpg\" alt=\"Vat the la lien tuc khieu khich, My tiep tuc theo doi UFO hinh anh 3 \"></figure></td></tr><tr><td>Vùng 51, khu vực quân sự bí mật của Mỹ gắn liền với rất nhiều đồn đoán về UFO và người ngoài hành tinh. Ảnh: <i>History.</i></td></tr></tbody></table></figure><p>Ông Joseph Gradisher cho biết để đáp lại yêu cầu cung cấp thông tin từ các thành viên Quốc hội, các quan chức đã tổ chức nhiều cuộc họp ngắn với giới tình báo, phi công để báo cáo về các mối nguy hiểm tiềm tàng với an toàn hàng không.</p><p>Luis Elizondo, người đứng đầu chương trình AATIP, cho biết các hướng dẫn mới của hải quân là kết quả của nhiều thứ, đáng chú ý nhất là hải quân có đủ bằng chứng, nhân chứng và thông tin từ radar để biết điều gì đang xảy ra.</p><p>“Nếu tôi đến gặp bạn và nói, có những thứ có thể bay qua đất nước chúng ta mà không bị trừng phạt. Nó bất chấp các định luật vật lý và trong chốc lát có thể triển khai một thiết bị hạt nhân theo ý muốn, đó sẽ là vấn đề an ninh quốc gia”, ông Elizondo nói.</p><p>Rất nhiều phi công không quân và hải quân mô tả về việc nhìn thấy các UFO tương tự nhau, vì vậy mức độ cảnh báo là không thể bỏ qua. Theo ông Elizondo, đây là sự việc rất đáng báo động. “Có những thứ ngay trong không gian của trái đất nằm ngoài tầm hiểu biết của chúng ta”, Elizondo nói.</p>', '2019-05-05 18:46:18', 'Quân', 1, 0, 1, 'khp'),
(27, 'Phút ám ảnh khi xe khách lao vào đoàn đưa tang, tông chết 7 người', '\"Chiếc xe lao đến húc văng, người nằm la liệt dọc đường. Tất cả đều hoảng loạn”, ông Đinh Văn Chiến, người trong đoàn đưa tang, kể.', NULL, '<p>Nhiều giờ sau vụ tại nạn sáng 27/3, những người dân tại thôn Trung Nguyên, xã Trung Nguyên, huyện Yên Lạc, tỉnh Vĩnh Phúc vẫn chưa hết bàng hoàng.</p><p>Do số lượng thương vong lớn, cảnh sát phải dựng bạt quây hiện trường để khám nghiệm. Xung quanh, ngoài lực lượng chức năng, rất đông người dân đứng tập trung bàn tán.</p><p>Những bát hương được cắm vội ở nhiều vị trí, trong khi một số nhà sư ở ngôi chùa gần đó có mặt tụng kinh, cùng người dân làm một số nghi lễ với người đã mất. Chốc chốc lại có người quỳ xuống ở khu vực chiếc xe khách tông đoàn đưa tang, vái lạy rồi khóc lóc.</p><figure class=\"table\"><table><tbody><tr><td><figure class=\"image\"><img src=\"https://znews-photo.zadn.vn/w1440/Uploaded/lce_qjlcv/2019_03_27/h_zing.jpg\" alt=\"Phut am anh khi xe khach lao vao doan dua tang, tong chet 7 nguoi hinh anh 1 \"></figure></td></tr><tr><td>Toàn bộ nạn nhân vụ tai nạn thảm khốc ở cùng địa phương. Ảnh: <i>Mỹ Hà.</i></td></tr></tbody></table></figure><p><br><strong>Xe tông thẳng vào đoàn đưa tang hàng trăm người</strong></p><p>Theo người dân nơi đây, rạng sáng cùng ngày, từ lúc nhìn chưa rõ mặt, khoảng 200 người gồm thân nhân và dân làng Trung Nguyên tập trung đưa lĩnh cữu ông Nguyễn Như Trung đi hỏa táng. Khi chuẩn bị đưa quan tài lên xe, các cụ cao tuổi và người thân đứng tràn ra ngoài đường.</p><p>Ngay lúc đó, chiếc xe khách lao đến với tốc độ cao. Khi xe cách đoàn khoảng 50 m, đoàn người đứng bên đường đã ra hiệu bằng cách khua cờ tang và hét to. Tuy nhiên, chiếc xe vẫn tiếp tục phóng thẳng, đâm vào đoàn người trong tiếng la hét...&nbsp;</p><figure class=\"table\"><table><tbody><tr><td><figure class=\"image\"><img src=\"https://znews-photo.zadn.vn/w480/Uploaded/lce_qjlcv/2019_03_27/h22_zing.jpg\" alt=\"Phut am anh khi xe khach lao vao doan dua tang, tong chet 7 nguoi hinh anh 2 \"></figure></td></tr><tr><td>Anh Nguyễn Văn Vinh, người đưa tang trong đoàn, kể lại khoảnh khắc chiếc xe lao đến. Ảnh: <i>Minh Đăng.&nbsp;</i></td></tr></tbody></table></figure><p>Là người có mặt trong đoàn đưa tang, chứng kiến sự việc từ đầu đến cuối, anh Nguyễn Văn Vinh cho biết chiếc xe chạy với tốc độ nhanh, đâm xuyên qua đoàn người từ hướng trực diện và đi thêm khoảng 200 m nữa mới dừng lại.&nbsp;Không có dấu hiệu cho thấy tài xế đạp phanh khi gặp vật cản.</p><p>“Cảm giác như lái xe không nhìn thấy đoàn người phía trước, cứ thế lao tới”, anh Vinh rùng mình nhớ lại.</p><p>“Chiếc xe lao đến húc văng, người nằm la liệt dọc đường. Tất cả đều hoảng loạn”, ông Đinh Văn Chiến, người trong đoàn đưa tang, kể về phút ám ảnh.</p><blockquote><p><i>\'Cảm giác như lái xe không nhìn thấy đoàn người phía trước, cứ thế lao tới\'</i></p></blockquote><p>Theo ông, đoàn đưa tang kéo dài khoảng 200 m, kéo dọc đoàn đường trong thôn. Những người đứng đằng trước nhìn thấy chiếc xe lao đến ngoài việc ra hiệu, la hét để chiếc xe dừng lại đã tránh ra được. Số thương vong là nhóm đứng ở phía sau bị khuất tầm nhìn, không kịp phản ứng.&nbsp;</p><p>Anh Vinh cùng những người còn lại trong đoàn sau đó chạy tới chiếc xe khách dừng cách đó một quãng xa nhưng không nhìn thấy tài xế, trên xe có hơn chục khách.</p><p>“Tôi quá choáng váng và chưa thể hoàn hồn khi nhìn thấy nhiều người trong làng chết trước mặt mình. Sự việc quá khủng khiếp”, anh Vinh nói.</p><figure class=\"table\"><table><tbody><tr><td><figure class=\"image\"><img src=\"https://znews-photo.zadn.vn/w1440/Uploaded/lce_qjlcv/2019_03_27/tai_nan_6_zing.jpg\" alt=\"Phut am anh khi xe khach lao vao doan dua tang, tong chet 7 nguoi hinh anh 3 \"></figure></td></tr><tr><td>Người dân vẫn tập trung đông tại hiện trường, ngay sau khi tai nạn xảy ra. Ảnh: <i>Minh Đăng.&nbsp;</i></td></tr></tbody></table></figure><p>Ngay sau đó, đoàn đưa tang phải chia làm đôi. Một nửa tiếp tục đưa linh cữu ông Nguyễn Như Trung đi hỏa táng, những người còn lại báo công an và đưa thi thể những người chết ngay tại chỗ về nhà.</p><h3><strong>Kiểm tra chất kích thích với tài xế&nbsp;</strong></h3><p>Theo nguồn tin <i>Zing.vn</i>, tại cơ quan điều tra, tài xế Phan Thanh Phú (43 tuổi, Hà Nội) khai lúc 1h30 ngày 27/3, ông ta bắt đầu điều khiển xe 45 chỗ nói trên sau khi đổi lái. Đến ngã tư xã Trung Nguyên, ôtô khách va vào đoàn người đi bộ. Sau đó, ông Phú rời phương tiện đi về nhà ở thị xã Sơn Tây (Hà Nội) rồi ra trình diện công an.</p><p>Thiếu tá Đỗ Đức Cường, Trưởng công an huyện Yên Lạc (Vĩnh Phúc), cho biết đơn vị đang chờ kết quả xét nghiệm đối với tài xế Phan Thanh Phú để phục vụ điều tra.</p><blockquote><p><i>Đặc biệt, cần xác minh trách nhiệm lái xe, chủ xe gây ra sự cố, kiểm tra ma tuý và chất kích thích thần kinh trong máu của lái xe</i></p><p><i><strong>Phó thủ tướng </strong></i><a href=\"https://news.zing.vn/tieu-diem/truong-hoa-binh.html\"><i><strong>Trương Hòa Bình</strong></i></a></p></blockquote><p>Phó thủ tướng Trương Hoà Bình, Chủ tịch Ủy ban ATGT quốc gia, yêu cầu lãnh đạo UBND tỉnh Vĩnh Phúc chỉ đạo các đơn vị chức năng của tỉnh, địa phương tập trung ưu tiên cao nhất cứu chữa nạn nhân bị thương để giảm thiểu thiệt hại về người. Đồng thời, cơ quan chức năng khẩn trương điều tra, xác minh nguyên nhân, đặc biệt, cần xác minh trách nhiệm lái xe, chủ xe gây ra sự cố, kiểm tra ma tuý và chất kích thích thần kinh trong máu của lái xe.</p><p>Trong khi đó, làm việc với chính quyền địa phương, ông Khuất Việt Hùng (Phó chủ tịch thường trực Ủy ban ATGT quốc gia) cho biết tốc độ khi xe gây tai nạn là 78 km/h. Còn theo thiết bị giám sát hành trình, trước đó 20 giây, tốc độ xe là 67 km/h. Xe có dấu hiệu tăng tốc trước khi gây tai nạn.</p><p>Lãnh đạo tỉnh Vĩnh Phúc thông tin đoạn đường xảy ra tai nạn có đầy đủ biển báo giao thông. Sáng 27/3, sương mù tại đây không nhiều.</p><p>Sở GTVT tỉnh Điện Biên cho biết xe khách liên quan tai nạn do Công ty TNHH Long Giang quản lý. Doanh nghiệp này đăng ký lộ trình khai thác vận tải theo tuyến Điện Biên đi Lập Thạch (Vĩnh Phúc). Tuy nhiên, hành trình theo đăng ký không có quốc lộ 2C.</p><p>5h sáng 27/3, tài xế Phú điều khiển xe khách 45 chỗ biển số 27B-003.43 lưu thông trên quốc lộ 2C. Đến ngã 4 chân chim thuộc địa phận thôn Trung Nguyên, xã Trung Nguyên, huyện Yên Lạc, xe bất ngờ đâm vào đoàn người đi bộ cạnh xe tang.</p><p>Trưa 27/3, 7 người tử vong trong vụ tai nạn đã được đưa về gia đình để lo hậu sự. 3 người bị thương đang được cấp cứu tại Bệnh viện Đa khoa Vĩnh Phúc và bệnh viện Việt Đức.&nbsp;</p>', '2019-05-05 18:48:17', 'Quân', 1, 0, 1, 'gt'),
(28, 'Giống nhóm Avengers, Microsoft đang thiết kế lại tương lai từ quá khứ', 'Để thích ứng với sự phát triển của thị trường công nghệ, Microsoft đã làm mới tương lai của chính mình dựa trên việc học hỏi những thất bại và sai lầm trong quá khứ.', NULL, '<figure class=\"image\"><img src=\"https://znews-photo.zadn.vn/w1920/Uploaded/pqmcbzwv/2019_04_30/COVER_DESKTOP_1.jpg\" alt=\"Giong nhom Avengers, Microsoft dang thiet ke lai tuong lai tu qua khu hinh anh 2 \"></figure><h2><strong>Để thích ứng với sự phát triển của thị trường công nghệ, </strong><a href=\"https://news.zing.vn/tieu-diem/cong-ty-microsoft.html\"><strong>Microsoft</strong></a><strong>đã làm mới tương lai của chính mình dựa trên việc học hỏi những thất bại và sai lầm trong quá khứ.</strong></h2><p>&nbsp;</p><p><i>Zing.vn lược dịch bài viết của BTV The Verge Tom Warren, người có cơ hội tiếp cận và trao đổi với những người chịu trách nhiệm “thiết kế lại” tương lai của Microsoft.</i></p><p>Có một căn phòng ở trụ sở chính của Microsoft thể hiện tất cả những thay đổi và triết lý thiết kế của họ. Bên trong phòng có 4 dãy bàn trưng bày sản phẩm. Dãy đầu tiên là những thiết bị đã từng được bán ra ở các cửa hàng.</p><p>Dãy thứ 2 là các sản phẩm thế hệ mới. Dãy thứ 3 và 4 là nơi đặt những concept mà Microsoft sẽ hiện thực hóa nó trong tương lai.</p><p>Ngày nay, Microsoft không chỉ là công ty sản xuất phần mềm, làm ra máy chơi game Xbox. Tập đoàn này còn có cả một hệ sinh thái khổng lồ bao gồm phần mềm, phần cứng và những dịch vụ liên quan. Chúng cần được định hướng phát triển đồng bộ, thống nhất.</p><p>Microsoft đã loại bỏ cách thiết kế của quá khứ, khi mà mỗi sản phẩm được một nhóm riêng biệt tạo ra trong bí mật. Họ đi theo xu hướng thiết kế mở của Google.</p><p>Ý tưởng được chia sẻ rộng rãi và tích hợp, đồng bộ trên những sản phẩm của công ty, mang đến sự tương thích tốt hơn giữa phần cứng và phần mềm. Đây là thay đổi sâu sắc giúp cho nền tảng 44 tuổi của Microsoft thích ứng với xu thế và cạnh tranh tốt hơn với những start-up năng động xuất hiện hàng loạt trong thời gian vừa qua.</p><p>Tom Warren đã dành ra 3 ngày tại \"đại bản doanh\" của Microsoft ở Redmond (Washington), nói chuyện với các kỹ sư và nhà thiết kế, tham gia các cuộc họp, trao đổi với những nhà lãnh đạo liên quan đến phương pháp thiết kế mới này.</p><p>Ông rút ra nhận định: Microsoft đã thực sự học được từ những sai lầm trong quá khứ. Nhưng việc định hình lại một công ty 44 tuổi và thiết kế lại tương lai không hề dễ dàng.</p><h3><strong>Thay đổi triết lý thiết kế</strong></h3><p>Mỗi thứ năm hàng tuần, các nhóm Surface, Windows và ứng dụng có cuộc trao đổi với nhau về công việc đang thực hiện. Các nhà thiết kế sẽ tranh luận xem Microsoft cần thiết kế như thế nào, ngôn ngữ ra sao, đâu là hình ảnh đại diện trực quan cho sản phẩm, cách thể hiện chúng trên các bảng minh họa và thiết kế.</p><p>Cuộc họp có sự tham gia của thành viên từ các nhóm sản phẩm khác như OneNote, OneDrive và Microsoft Teams. Mọi người đánh giá các thiết kế của nhau, đưa ra ý kiến và cách thức để làm việc với bảng màu của Microsoft, các nguyên tắc minh họa và tiếng nói chung để tạo ra các sản phẩm theo cùng xu hướng.</p><p>Nó có vẻ như&nbsp;một cuộc họp hoàn toàn bình thường tại hầu hết công ty. Tuy nhiên, nó không hề xuất hiện tại Microsoft 10 năm trở về trước.</p><p>Với hệ thống thiết kế được sử dụng trong thời gian vừa qua, \"Fluent design\", Microsoft lấy ý tưởng từ khắp công ty nhưng đảm bảo các bộ phận luôn tuân thủ theo các nguyên tắc chung trong thiết kế.</p><p>Các nhà thiết kế có thể xem công việc của nhóm khác thông qua mô hình và concept được công bố. \"Đó là bước đầu tiên của quá trình dân chủ hóa trong thiết kế tại Microsoft\", Jon Friedman, phó bộ phận thiết kế và nghiên cứu của Microsoft, khẳng định.</p><figure class=\"table\"><table><tbody><tr><td><figure class=\"image\"><img src=\"https://znews-photo.zadn.vn/w1440/Uploaded/pqmcbzwv/2019_04_30/search_on_web_00108.jpg\" alt=\"Giong nhom Avengers, Microsoft dang thiet ke lai tuong lai tu qua khu hinh anh 4 \"></figure></td></tr><tr><td>Fluent design đảm bảo rằng mọi sản phẩm của Microsoft sẽ có chung quy tắc thiết kế. Ảnh:</td></tr></tbody></table></figure><p>Cách tiếp cận này xuất phát từ một trong những sản phẩm thất bại nhất của hãng: Windows Phone. Để ra mắt, Microsoft đã tập hợp nhóm Windows, Office và phần cứng để tạo ra một ngôn ngữ thiết kế hoàn toàn mới có tên \"Metro\", giúp cho hệ điều hành trông hiện đại hơn. Windows Phone thất bại, nhưng thiết kế của nó thực sự đã thúc đẩy Apple và Google tạo ra các hệ điều hành di động tốt hơn.</p><p>\"Tôi nghĩ những gì chúng tôi học được, ít nhất trên điện thoại, đó là một hệ thống thiết kế tuyệt vời, nó không chỉ dành cho một sản phẩm\", Albert Shum, trưởng bộ phận thiết kế Windows, nêu ý kiến. \"Làm thế nào để bạn thực sự mở rộng nó ra hàng trăm sản phẩm, phục vụ hàng triệu, thậm chí là hàng tỷ khách hàng\".</p><p>Fluent đã thực sự đưa Microsoft trở lại những điều cơ bản của thiết kế, tập trung nhiều hơn vào sự đơn giản. Thay vì kiểu chữ in đậm và nội dung \"cạnh-tới-cạnh\", Fluent quan tâm đến các yếu tố tinh tế như độ sáng, độ sâu, chuyển động và chất liệu.</p><p>Chúng ta đã thấy nó xuất hiện trong Windows với các gợi ý về hiệu ứng chuyển động và làm mờ. Nó cũng xuất hiện trong Office và trang web của các dịch vụ như OneDrive, Office Online và Outlook. Microsoft đang dần biến Fluent thành nền tảng thiết kế trung tâm của họ.</p><p>Ngoài ra, với suy nghĩ rằng tất cả phần cứng đều cần phần mềm để hoạt động, Microsoft không xem đây là một quá trình tách biệt. \"Chúng tôi luôn nghĩ rằng phần cứng là một giai đoạn cho phần mềm\", Ralf Groene - giám đốc thiết kế phần cứng của Microsoft - cho biết. \"Đôi khi nền tảng cũng ảnh hưởng đến hiệu suất phần mềm, do đó có sự tác động trở lại của cả hai yếu tố\".</p><h3><strong>Động lực từ đối thủ cạnh tranh</strong></h3><p>Sự phát triển của các đối thủ đã tác động lớn đến Microsoft. Công ty bắt đầu thiết kế phần cứng Surface sau khi chứng kiến thành công của Apple với MacBook Air và iPad.&nbsp;</p><p>Và các bản cập nhật phần mềm thường xuyên của Google cho Chrome và Android đóng vai trò truyền cảm hứng đối với tiến trình cập nhật liên tục trên Windows 10 hiện nay.</p><p>Nhưng không chỉ có những đối thủ khổng lồ đe dọa Microsoft. Hiện tại có hàng ngàn công ty khởi nghiệp cạnh tranh trực tiếp với các sản phẩm của hãng, từ Office đến dịch vụ đám mây đến Outlook.</p><p>Bối cảnh phần mềm đã thay đổi đáng kể kể từ khi Microsoft đề ra quy trình phát triển phần mềm đầu tiên. Trước đây, cứ sau vài năm, họ sẽ xuất xưởng một phiên bản Windows mới. Các nhóm phần mềm, phần cứng và thiết kế cũ sẽ bị loại bỏ nhưng điều đó lại không tạo ra sự khác biệt lớn - thiết kế thay đổi nhỏ giọt và tính cạnh tranh hạn chế.</p><figure class=\"table\"><table><tbody><tr><td><figure class=\"image\"><img src=\"https://znews-photo.zadn.vn/w1440/Uploaded/pqmcbzwv/2019_04_30/Untitled2.jpg\" alt=\"Giong nhom Avengers, Microsoft dang thiet ke lai tuong lai tu qua khu hinh anh 5 \"></figure></td></tr><tr><td>Sự phát triển của đối thủ là động lực quan trọng để Microsoft thay đổi triết lý thiết kế.Ảnh:</td></tr></tbody></table></figure><p>Trong nội bộ, các nhóm của Microsoft cũng từng đối nghịch nhau. \"Bạn đã nhìn thấy hình ảnh của tất cả nhóm chĩa súng vào nhau tại Microsoft\", một người quản lý sản phẩm Windows Phone nói với <i>The Verge</i> gần 7 năm trước.</p><p>Microsoft từng có tiếng là để các nhóm phát triển cạnh tranh với nhau nhằm đảm bảo thiết kế của họ được chọn đưa vào sản xuất đại trà. <a href=\"https://news.zing.vn/tieu-diem/bill-gates.html\">Bill Gates</a> từng tạo nên những cuộc đánh giá như vậy, nơi ông có thể khai tử một thiết kế được phát triển trong nhiều năm chỉ bằng quyết định chóng vánh. Điều đó khiến cho các nhóm phải cạnh tranh quyết liệt nhằm tạo được ấn tượng với người đứng đầu Microsoft.</p><p>Nhưng trong thập kỷ qua, mọi thứ đã thay đổi rất nhiều. Google và Apple đã tạo ra các sản phẩm có đủ sức cạnh tranh với những thế mạnh chủ chốt của Microsoft. Office, mảng kinh doanh trị giá 35 tỷ USDmỗi năm vẫn thống trị thị trường, nhưng G Suite của Google hay Workplace của Facebook và một số ứng dụng khác đang tạo ra áp lực cạnh tranh lớn.</p><p>Trong khi đó, các công ty khởi nghiệp nhỏ hơn lại đạt được thành công ở những phân khúc thị trường Microsoft xem nhẹ. Dropbox và Slack chen chân vào lĩnh vực mà lẽ ra Microsoft sẽ thống trị nếu nhanh chóng đổi mới. Slack hiện được định giá 7,1 tỷ USD và có hơn 30 triệu khách hàng trả tiền cho dịch vụ. Dropbox hiện có giá trị vốn hóa khoảng 10 tỷ USD trên thị trường chứng khoán.</p><p>Một trong những mối đe dọa này trực tiếp tác động đến mảng kinh doanh chủ chốt của Microsoft, nhưng một số thì không. Trong khi các nền tảng nằm ngoài sự kiểm soát của Microsoft, như iOS và Android, ngày càng thu hút được người dùng, Microsoft cần tạo ra các ứng dụng có giá trị cạnh tranh cao.</p><p>Phần mềm không còn là nơi thống trị của Microsoft. Mảnh đất màu mỡ này đã bị chia nhỏ thành những lĩnh vực khác nhau do nhiều công ty khai thác.</p><h3><strong>Lắng nghe người dùng và đầu tư cho nguồn mở</strong></h3><p>Triết lý thiết kế của Microsoft đã thay đổi, quy trình phát triển sản phẩm của họ cũng đã khác đi. Microsoft thời hậu Bill Gates không còn những cuộc họp \"đấu súng\" giữa các nhóm để tìm ra ý tưởng được chọn trở thành sản phẩm chính thức.</p><p>\"Tôi nghĩ rằng triết lý văn hóa mới của chúng tôi xoay quanh việc thử mọi thứ, nếu điều đó thất bại và chúng tôi loại bỏ nó, thì đó là bài học tuyệt vời cho lần thử tiếp theo\", Friedman cho biết.</p><p>\"Ngày càng nhiều người tại Microsoft được tán dương vì đã mạnh dạn thử nghiệm, học hỏi và áp dụng điều đó cho các dự án kế tiếp. Bởi vì những gì chúng ta đang đầu tư là sự tăng trưởng dài hạn\".</p><figure class=\"table\"><table><tbody><tr><td><figure class=\"image\"><img src=\"https://znews-photo.zadn.vn/w1440/Uploaded/pqmcbzwv/2019_04_30/Untitled.jpg\" alt=\"Giong nhom Avengers, Microsoft dang thiet ke lai tuong lai tu qua khu hinh anh 6 \"></figure></td></tr><tr><td>Microsoft bắt đầu khuyến khích nhân viên thử nghiệm và học hỏi từ sai lầm. Ảnh:</td></tr></tbody></table></figure><p>Phương pháp mới sẽ thiết kế lại cách thức hoạt động của Microsoft, giúp công ty thích ứng được xu thế thay đổi của phần mềm và phần cứng trong nhiều năm tới. Tuy nhiên, điều này không phải dễ dàng thực hiện.</p><p>Hãng đã thể hiện quyết tâm thay đổi. Chi 7,5 tỷ USD mua lại GitHub, nền tảng lưu trữ mã nguồn mở lớn nhất thế giới, Microsoft mong muốn các nhà phát triển có thể chia sẻ và cộng tác gần gũi hơn.</p><p>Microsoft cũng bắt đầu tận dụng ưu thế của mã nguồn mở. Trình duyệt Edge đã chuyển sang dùng nhân Chromium. Đó là một thiết kế mở, gợi ý về cách Microsoft tái tạo lại tương lai của chính họ. \"Tôi hy vọng rằng mọi người có thể tham gia xây dựng một phần trải nghiệm Microsoft trong 10 năm tới\", Friedman chi sẻ cảm giác của ông về tương lai.</p><p>Ngoài nguồn mở và Windows, câu chuyện thiết kế trong tương lai của Microsoft có vẻ ngày càng đi theo xu hướng lắng nghe ý kiến của những người trực tiếp sử dụng sản phẩm.</p><p>Xbox hay Surface bắt đầu thay đổi phù hợp hơn với người dùng. Chương trình phản hồi của khách hàng đối với sản phẩm của Microsoft hoạt động tốt hơn, công ty tìm kiếm ý kiến của mọi người để đưa ra quyết định thiết kế.</p><p>Rõ ràng Microsoft đã học được từ thất bại của quá khứ, giống như các thành viên biệt đội Avengers tìm cách đảo ngược quá khứ để giải cứu 50% sinh linh trong vũ trụ ở <i>Avengers: Endgame</i>. Giờ đây thách thức của họ là kết hợp ý tưởng từ hơn 100.000 nhân viên lại với nhau thành một thiết kế duy nhất, mang đến cảm giác trải nghiệm liền mạch cho hàng tỷ người dùng Office và Windows.</p>', '2019-05-05 18:50:02', 'Quân', 1, 0, 1, 'inter'),
(29, 'Đại học Harvard muốn phun chất độc để cứu nguy cho Trái Đất', 'Đưa các hợp chất sulfate vào bầu khí quyển cũng giống như một vụ phun trào núi lửa. Nó có thể sẽ không dừng lại được một khi các phản ứng phụ xảy ra ngoài tầm kiểm soát.', NULL, '<p>Aerosol - hay các Sol khí, là những vi hạt lơ lửng trong không khí ở dạng keo có kích thước lớn hơn 0,2 micromet (sương mù là một ví dụ cho aerosol). Chúng thường có tác hại cho sức khỏe con người nhiều hơn là có lợi. Nghe có vẻ điên rồ nhưng các nhà nghiên cứu tại Đại học Harvard dự tính sẽ phun loại hạt này vào bầu khí quyển nhằm chống lại biến đổi khí hậu.</p><figure class=\"table\"><table><tbody><tr><td><figure class=\"image\"><img src=\"https://znews-photo.zadn.vn/w660/Uploaded/lce_uxlcq/2018_11_28/hrabux.jpg\" alt=\"Dai hoc Harvard muon phun chat doc de cuu nguy cho Trai Dat hinh anh 1 \"></figure></td></tr><tr><td>Phun Sol khí (aerosols) vào tầng bình lưu mô phỏng hiệu ứng làm mát của các núi lửa. Ảnh: <i>Xosnak.</i></td></tr></tbody></table></figure><h3>Nước cờ mạo hiểm của Harvard</h3><p>Về cơ bản, chúng sẽ tạo ra một lớp khiên chắn làm từ hàng triệu tấn vi hạt gốc sulfate phản xạ lại bức xạ Mặt trời, giúp Trái Đất không bị quá nhiệt như hiện tại.</p><p>Tuy nhiên điều này cũng tiềm ẩn khả năng bầu khí quyển vốn đã rất mong manh có thể bị \"đầu độc\", dẫn tới hệ quả khôn lường như trong bộ phim Matrix. Khi đó, Trái Đất bị phủ một lớp khí đen, toàn bộ ánh sáng Mặt trời bị chặn lại.</p><p>Mặc dù vậy, các nhà khoa học vẫn hết sức nghiêm túc xem xét việc xây dựng một tấm khiên hóa học bảo vệ địa cầu.</p><p>“Việc các nhà nghiên cứu tại một trong những trường đại học hàng đầu thế giới bắt đầu phát triển một ý tưởng táo bạo như vậy cho thấy rằng biến đổi khí hậu toàn cầu đã trở nên nguy cấp tới mức nào”, chuyên gia Khí hậu động lực học Peter Cox trả lời <i>Guardian</i>.</p><p>Các phân tích chi tiết chỉ ra việc phun các vi hạt có thể dẫn tới kết quả rất nguy hiểm và không ổn định, song về mặt kỹ thuật là có thể.</p><p>Phương án này cũng không đắt đỏ. Bằng cách sử dụng một phi đội chuyên cơ phun sương các hạt sulfate vào lớp dưới tầng bình lưu, nghiên cứu của đại học Harvard cho hay chi phí cho dự án tham vọng này có thể nằm trong khả năng của nhiều quốc gia.</p><figure class=\"table\"><table><tbody><tr><td><figure class=\"image\"><img src=\"https://znews-photo.zadn.vn/w660/Uploaded/lce_uxlcq/2018_11_28/1418032867391_h2.jpg\" alt=\"Dai hoc Harvard muon phun chat doc de cuu nguy cho Trai Dat hinh anh 2 \"></figure></td></tr><tr><td>Sử dụng aerosols ngăn chặn tia bức xạ Mặt trời là một trong những biện pháp geo-engineering,&nbsp;vốn tiềm tàng nhiều nguy hại và chưa được kiểm chứng đầy đủ. Ảnh: <i>AFP.</i></td></tr></tbody></table></figure><p>Nếu dự án này được triển khai vào năm 2019, nhóm nghiên cứu dự đoán sẽ tốn chỉ 3,5 tỷ USD để khởi động, và chi phí duy trì hàng năm là 2,25 tỷ USD. Cần biết, mỗi năm thế giới chi tới 500 tỷ USD cho các loại công nghệ xanh -các khoản đầu tư không sinh lời.</p><p>“Rất nhiều quốc gia đủ năng lực, tài lực để tiến hành một chương trình như vậy”, nghiên cứu kết luận. “Có khoảng 50 quốc gia mà ngân sách quốc phòng hàng năm nhiều hơn 3 tỷ USD, trong đó có 30 nước chi hơn 6 tỷ”.</p><p>Một trong những khoản chi nhiều nhất cho dự án tham vọng này là mua phi đội máy bay phun sương.</p><p>Phun sương bằng máy bay là phương án duy nhất đủ rẻ. Tuy vậy một mẫu máy bay có thể bay cao tới 20 km, chuyên chở hàng tấn vi hạt hiện tại chưa có trên thị trường (các máy bay thương mại hiện bay ở độ cao 10 km).</p><p>Các máy bay này phải bay đủ cao, để những xáo trộn ở tầng đối lưu không ảnh hưởng tới các vi hạt. Sau đó vi hạt sẽ được phun ra ở tầng bình lưu, nơi không có gió, bão hay các hoạt động khí quyển khác. Chúng có thể ở đó cả năm trời mà không ngưng đọng xuống mặt đất.</p><p>Chính vì vậy, các nhà nghiên cứu cần thiết kế ra một mẫu máy bay hoàn toàn mới chỉ để phục vụ cho mục đích duy nhất này. Các máy bay cần có thân hẹp, cánh rộng và có thể có 4 động cơ, nhiều hơn 2 động cơ so với các máy bay thương mại phổ biến.</p><p>Nếu muốn thực hiện&nbsp;khoảng 60.000 chuyến bay mỗi năm để làm mát Trái Đất trong suốt 15 năm, đội bay cần tới 100 chuyên cơ. Các nhà khoa học dự tính có thể tiến hành dự án với 8 chiếc đầu tiên được chế tạo.</p><h3>Nhiều hệ quả khôn lường</h3><p>Tuy nhiên công nghệ che chắn này cũng có nhiều hệ quả. Các vi hạt có thể làm axit hóa đại dương cùng nhiều viễn cảnh khó lường khác. Chưa quốc gia nào từng thử tiến hành một chương trình tương tự.</p><p>Những loại kỹ thuật can thiệp khí hậu như vậy&nbsp;cho tới nay được xem là “rẻ, nhanh và chưa hoàn thiện”.</p><p>Đưa các hợp chất sulfate vào bầu khí quyển cũng giống như một vụ phun trào núi lửa. Nó có thể sẽ không dừng lại được một khi các phản ứng phụ xảy ra ngoài tầm kiểm soát.</p><p>Ngoài ra nếu vì lí do nào đó, việc phun hạt bị dừng lại giữa chừng, kết hợp với hiệu ứng nhà kính nhiều khả năng Trái Đất sẽ càng nóng lên nhanh hơn.</p><figure class=\"table\"><table><tbody><tr><td><figure class=\"image\"><img src=\"https://znews-photo.zadn.vn/w660/Uploaded/lce_uxlcq/2018_11_28/3333.jpg\" alt=\"Dai hoc Harvard muon phun chat doc de cuu nguy cho Trai Dat hinh anh 3 \"></figure></td></tr><tr><td>Việc ngăn chặn tia sáng mặt trời có thể mang lại tác động không mong muốn như phá vỡ gió mùa Ấn Độ. Ảnh: <i>Time Magazine.</i></td></tr></tbody></table></figure><p>“Phương án này cũng giống như thả gấu vào đấu trường giữa người với sư tử. Gấu có thể giết sư tử, nhưng chúng cũng có thể cùng nhau chia mồi là đấu sĩ”,&nbsp;Jonathan Protor, nhà kinh tế nông nghiệp tại đại học Berkeley nhận định.</p><p>Một số chuyên gia thậm chí cho rằng, các kỹ thuật can thiệp khí hậu như thế này là một mối nguy cho nền dân chủ. Việc gì sẽ xảy ra nếu một quốc gia nào đó làm chủ được công nghệ này và đe dọa nền độc lập của các quốc gia còn lại?</p><p>Nhưng đại học Harvard cho rằng không thể có chuyện một quốc gia nào đó tiến hành dự án ở quy mô như vậy trong bí mật có thể “độc quyền công nghệ” được. “Chẳng lẽ lại không ai để ý tới 4.000 chuyến bay bất thường lên tầng bình lưu hàng năm?”, nhóm nghiên cứu Harvard phản biện.</p><p>Tương lai biến đổi khí hậu được giải quyết, hoặc bộ phim Matrix sẽ trở thành đời thực vẫn còn bỏ ngỏ với nhiều tranh cãi chưa thể chấm dứt.</p>', '2019-05-05 18:51:31', 'Quân', 1, 0, 1, 'inter'),
(30, 'Siêu anh hùng Marvel không viễn tưởng, họ chỉ đưa khoa học tiến xa hơn', 'Các phim siêu anh hùng đều dựa vào thành tựu khoa học nhiều hơn so với bạn nghĩ. Thực tế, con người đang cố hiện thực hoá năng lực của các siêu anh hùng.', NULL, '<p>Trong một sự kiện diễn ra vào tuần trước tại Los Angeles, <a href=\"https://news.zing.vn/tieu-diem/marvel.html\">Marvel</a> cùng Nhóm Trao đổi Khoa học và Giải trí đã tổ chức cuộc thảo luận về cách những bộ phim khoa học viễn tưởng đang vận dụng khoa học thực tế như thế nào.</p><figure class=\"table\"><table><tbody><tr><td><figure class=\"image\"><img src=\"https://znews-photo.zadn.vn/w1440/Uploaded/pcckpqmv/2019_04_22/feature.jpeg\" alt=\"Sieu anh hung Marvel khong vien tuong, ho chi dua khoa hoc tien xa hon hinh anh 1 \"></figure></td></tr><tr><td>Găng tay vũ trụ với 6 viên đá không phải thứ duy nhất gắn kết Vũ trụ Điện ảnh Marvel. Ảnh: <i>DHgate.</i></td></tr></tbody></table></figure><p>Từ những giác quan chính xác đến kinh ngạc của Black Widows đến huyết thanh giúp tăng cường sức mạnh cho Captain America, các phim siêu anh dùng đều dựa trên cơ sở khoa học nhiều hơn chúng ta nghĩ. Có thể nói, những nhân vật hiện tại không còn “ảo” như cách họ được khắc họa cách đây vài thập kỷ.</p><p>Thực tế, con người vẫn đang cố gắng để hiện thực hoá những năng lực siêu anh hùng: NASA đã bắt đầu nghiên cứu bộ giáp của Iron Man. Các nhà khoa học ngày đêm cố gắng chỉnh sửa DNA của chúng ta. Trong khi đó, các vận động viên vẫn luôn tìm cách phá vỡ những kỷ lục về sức mạnh con người.</p><p>Trong tương lai, giới khoa học tin rằng họ sẽ có thể lựa chọn và chắt lọc ra những năng lực đặc biệt mà loài người có được - từ cải thiện thị giác đến khả năng chống chọi nhiệt độ khắc nghiệt.</p><p>Marvel đã xây dựng một bộ quy tắc khoa học nhất định và giữ vững bộ quy tắc này suốt 21 bộ phim của mình. Mặc dù đôi khi studio không hoàn toàn tuân theo những quy luật vật lý, nhưng tổng thể, vũ trụ được tạo nên bởi các nhà làm phim không hoàn toàn xa rời với thực tế của chúng ta.</p><p>Thậm chí, lý thuyết khoa học đóng vai trò xương sống và nhận được nhiều sự tôn trọng trong Vũ trụ Điện ảnh Marvel.</p><h3><strong>Đưa những thành tựu khoa học tiến xa</strong></h3><p>Xuyên suốt các cảnh phim, có một câu trích dẫn của Arthur C. Clarke, nhà văn người Anh chuyên viết thể loại khoa học viễn tưởng, được Marvel liên tục đưa ra: “Bất kỳ tiến bộ khoa học nào cũng giống như phép màu với một số người”.</p><p>Công nghệ chúng ta đạt được ngày nay có thể trông như ma thuật theo cách nhìn của con người hàng trăm năm trước. Hãy tưởng tượng chúng ta sẽ xây dựng được gì trong 10 năm tiếp theo.</p><p>Trong thế giới của Thor và người dân Asgard, khái niệm ma thuật và khoa học chỉ là một. Cây cầu Bifrost, thứ giúp Thor đi qua những không gian rất xa, có nhiều điểm tương đồng với cầu Einstein-Rosen.</p><p>Đây là một giả thuyết của toán học Topological (khoa học nghiên cứu hình dạng của không gian), về cơ bản mô tả việc tạo nên lối tắt kết nối hai điểm riêng biệt trong không gian, giảm thời gian và quãng đường di chuyển. Nói cách khác, cây cầu là một \"hố sâu vũ trụ\".</p><figure class=\"table\"><table><tbody><tr><td><figure class=\"image\"><img src=\"https://znews-photo.zadn.vn/w1440/Uploaded/pcckpqmv/2019_04_22/wormhole.jpg\" alt=\"Sieu anh hung Marvel khong vien tuong, ho chi dua khoa hoc tien xa hon hinh anh 2 \"></figure></td></tr><tr><td>Minh hoạ các hoạt động của cầu Einstein-Rosen, hay \"hố sâu vũ trụ\". Ảnh: <i>Filminquiry.</i></td></tr></tbody></table></figure><p>Vũ trụ Marvel được xây dựng dựa trên thuyết đa vũ trụ, là điều các nhà khoa học hiện tại vẫn còn tranh cãi. Song nếu thuyết này chính xác thì mọi ý tưởng được xây dựng trong phim ảnh, truyện tranh và tiểu thuyết đều có thể có thật và xảy ra ở một nơi nào đó.</p><p>Tuy vậy, đa số nhà khoa học đều đồng ý rằng các giác quan của con người chưa đủ tiến bộ để phát hiện những nguồn năng lượng đặc biệt, thậm chí trong chính vũ trụ mà chúng ta đang sống.</p><p>Với Doctor Strange, Marvel đang tạo nên bước tiến khoa học lớn bằng cách bước vào thế giới của chủ nghĩa thần bí và ý thức, cũng như cách chúng ta nhìn nhận thực tế xung quanh.</p><p>Thử thách dành cho Marvel trong Doctor Strange là kết hợp hình tượng bác sĩ, nhân vật tiêu biểu trong ngành y học, vốn rất dựa trên cơ sở khoa học; với ngoại cảm và tâm linh, một điều mà các nhà khoa học không thể nắm bắt được.</p><p>Vậy làm thế nào để Marvel kết hợp yếu tố ý thức này trong khi vẫn giữ phần khoa học? Đầu tiên, cần phải thừa nhận không phải lúc nào khoa học cũng có thể giải thích cho mọi thứ, đó là lúc ý thức ra tay và khiến thế giới của Doctor Strange trở nên thú vị hơn.</p><p>Trong khi khoa học luôn nói rằng con người chẳng thể vượt qua khả năng của tế bào thần kinh nhỏ bé họ sở hữu, Doctor Strange vượt xa những suy nghĩ đó bằng cách tiếp cận triết học hơn, mở ra những tiềm năng và hy vọng mới cho chúng ta.</p><h3><strong>Giữ cho thế giới điện ảnh Marvel luôn hấp dẫn</strong></h3><figure class=\"table\"><table><tbody><tr><td><figure class=\"image\"><img src=\"https://znews-photo.zadn.vn/w480/Uploaded/pcckpqmv/2019_04_22/avengersendgameposter_1.jpg\" alt=\"Sieu anh hung Marvel khong vien tuong, ho chi dua khoa hoc tien xa hon hinh anh 3 \"></figure></td></tr><tr><td>End Game, bộ phim thứ 22 của Vũ trụ Điện ảnh Marvel, sẽ chính thức công chiếu tại Việt Nam ngày 24/4 tới. Ảnh: <i>CGV.</i></td></tr></tbody></table></figure><p>Khán giả đến nay đã chấp nhận những điểm bất hợp lý về khoa học trong các phần phim.</p><p>Cần nhắc lại lẫn nữa rằng Vũ trụ Điện ảnh siêu anh hùng không sử dụng lý thuyết khoa học hàn lâm, nhưng yếu tố khoa học vẫn được tôn trọng, cho phép Marvel xây dựng dòng chảy câu chuyện hợp lý và nhất quán suốt những phần phim của mình.</p><p>Việc tồn tại một người ngoài hành tinh tên Thanos màu tím, với chiếc Găng tay Vô cực đang cố gắng biến cả vũ trụ thành nô lệ của mình là điều vô lý trong thế giới thực tại.</p><p>Tuy nhiên, Marvel đã làm rất tốt việc vận dụng lý thuyết khoa học thực sự trong một thế giới hầu như viễn tưởng. Và đó là lý do vì sao sau 21 bộ phim dài hơi, người xem vẫn quay trở lại rạp để xem các tác phẩm tiếp theo của studio phim này.</p>', '2019-05-05 18:53:12', 'Quân', 1, 0, 1, 'lx'),
(31, 'Thời đại phổ biến siêu máy tính gần hơn bao giờ hết nhờ vật liệu này', 'Nhẹ, hoạt động hóa họa mạnh, độ dẫn điện tuyệt vời và tính chất vận chuyển ion mạnh mẽ, borophene được hy vọng sẽ là tương lai cho việc chế tạo siêu máy tính và năng lượng sạch.', NULL, '<p>Graphene là vật liệu có mạng carbon siêu mạnh, dày chỉ ở mức nguyên tử, có thể tạo thành ống, hình cầu và các hình dạng phức tạp khác. Và bởi nó dẫn điện, các nhà khoa học vật liệu đã đặt ra triển vọng về một kỷ nguyên mới các siêu máy tính dựa trên graphene. Liên minh châu Âu đã đầu tư 1 tỷ Euro để khởi động ngành công nghiệp này.</p><p>Nhưng khi&nbsp;thế giới được xây dựng dựa trên graphene vẫn chưa thành hình, sự quan tâm đến một vật liệu hai chiều khác đã bắt đầu: Borophene, vật liệu có lớp nguyên tử boron tạo thành các cấu trúc tinh thể khác nhau.</p><p>Các nhà điện hóa nhận định borophene có thể trở thành vật liệu cho cực dương trong một thế hệ pin lithium-ion mới mạnh hơn. Các nhà hóa học lại ấn tượng bởi khả năng xúc tác của nó. Còn các nhà vật lý đang thử nghiệm khả năng biến đây trở thành một cảm biến phát hiện nhiều loại nguyên tử và phân tử.</p><figure class=\"table\"><table><tbody><tr><td><figure class=\"image\"><img src=\"https://znews-photo.zadn.vn/w660/Uploaded/lce_uxlcq/2019_04_07/arxivboron.jpg\" alt=\"Thoi dai pho bien sieu may tinh gan hon bao gio het nho vat lieu nay hinh anh 1 \"></figure></td></tr><tr><td>Một mảnh Borophene được tạo ra. Ảnh: <i>Wikimediacommons.</i></td></tr></tbody></table></figure><p>Zhi-Qiang Wang tại Đại học Hạ Môn, Trung Quốc và một số đồng nghiệp đã nghiên cứu các đặc tính đáng chú ý của borophene lẫn ứng dụng của nó.</p><p>Borophene có một lịch sử không dài. Các nhà vật lý lần đầu tiên dự đoán sự tồn tại của nó vào những năm 1990 bằng cách sử dụng mô phỏng máy tính để chỉ ra cách các nguyên tử boron có thể tạo thành một đơn lớp.</p><p>Nhưng chất liệu kỳ lạ này mãi đến năm 2015 mới được tổng hợp, sử dụng phương pháp lắng đọng hơi hóa học. Đây là một quá trình mà luồng khí nóng hợp thành bởi các nguyên tử boron ngưng tụ trên bề mặt nhiệt độ thấp của bạc nguyên chất.</p><p>Cấu trúc sắp xếp của các nguyên tử bạc buộc những nguyên tử boron hợp thành một mô hình tương tự nhau, mỗi nguyên tử liên kết tới sáu nguyên tử khác để tạo ra cấu trúc lục giác phẳng.</p><p>Tuy nhiên, một tỷ lệ đáng kể xảy ra khi các nguyên tử boron chỉ liên kết với bốn hoặc năm nguyên tử khác và điều này tạo ra các vị trí trống trong cấu trúc. Mô hình tinh thể với các vị trí trống là thứ mang lại cho borophene tính chất độc đáo của nó, tùy thuộc vào cách sắp xếp những vị trí này.</p><figure class=\"table\"><table><tbody><tr><td><figure class=\"image\"><img src=\"https://znews-photo.zadn.vn/w660/Uploaded/lce_uxlcq/2019_04_07/borophenefig.jpg\" alt=\"Thoi dai pho bien sieu may tinh gan hon bao gio het nho vat lieu nay hinh anh 2 \"></figure></td></tr><tr><td>Các dạng mô hình tinh thể của Borophene. Ảnh:<i> Technologyreview.</i></td></tr></tbody></table></figure><p>Kể từ khi tổng hợp được borophene, các nhà hóa học đã cố gắng tìm hiểu đặc tính của nó. Borophene hóa ra mạnh hơn graphene và cũng linh hoạt hơn. Nó là một chất dẫn điện, nhiệt tốt và có thể đạt trạng thái siêu dẫn. Các tính chất này khác nhau tùy thuộc vào định hướng vật liệu và cách sắp xếp vị trí lỗ trống. Nghĩa là về nguyên tắc, chúng ta có thể điều chỉnh được các đặc tính của nó theo ý mình. Đây là điều khiến giới hóa học cực kỳ phấn khích.</p><p>Borophene cũng nhẹ và hoạt động hóa học khá mạnh. Điều đó biến nó trở thành một ứng cử viên hàng đầu trong việc lưu trữ các ion kim loại trong pin. “Borophene là một vật liệu cực dương đầy hứa hẹn cho pin Li, Na và Mg do điện dung về mặt lý thuyết cao, độ dẫn điện tuyệt vời và tính chất vận chuyển ion vượt trội”. Wang nói.</p><p>Các nguyên tử hydro cũng dễ dàng dính vào cấu trúc một lớp borophene, và tính chất hấp phụ này khi kết hợp với diện tích bề mặt lớn của các lớp nguyên tử, làm cho borophene trở thành vật liệu đầy hứa hẹn để lưu trữ hydro. Các nghiên cứu lý thuyết cho thấy borophene có thể lưu trữ hydro tới hơn 15% trọng lượng của nó, nhiều hơn đáng kể so với các vật liệu khác.</p><figure class=\"table\"><table><tbody><tr><td><figure class=\"image\"><img src=\"https://znews-photo.zadn.vn/w660/Uploaded/lce_uxlcq/2019_04_07/sierra875x500100778404large_1.jpg\" alt=\"Thoi dai pho bien sieu may tinh gan hon bao gio het nho vat lieu nay hinh anh 3 \"></figure></td></tr><tr><td>Thời đại các siêu máy tính đang gần hơn bao giờ hết nhờ triển vọng xán lạng của bororphene. Ảnh: <i>Network Word.</i></td></tr></tbody></table></figure><p>Chưa hết, borophene có khả năng xúc tác cho sự phân hủy hydro phân tử thành các ion hydro, và nước thành các ion hydro và oxy. “Tính xúc tác xuất sắc của borophene đã được tìm thấy trong phản ứng tiến hóa hydro, phản ứng khử oxy, phản ứng tiến hóa oxy và phản ứng điện khí CO2”, nhóm nghiên cứu cho biết. Điều đó có thể mở ra một kỷ nguyên mới của chu kỳ năng lượng dựa trên nước.</p><p>Tuy nhiên, các nhà hóa học còn nhiều thách thức trước khi đưa borophene vào sử dụng rộng rãi. Đầu tiên, họ vẫn chưa tìm ra cách tạo borophene số lượng lớn. Và khả năng phản ứng mạnh mẽ của vật liệu có nghĩa là nó dễ bị oxy hóa, vì vậy cần được bảo vệ cẩn thận. Cả hai yếu tố làm cho việc chế tạo borophene đắt đỏ và khó xử lý.</p><p>Nhưng các nhà hóa học vẫn có niềm tin lớn rằng Borophene có thể trở thành vật liệu kỳ diệu tiếp theo đưa nhân loại vào tương lai năng lượng sạch và các máy tính siêu thông minh.</p>', '2019-05-05 18:54:22', 'Quân', 1, 0, 1, 'inter'),
(32, 'Lấy thông tin từ báo chí, Facebook, YouTube sẽ phải trả tiền bản quyền', 'Theo Ủy ban châu Âu, bên cạnh các nội dung về âm nhạc, phim ảnh, luật bản quyền mới cũng sẽ áp dụng cho các thông tin từ báo chí.', NULL, '<p>Trang Recode đưa tin <a href=\"https://news.zing.vn/tieu-diem/facebook.html\">Facebook</a> và <a href=\"https://news.zing.vn/tieu-diem/youtube.html\">YouTube</a> sắp phải đối mặt với luật bản quyền chặt chẽ hơn tại châu Âu. Theo đó, những nền tảng mạng xã hội này sẽ phải ký thỏa thuận cấp phép với các chủ sở hữu bản quyền để sử dụng sản phẩm của họ.</p><p>Điều luật này được Nghị viện châu Âu và Ủy ban châu Âu thông qua vào ngày 15/4. Theo Ủy ban châu Âu, bên cạnh các nội dung về âm nhạc, phim ảnh, luật này cũng sẽ áp dụng cho các thông tin từ báo chí.</p><figure class=\"table\"><table><tbody><tr><td><figure class=\"image\"><img src=\"https://znews-photo.zadn.vn/w660/Uploaded/fsmyy/2019_04_18/SevenreasonsyourbusinessshouldbeonYouTube.jpg\" alt=\"Lay thong tin tu bao chi, Facebook, YouTube se phai tra tien ban quyen hinh anh 1 \"></figure></td></tr><tr><td>Những nội dung trên YouTube, Facebook sẽ được quản lý chặt chẽ hơn sau khi điều luật chính thức áp dụng. Ảnh:&nbsp;<i>Punch Newspapers</i>.</td></tr></tbody></table></figure><p>Đây được xem là động thái mạnh tay của châu Âu nhằm đảm bảo các nền tảng mạng xã hội chịu trách nhiệm về những nội dung mà người dùng chia sẻ, đồng thời cố gắng trả lại hàng tỷ USD doanh thu mà Facebook và YouTube kiếm được mỗi năm cho những người thực sự tạo ra nội dung đó.</p><p>Điều này đồng nghĩa với việc Google và Facebook sẽ cần phải nhanh chóng tìm ra biện pháp kỹ thuật mới cũng như cải thiện bộ lọc để phát hiện mọi nội dung, tài liệu có bản quyền được đăng tải lên nhằm ngăn chặn hoặc gỡ bỏ nếu vi phạm đến vấn đề bản quyền tin tức.</p><p>\"Luật bản quyền mới tại châu Âu là một bước tiến, hai bước lùi. Lệnh này sẽ hạn chế sự sáng tạo, có khả năng dẫn đến việc các dịch vụ trực tuyến buộc phải chặn nội dung một cách gay gắt để hạn chế rủi ro pháp lý\",&nbsp;Kent Walker, phó chủ tịch cấp cao của Google cho biết.</p><p>Facebook chưa đưa ra bình luận về thông tin trên. Sau khi điều luật được thông qua, mỗi quốc gia thành viên Liên minh châu Âu sẽ có 24 tháng để điều chỉnh quy định phù hợp với từng nước. Điều đó có nghĩa là các công ty công nghệ như Facebook, Google sẽ phải tuân thủ theo các yêu cầu khác nhau ở mỗi quốc gia.</p>', '2019-05-05 18:55:47', 'Quân', 1, 0, 1, 'inter');
INSERT INTO `tin` (`id_tin`, `tieude`, `mota`, `img`, `noidung`, `ngaydangtin`, `tacgia`, `solanxem`, `tinhot`, `trangthai`, `id_loaitin`) VALUES
(33, 'Aston Martin DBS Superleggera Volante ra mắt, giá 329.000 USD', 'Aston Martin vừa mở rộng gia đình xe hiệu suất cao với mẫu xe mui trần DBS Superleggera Volante hoàn toàn mới, đây cũng là mẫu xe mui trần nhanh nhất mà Aston Martin từng sản xuất.', NULL, '<figure class=\"table\"><table><tbody><tr><td><figure class=\"image\"><img src=\"https://znews-photo.zadn.vn/w1440/Uploaded/lce_cjvcc/2019_04_24/f953ffb6astonmartindbssuperleggeravolante4.jpg\" alt=\"Aston Martin DBS Superleggera Volante ra mat, gia 329.000 USD hinh anh 1 \"></figure></td></tr><tr><td>Aston Martin vừa mở rộng gia đình xe hiệu suất cao với việc vén màn mẫu xe mui trần DBS Superleggera Volante hoàn toàn mới.&nbsp;</td></tr></tbody></table></figure><figure class=\"table\"><table><tbody><tr><td><figure class=\"image\"><img src=\"https://znews-photo.zadn.vn/w1440/Uploaded/lce_cjvcc/2019_04_24/b3ae8b1bastonmartindbssuperleggeravolante11.jpg\" alt=\"Aston Martin DBS Superleggera Volante ra mat, gia 329.000 USD hinh anh 2 \"></figure></td></tr><tr><td>Trong tiếng Italy, \'\'Superleggera\'\' có nghĩa là nhẹ, nhằm ám chỉ những mẫu xe được giảm nhẹ khối lượng để tăng hiệu suất. Trước đây, Superleggera chỉ được gắn với những mẫu xe đến từ các thương hiệu của Italy như Lamborghini hay Ducati.</td></tr></tbody></table></figure><figure class=\"table\"><table><tbody><tr><td><figure class=\"image\"><img src=\"https://znews-photo.zadn.vn/w1440/Uploaded/lce_cjvcc/2019_04_24/72248c12astonmartindbssuperleggeravolante3.jpg\" alt=\"Aston Martin DBS Superleggera Volante ra mat, gia 329.000 USD hinh anh 3 \"></figure></td></tr><tr><td>Được gắn mác là mẫu xe mui trần nhanh nhất mà Aston Martin từng sản xuất, DBS Superleggera Volante sở hữu động cơ tăng áp kép V12 5.2L sản sinh công suất 715 mã lực và mô-men xoắn 900 Nm tương tự bản coupe.</td></tr></tbody></table></figure><figure class=\"table\"><table><tbody><tr><td><figure class=\"image\"><img src=\"https://znews-photo.zadn.vn/w1440/Uploaded/lce_cjvcc/2019_04_24/4b94f1f7astonmartindbssuperleggeravolante1.jpg\" alt=\"Aston Martin DBS Superleggera Volante ra mat, gia 329.000 USD hinh anh 4 \"></figure></td></tr><tr><td>Kết hợp với hộp số tự động 8 cấp, động cơ này giúp DBS Superleggera Volante tăng tốc 0-100 km/h trong 3,6 giây; 0-161 km/h trong 6,7 giây và vận tốc tối đa 340 km/h.</td></tr></tbody></table></figure><figure class=\"table\"><table><tbody><tr><td><figure class=\"image\"><img src=\"https://znews-photo.zadn.vn/w1440/Uploaded/lce_cjvcc/2019_04_24/eac4426fastonmartindbssuperleggeravolante5.jpg\" alt=\"Aston Martin DBS Superleggera Volante ra mat, gia 329.000 USD hinh anh 5 \"></figure></td></tr><tr><td>Thừa hưởng phần lớn thiết kế từ bản coupe, DBS Superleggera Volante được trang bị các trục bên sâu hơn, giúp hút thêm không khí từ vòm bánh xe trước, qua đó giảm được lực nâng và giữ thân xe ổn định ở tốc độ cao.</td></tr></tbody></table></figure><figure class=\"table\"><table><tbody><tr><td><figure class=\"image\"><img src=\"https://znews-photo.zadn.vn/w1440/Uploaded/lce_cjvcc/2019_04_24/96719240astonmartindbssuperleggeravolante6.jpg\" alt=\"Aston Martin DBS Superleggera Volante ra mat, gia 329.000 USD hinh anh 6 \"></figure></td></tr><tr><td>Ngoài ra, bản mui trần này còn có thêm hệ thống Aeroblade ll được cải tiến giúp cung cấp thêm lực ép cho phần đuôi xe. Nhờ vậy, DBS Superleggera Volante có thể sản sinh lực ép xuống mặt đường tương đương khối lượng 177 kg, chỉ kém 3 kg so với bản coupe.</td></tr></tbody></table></figure><figure class=\"table\"><table><tbody><tr><td><figure class=\"image\"><img src=\"https://znews-photo.zadn.vn/w1440/Uploaded/lce_cjvcc/2019_04_24/ce57fb57astonmartindbssuperleggeravolante7.jpg\" alt=\"Aston Martin DBS Superleggera Volante ra mat, gia 329.000 USD hinh anh 7 \"></figure></td></tr><tr><td>Đương nhiên, mui xe là phần khác biệt dễ thấy nhất để phân biệt bản coupe và bản mui trần. Phần mui mềm trên DBS Superleggera Volante được cấu thành từ 8 lớp vải khác nhau và khách hàng có thể tùy chọn 8 màu khác nhau cho 8 lớp vải này. Xe cần 14 giây để đóng/mở hoàn toàn phần mui này.</td></tr></tbody></table></figure><figure class=\"table\"><table><tbody><tr><td><figure class=\"image\"><img src=\"https://znews-photo.zadn.vn/w1440/Uploaded/lce_cjvcc/2019_04_24/33565f61astonmartindbssuperleggeravolante2.jpg\" alt=\"Aston Martin DBS Superleggera Volante ra mat, gia 329.000 USD hinh anh 8 \"></figure></td></tr><tr><td>Các tùy chọn riêng là \'\'đặc sản\'\' không thể thiếu trên những siêu phẩm như DBS Superleggera Volante. Hãng xe Anh cung cấp cho khách hàng tùy chọn khung kính chắn gió và nắp che mui bằng sợi carbon.</td></tr></tbody></table></figure><figure class=\"table\"><table><tbody><tr><td><figure class=\"image\"><img src=\"https://znews-photo.zadn.vn/w1440/Uploaded/lce_cjvcc/2019_04_24/64ffedb2astonmartindbssuperleggeravolante9.jpg\" alt=\"Aston Martin DBS Superleggera Volante ra mat, gia 329.000 USD hinh anh 9 \"></figure></td></tr><tr><td>Bên trong xe, khoang nội thất được bố trí kiểu chỗ ngồi 2+2, vô-lăng thể thao, vật liệu gỗ đen và da Alcantara xuất hiện khắp mọi nơi. Các công nghệ nổi bật như hàng ghế trước chỉnh điện, hệ thống thông tin giải trí với màn hình 8 inch tích hợp định vị GPS.</td></tr></tbody></table></figure><figure class=\"table\"><table><tbody><tr><td><figure class=\"image\"><img src=\"https://znews-photo.zadn.vn/w1440/Uploaded/lce_cjvcc/2019_04_24/284e861bastonmartindbssuperleggeravolante10.jpg\" alt=\"Aston Martin DBS Superleggera Volante ra mat, gia 329.000 USD hinh anh 10 \"></figure></td></tr><tr><td>Aston Martin DBS Superleggera Volante có giá khởi điểm từ 329.000 USD tại Mỹ, 247.500 bảng Anh tại thị trường nội địa và 295.500 EUR tại thị trường châu Âu. Những chiếc DBS Superleggera Volante đầu tiên sẽ đến tay khách hàng từ quý III năm nay.</td></tr></tbody></table></figure>', '2019-05-05 18:57:30', 'Quân', 1, 0, 1, 'lx'),
(34, 'Bị cáo chính được án treo, đồng phạm bị tù giam', 'Bị cáo có vai trò chính, bị truy nã nhưng lại được TAND TP Nha Trang (Khánh Hòa) ưu ái cho hưởng án treo, trong khi các đồng phạm cùng vụ thì bị tù giam.', NULL, '<p>VKSND Cấp cao tại Đà Nẵng vừa có thông báo rút kinh nghiệm đến các VKS trong khu vực một vụ án hình sự bị cấp giám đốc thẩm hủy án do áp dụng án treo trái quy định pháp luật. Đó là vụ án do TAND TP Nha Trang (<a href=\"https://news.zing.vn/tieu-diem/khanh-hoa.html\">Khánh Hòa</a>) xét xử về tội Cố ý gây thương tích nhưng bị cáo có vai trò chính, từng bị truy nã lại cho hưởng án treo, còn các đồng phạm khác thì bị xử tù giam.</p><h3><strong>Xử án kiểu \"nhất bên trọng, nhất bên khinh\"</strong></h3><p>Theo hồ sơ, tối 19/1/2015, xuất phát từ mâu thuẫn trong khi hát karaoke, Phan Huy Thạch cùng năm người khác đánh chị Nguyễn Thị Kim Thanh gây thương tích 24%, hai người khác mỗi người 2%. Sau khi gây án, Thạch bỏ trốn.</p><p>Ngày 14/3/2015, cơ quan điều tra Công an TP Nha Trang ra lệnh truy nã đối với Thạch.</p><p>Xử sơ thẩm vụ án trên hồi tháng 8/2016 (khi Thạch đang bỏ trốn), HĐXX TAND TP Nha Trang do thẩm phán Nguyễn Thị Thu Hiếu làm chủ tọa nhận định các bị cáo phạm tội có tính đồng phạm giản đơn, mang tính bột phát, không có dự mưu từ trước, do thiếu kiềm chế nên cùng tham gia hành hung người bị hại.</p><figure class=\"table\"><table><tbody><tr><td><figure class=\"image\"><img src=\"https://znews-photo.zadn.vn/w660/Uploaded/xpcwvovb/2019_05_02/6biem_xuxe_1.jpg\" alt=\"Bi cao chinh duoc an treo, dong pham bi tu giam hinh anh 1 \"></figure></td></tr><tr><td>&nbsp;</td></tr></tbody></table></figure><p>Trong đó, thương tích nặng nhất làm cơ sở cho việc định khung tăng nặng ở khoản 2 Điều 104 BLHS là của chị Thanh nhưng vai trò chính gây thương tích đối với người bị hại này thuộc về Phan Huy Thạch đã bỏ trốn. TAND TP Nha Trang tuyên phạt năm bị cáo với mức án 17-18 tháng tù (tương đương với thời gian bị tạm giam).</p><p>Sau đó, Thạch bị bắt theo lệnh truy nã. Tại phiên tòa ngày 5/7/2017, HĐXX TAND TP Nha Trang (cũng do thẩm phán Nguyễn Thị Thu Hiếu làm chủ tọa) đã tuyên phạt Thạch hai năm sáu tháng án treo về tội Cố ý gây thương tích.</p><p>Bản án sơ thẩm này không có kháng cáo, không bị kháng nghị theo thủ tục phúc thẩm nên có hiệu lực pháp luật. Tuy nhiên, dư luận cho rằng việc cho hưởng án treo như vậy là không đảm bảo sự nghiêm minh, công bằng của pháp luật.</p><h3><strong>Hủy bản án cho hưởng án treo trái luật</strong></h3><p>Sau gần một năm bản án sơ thẩm (xử bị cáo Thạch) có hiệu lực, ngày 2/5/2018, viện trưởng VKSND Cấp cao tại Đà Nẵng kháng nghị giám đốc thẩm bản án này. Theo đó, VKS đề nghị TAND cùng cấp hủy bản án hình sự sơ thẩm để xét xử lại đối với Thạch theo hướng không cho bị cáo này hưởng án treo.</p><p>Theo VKSND Cấp cao tại Đà Nẵng, trong vụ án trên, Thạch có hành vi nguy hiểm, thể hiện tính côn đồ hung hãn. Bị cáo này đã dùng vỏ chai bia, ly thủy tinh đâm thẳng từ trên xuống mặt chị Thanh và dùng micro đánh, ném vào đầu chị Thanh, gây thương tích 24%. Kết quả giám định pháp y xác định năm vết sẹo vùng mặt ảnh hưởng thẩm mỹ, tỷ lệ thương tật 20%; năm vết sẹo vùng đầu, môi, sẹo liền, tỷ lệ thương tật 5%. Tỷ lệ tổn thương cơ thể do thương tích gây nên là 24%. VKSND TP Nha Trang quyết định truy tố Thạch theo khoản 2 Điều 104 BLHS, có khung hình phạt 2-7 năm tù là có căn cứ, đúng pháp luật.</p><p>Ngày 26/11/2018, TAND Cấp cao tại Đà Nẵng xét xử giám đốc thẩm đã chấp nhận kháng nghị của VKSND cùng cấp, tuyên hủy bản án hình sự sơ thẩm để xét xử lại theo thủ tục chung.</p><p>Trong thông báo rút kinh nghiệm, VKSND Cấp cao tại Đà Nẵng cho rằng vụ án trên có sáu bị cáo, tuy bị xét xử ở những thời điểm khác nhau nhưng cùng về tội Cố ý gây thương tích. Trong đó, bị cáo Thạch là người giữ vai trò chính, khởi xướng việc đánh nhau nên thuộc đối tượng cần phải nghiêm trị. Hành vi của bị cáo mang tính chất côn đồ, thực hiện tội phạm quyết liệt hơn các bị cáo khác.</p><p>Sau khi gây án, Thạch bỏ trốn khỏi địa phương, phải truy nã, gây trở ngại cho việc giải quyết vụ án. Thế nhưng khi xét xử, tòa án cấp sơ thẩm áp dụng Điều 60 BLHS 1999, xử phạt Thạch hai năm sáu tháng án treo là chưa nghiêm minh, không đúng với hướng dẫn tại Nghị quyết số 01/2013 ngày 6/11/2013 của hội đồng thẩm phán TAND Tối cao áp dụng Điều 60 BLHS về án treo.</p>', '2019-05-05 18:58:36', 'Quân', 2, 0, 1, 'pd'),
(35, 'Sun Premier Village Primavera mang hơi thở Địa Trung Hải tới Phú Quốc', 'Dưới chân ga đi cáp treo Hòn Thơm, một bến cảng phồn hoa đang được kiến tạo, để hoàn thiện nhiệm vụ biến An Thới trở thành thủ phủ mới của nam đảo Phú Quốc.', NULL, '<p>Nhắc đến Địa Trung Hải là nhắc đến những ngôi làng biển xinh đẹp nằm dọcbờ biển phía bắc vịnh Salerno, miền nam Italy. Những vách đá sừng sững, bãi cát hoang sơ, con đường lượn sóng chạy dọc qua những thị trấn cổ đầy sắc màu, và mùi hương rượu chanh tươi mát... khiến người ta gọi Amalfi bên bờ Địa Trung Hải là thiên đường.</p><figure class=\"table\"><table><tbody><tr><td><figure class=\"image\"><img src=\"https://znews-photo.zadn.vn/w660/Uploaded/wyhktpu/2019_05_03/Ve_dep_thien_duong_cua_Amalfi_ben_bo_Dia_Trung_Hai_Anh_Internet_1.jpg\" alt=\"Sun Premier Village Primavera mang hoi tho Dia Trung Hai toi Phu Quoc hinh anh 1 \"></figure><figure class=\"image\"><img src=\"https://znews-photo.zadn.vn/w660/Uploaded/wyhktpu/2019_05_03/Amalfi_luon_la_diem_den_mo_uoc_cua_du_khach_tren_khap_the_gioi_Anh_Internet_1.jpg\" alt=\"Sun Premier Village Primavera mang hoi tho Dia Trung Hai toi Phu Quoc hinh anh 2 \"></figure></td></tr><tr><td>Người ta gọi Amalfi là “miền đất phồn hoa”, bởi từ thuở sơ khai, đây là cửa ngõ giao thương đường biển của Địa Trung Hải, nơi hội tụ của hưng thịnh và giàu có.</td></tr></tbody></table></figure><p>&nbsp;</p><p>Nếu như cần đến cả thiên niên kỷ để “cộng hòa biển” này trở thành một di sản thế giới, Sun Group với tầm nhìn và tâm huyết, đã dụng công tái hiện nét quyến rũ của Amalfi bằng tổ hợp Sun Premier Village Primavera tại chân ga đi cáp treo Hòn Thơm.</p><p>Sun Group đang hiện thực hóa tham vọng mang sự phồn thịnh của những thị trấn nổi tiếng bên bờ Địa Trung Hải về nam đảo Phú Quốc, và biến nơi đây trở thành bến cảng phồn hoa.</p><p>Không khó để nhận ra rằng, Sun Premier Village Primavera đang tái hiện đầy đủ về câu chuyện lịch sử của một vùng đất phồn thịnh bên bờ biển nước Italy xa xôi. Từng mảng tường được sơn vẽ cầu kỳ, từng bậc thang được đan cài trong tổ hợp giải trí nghỉ dưỡng này đều mang trọn vẹn hơi thở phóng khoáng miền Địa Trung Hải, cùng lối kiến trúc độc đáo của thị trấn di sản.</p><figure class=\"table\"><table><tbody><tr><td><figure class=\"image\"><img src=\"https://znews-photo.zadn.vn/w660/Uploaded/wyhktpu/2019_05_03/Tai_hien_mot_Dia_Trung_Hai_phon_thinh_o_Nam_Phu_Quoc.jpg\" alt=\"Sun Premier Village Primavera mang hoi tho Dia Trung Hai toi Phu Quoc hinh anh 3 \"></figure></td></tr><tr><td>Tái hiện một Địa Trung Hải phồn thịnh ở nam Phú Quốc.</td></tr></tbody></table></figure><p>Lạc giữa Sun Premier Village Primavera, bạn sẽ ngỡ như đang bước bên những con đường quanh co đậm chất thơ của ngôi làng biển phồn hoa miền nam nước Italy. Đặc biệt, nằm tại trái tim của dự án, khu làng chính là nơi được Sun Group tạc nên tháp chuông cao 75 m, nằm ở độ cao 87,50 m so với mặt nước biển.</p><p>Mô phỏng theo tháp chuông nổi tiếng của thành phố Venice, tháp chuông nằm ở vị trí trung tâm tổ hợp Sun Premier Village Primavera được dựng lên như một biểu tượng cho sức sống phồn thịnh và bất diệt. Từ tháp chuông ngắm hoàng hôn, thu vào tầm mắt toàn bộ khung cảnh thiên đường đảo ngọc sẽ là một trải nghiệm vượt ngoài sức tưởng tượng.</p><p>Bên cạnh đó, khu trung tâm thương mại, siêu thị, khách sạn… được thiết kế trong những khối nhà giật cấp nhiều tầng tạo nên một tổng thể cộng hưởng các dịch vụ mua sắm, giải trí lớn. Những nhãn hàng quốc tế trong nhiều lĩnh vực cũng sẽ có mặt tại khu trung tâm này, đem đến trải nghiệm mua sắm đẳng cấp chưa từng có ở Phú Quốc. Cùng đó là các tiện ích hiện đại như bể bơi tiêu chuẩn quốc tế, khu vui chơi trong nhà, khu vui chơi bãi biển, chuỗi nhà hàng sát biển…</p><figure class=\"table\"><table><tbody><tr><td><figure class=\"image\"><img src=\"https://znews-photo.zadn.vn/w660/Uploaded/wyhktpu/2019_05_03/Ben_cang_phon_hoa_Sun_Primer_Village_Primavera_day_quyen_ru.jpg\" alt=\"Sun Premier Village Primavera mang hoi tho Dia Trung Hai toi Phu Quoc hinh anh 4 \"></figure></td></tr><tr><td>“Bến cảng phồn hoa” Sun Primer Village Primavera đầy quyến rũ.</td></tr></tbody></table></figure><p>Đến với nơi này, du khách sẽ tan chảy khi đi dọc bờ biển duyên dáng để ngắm nhìn toàn cảnh Sun Primer Village Primavera đẹp tựa Địa Trung Hải giữa mây trời Phú Quốc, và sôi động hết mình khi hòa vào hoạt động của các câu lạc bộ biển đầy phóng khoáng... Để khi đêm về, ánh điện lung linh sẽ phô diễn toàn bộ vẻ phồn hoa đô hội trong dãy cửa hiệu lấp lánh, khu mua sắm sầm uất, những quán bar sôi động hay quán cà phê lãng mạn với tầm nhìn bao trọn đại dương.</p><p>Sun Primer Village Primavera sẽ mang đến đủ mọi cung bậc cảm xúc, khi sôi động trẻ trung, khi bình yên tĩnh lặng, lúc phồn hoa đô hội, lại có lúc trầm mặc an nhiên. Một tổ hợp shophouse đẳng cấp tại thị trấn An Thới, một bến cảng sầm uất và bình an được tái hiện bên bãi biển trong vắt của Phú Quốc, một cuộc trải nghiệm giàu sang và tràn đầy sức sống giữa lòng đảo ngọc.</p>', '2019-05-05 18:59:48', 'Quân', 1, 0, 1, 'bds'),
(36, 'Giải mã nhu cầu sở hữu căn hộ \'xanh\' tại nội đô Hà Nội', 'Không gian xanh đích thực đang trở thành một trong những tiêu chí hàng đầu khi chọn mua nhà của nhiều người.', NULL, '<p>Những tháng đầu năm, ô nhiễm môi trường tại Hà Nội đã chạm ngưỡng báo động đỏ, chỉ số chất lượng không khí (AQI) thường xuyên trên 100 - mức độ không khí kém và xấu. Người dân thường xuyên phải đối diện với tình trạng hít cả bụi mịn mà khẩu trang thông thường không thể ngăn chặn được, ảnh hưởng nghiêm trọng đến sức khỏe con người.</p><p>Trong hoàn cảnh đó, nhu cầu tìm nơi sống đảm bảo không khí trong lành, xanh mát ngày càng tăng. Các yếu tố xanh trong khu chung cư dường như là một trong những điều không thể thiếu cấu thành giá trị của căn hộ.</p><p>Tuy nhiên, ở Hà Nội, nhiều chung cư, khu nhà ở mọc lên như nấm nhưng không đủ chuẩn sống xanh đích thực, người mua còn phải đối mặt với nguy cơ giá tăng nhanh. Tìm nhà ở, đặc biệt căn hộ chung cư cao cấp đáp ứng yêu cầu xanh và chính sách tài chính hợp lý, đang là nhu cầu bức thiết của nhiều người.</p><figure class=\"table\"><table><tbody><tr><td><figure class=\"image\"><img src=\"https://znews-photo.zadn.vn/w660/Uploaded/wyhktpu/2019_04_26/image001_7.jpg\" alt=\"Giai ma nhu cau so huu can ho \'xanh\' tai noi do Ha Noi hinh anh 1 \"></figure></td></tr><tr><td>Màu xanh phủ bóng khu đô thị.</td></tr></tbody></table></figure><p>Thấu hiểu những nhu cầu đó, Gamuda Land Việt Nam cho ra mắt The ZEN Residence tại ở cửa ngõ phía Nam thủ đô, được định vị là khu đô thị xanh, căn hộ thông minh và đầy đủ tiện ích.</p><p>Là tổ hợp căn hộ cao tầng cuối cùng được xây dựng trong khu đô thị sinh thái Gamuda Gardens Hoàng Mai, The Zen Residence bao gồm 3 tòa nhà cao từ 31 đến 35 tầng. Mỗi căn hộ có từ một đến 3 phòng ngủ với diện tích từ 52 đến 216 m2. Đúng như tên gọi, kiến trúc của The Zen Residence là sự kết hợp hài hòa giữa phong cách phương Đông và yếu tố mới mẻ mang hơi thở thời đại.</p><p>Hưởng lợi về vị trí, cơ sở hạ tầng đồng bộ của khu đô thị Gamuda Gardens, tổng thể The ZEN Residence dựa trên địa hình tự nhiên để quy hoạch công viên, hồ nước, cũng như không gian sinh hoạt cộng đồng cho cư dân.</p><p>Bên ngoài, các toà nhà của The Zen Residence đều được thiết kế giếng trời để tăng sự thoáng đãng và tối đa hóa diện tích tiếp xúc ánh sáng tự nhiên ở tất cả các phòng. Khu đô thị được phủ màu xanh từ khuôn viên, khu dạo bộ, vườn thượng uyển trên tầng thượng, bể bơi vô vực, tiểu cảnh…</p><p>Bên trong, mỗi căn hộ đều có không gian đặc biệt để gia chủ bày trí khu vườn hoa, cây cảnh theo ý thích. Thiết kế căn hộ linh hoạt, tùy biến nhằm mang nắng trời tự nhiên vào phòng, vừa gần gũi với với thiên nhiên, vừa tiết kiệm điện năng.</p><figure class=\"table\"><table><tbody><tr><td><figure class=\"image\"><img src=\"https://znews-photo.zadn.vn/w660/Uploaded/wyhktpu/2019_04_26/image002.jpg\" alt=\"Giai ma nhu cau so huu can ho \'xanh\' tai noi do Ha Noi hinh anh 2 \"></figure></td></tr><tr><td>Thiết kế hiện đại của dự án.</td></tr></tbody></table></figure><p>Ngoài ra, những tiện ích trong khu đô thị đáp ứng đời sống sinh hoạt bao gồm trường học, bệnh viện, trung tâm mua sắm, hệ thống siêu thị, chăm sóc sắc đẹp, dịch vụ giải trí, khu vui chơi, sinh hoạt cộng đồng… Cư dân có thể rèn luyện sức khỏe tại bể bơi vô cực, phòng tập yoga, khu vui chơi ngoài trời, vườn thượng uyển, thư viện và khu sinh hoạt cộng đồng.</p><p>Chị Nguyễn Quỳnh Mai (Lĩnh Nam, Hà Nội) chia sẻ: “Khi quyết định đổi sang căn hộ mới và to hơn do hai bé đã lớn, tôi đã chọn The Zen Residence thay vì các dự án khác bởi không gian xanh mát. Gia đình rất mong tìm được một nơi an cư lạc nghiệp, có không gian có để các cháu hòa mình vào thiên nhiên”.</p><figure class=\"table\"><table><tbody><tr><td><figure class=\"image\"><img src=\"https://znews-photo.zadn.vn/w660/Uploaded/wyhktpu/2019_04_26/image003_6.jpg\" alt=\"Giai ma nhu cau so huu can ho \'xanh\' tai noi do Ha Noi hinh anh 3 \"></figure></td></tr><tr><td>Dự án trang bị đa dạng tiện ích.</td></tr></tbody></table></figure><p>Nhằm hỗ trợ tối đa người mua nhà, đơn vị chủ quản - Gamuda Land, đưa ra chính sách tài chính thông minh, linh hoạt: Chỉ cần thanh toán 30% giá trị hợp đồng - khoảng 490 triệu đồng, người mua có thể nhận nhà trong tháng 7, chính thức trở thành chủ sở hữu căn hộ đó.</p><p>Gamuda còn cho phép gia hạn nợ gốc với lãi suất 0 đồng trong suốt 24 tháng. Tất cả người mua nhà trong tháng 4 đều có cơ hội bốc thăm trúng thưởng hàng tuần để nhận IphoneX. Chương trình áp dụng từ 1/4 đến 10/5 và chỉ có giá trị với toà The Carlton.</p>', '2019-05-06 19:00:30', 'Quân', 1, 0, 1, 'bds'),
(37, 'Thế nào là đô thị chuẩn đáng sống?', 'Ngoài chất lượng xây dựng, yếu tố môi trường, mật độ dân cư, cơ sở vật chất… là những tiêu chí bắt buộc khi đánh giá mức độ đáng sống của một đô thị.', NULL, '<p>Cơ quan nghiên cứu kinh tế toàn cầu <i>Economist Intelligence Unit</i> (EIU) đã công bố báo cáo về chỉ số đo lường cuộc sống tại các thành phố tốt nhất thế giới năm 2018 (The Global Liveability Index 2018).</p><p>Theo đó, các tiêu chí đưa ra để khảo sát, đánh giá và xếp hạng 5 thành phố đáng sống nhất thế giới bao gồm: tỷ lệ không gian xanh trên mật độ dân cư; cơ sở vật chất; sự an toàn, ổn định. Đây có thể xem là những thước đo về “chuẩn đáng sống”. Ngoài ra, Liên Hợp Quốc cũng đưa ra các chỉ số đánh giá hạnh phúc dựa trên những thông số về môi trường sống và sự tương tác của con người.</p><p>Các yếu tố kể trên cũng góp phần quan trọng vào việc đưa nhiều thành phố lớn như Vienna (Áo), Melbourne (Australia) hay Vancouver (Canada) đạt danh hiệu những nơi đáng sống nhất theo công bố của <i>The Economist</i> năm 2018. Đáng chú ý, Hà Nội và TP.HCM cũng lọt vào top 5 thành phố có sự thay đổi tích cực nhất về chất lượng sống trong vòng 5 năm qua.</p><figure class=\"table\"><table><tbody><tr><td><figure class=\"image\"><img src=\"https://znews-photo.zadn.vn/w660/Uploaded/wyhktpu/2019_01_07/image001_3.jpg\" alt=\"The nao la do thi chuan dang song? hinh anh 1 \"></figure></td></tr><tr><td>Melbourne (Australia) là một trong những thành phố đáng sống nhất trên thế giới.</td></tr></tbody></table></figure><p>Với mức thu nhập ngày càng cao, người dân ở các thành phố lớn như Hà Nội hay TP.HCM sẵn sàng chi trả nhiều hơn cho chất lượng và không gian sống. Một căn nhà không chỉ cần đầy đủ tiện nghi, an toàn mà còn phải hỗ trợ nâng cao đời sống tinh thần, sức khỏe, cũng như tạo cơ hội gắn kết cộng đồng tiên tiến, văn minh.</p><p>Đây là lý do một số khu đô thị tại Việt Nam như Celadon City (TP.HCM) và Gamuda City (Hà Nội) đã xây dựng theo các tiêu chuẩn về chất lượng sống của thế giới, nhằm đáp ứng tốt nhất nhu cầu của người dân.</p><p>Đều trực thuộc chủ đầu tư Gamuda Land với tiềm lực tài chính vững mạnh, được hỗ trợ bởi công ty mẹ Gamuda Berhad (Malaysia), 2 dự án chú trọng phát triển mảng xanh, đẩy mạnh sự tiện nghi và nâng cao kết nối văn hoá cho cộng đồng cư dân.</p><figure class=\"table\"><table><tbody><tr><td><figure class=\"image\"><img src=\"https://znews-photo.zadn.vn/w660/Uploaded/wyhktpu/2019_01_07/image003_3.jpg\" alt=\"The nao la do thi chuan dang song? hinh anh 2 \"></figure></td></tr><tr><td>Khuôn viên tươi mát của Celadon City giải toả “cơn khát” không gian xanh của người dân thành phố.</td></tr></tbody></table></figure><p>Trong đó không thể không nhắc đến điểm nhấn là khu công viên 16 ha của Celadon City, gồm 6.000 cây xanh trưởng thành và 3 hồ điều hòa - lớn thứ 3 trong số các công viên quy mô nhất của nhất TP.HCM.</p><p>Gamuda Land cũng tạo được dấu ấn nhất định trên thị trường bất động sản, khi cải tạo thành công khu vực Yên Sở (Hà Nội) từ một vùng đầm lầy trũng trở thành khu công viên đô thị lớn nhất Việt Nam. Công trình với 102ha là hồ nước và cây xanh nằm trong dự án Gamuda City không chỉ phủ xanh rốn nước ngập lụt, mà còn góp phần tạo thêm không gian vui chơi, sinh hoạt công cộng cho cư dân ở phía nam thủ đô.</p><p>Chia sẻ về lý do chú trọng đầu tư không gian sinh thái trong các dự án của mình, ông Cheong Ho Kuan, Chủ tịch Hội đồng quản trị Gamuda Land tại Việt Nam, cho biết: “Khác với các nước trong khu vực, bất động sản Việt Nam đang thu hút nguồn đầu tư từ cả trong và ngoài nước. Mật độ xây dựng lớn của các dự án khu đô thị, tòa nhà chọc trời khiến quỹ đất thu hẹp nhanh chóng, dẫn tới thiếu mảng xanh cho cư dân. Trong khi đó, chất lượng cuộc sống cùng sự giao hòa với thiên nhiên mới là điều người dân ngày càng quan tâm”.</p><figure class=\"table\"><table><tbody><tr><td><figure class=\"image\"><img src=\"https://znews-photo.zadn.vn/w660/Uploaded/wyhktpu/2019_01_07/image005_2.jpg\" alt=\"The nao la do thi chuan dang song? hinh anh 3 \"></figure></td></tr><tr><td>Công viên Yên Sở mang đến diện mạo mới cho vùng đất phía nam Hà Nội.</td></tr></tbody></table></figure><p>Ngoài công viên Yên Sở, Gamuda City còn được quy hoạch khu nhà ở phức hợp với mật độ dân cư thấp (Gamuda Gardens), các trung tâm thương mại cao cấp (LeParc) và phát triển dịch vụ y tế - thể thao - giải trí đồng bộ.</p><p>Chỉ riêng Gamuda Gardens đã được xây dựng như một khu đô thị thu nhỏ với đầy đủ tiện ích như khu mua sắm, trường mẫu giáo, trường quốc tế SIS, khu ăn uống, bơi lội, tập gym và các môn thể thao khác.</p><p>Bên cạnh đó, LeParc lại hướng tới hình ảnh của một điểm vui chơi - giải trí - mua sắm hiện đại, theo nhiều chủ đề với hàng loạt sự kiện cuối tuần dành cho cộng đồng. Cơ sở vật chất hoàn thiện, không gian thoáng đãng, nhiều hoạt động văn hoá giải trí thường xuyên được tổ chức bởi nhà đầu tư đã giúp các cộng đồng dân cư tại Celadon City, Gamuda City có thêm nhiều cơ hội để tăng tính kết nối, gắn bó.</p><p>Sự xuất hiện của những dự án theo chuẩn đáng sống sẽ góp phần quan trọng trong việc xây dựng tổ ấm, hình thành nên cộng đồng dân cư văn minh, nâng cao dân trí. Tuy nhiên, điều này cũng đặt ra nhiều vấn đề trong chiến lược và tầm nhìn của nhà đầu tư về quy hoạch tổng thể bài bản, tỉ mỉ, đề cao giá trị bền vững, ứng dụng nhiều cải tiến sáng tạo trong thiết kế, đặt trọng tâm vào việc kết nối con người. Người dân ở các đô thị lớn cũng cần phải quan sát, chọn lựa và cân nhắc kỹ hơn trước khi tìm đến các dự án bất động sản.</p>', '2019-05-06 19:01:07', 'Quân', 2, 0, 1, 'bds'),
(38, 'Giải pháp kiến tạo đô thị xanh thời hiện đại', 'Cơ sở hạ tầng và bất động sản trong thời kỳ tốc độ đô thị hóa nhanh trở thành chủ đề thu hút sự quan tâm ở “Hội nghị Bất động sản 2018” do Forbes tổ chức tại TP.HCM.', NULL, '<p>Với chủ đề về Động lực tăng tưởng mới, hội nghị Bất động sản Forbes năm nay nhấn mạnh tốc độ phát triển nhanh của nền kinh tế Việt Nam đang tạo đà cho sự đô thị hoá, thúc đẩy nhu cầu về cơ sở hạ tầng và bất động sản trong nước.</p><p>Tăng trưởng kinh tế ổn định trên 6% đồng nghĩa với việc đời sống người dân được cải thiện và nhu cầu nhà cũng dần thay đổi. Người dân Việt Nam có nhiều lựa chọn hơn khi được hỗ trợ các khoản vay mua nhà. Bởi vậy, các yếu tố về chất lượng, bao gồm quy hoạch tổng thể chiến lược, vị trí địa lý đẹp và cộng đồng cư dân văn minh là những mối quan tâm hàng đầu khi chọn mua nhà ở.</p><figure class=\"table\"><table><tbody><tr><td><figure class=\"image\"><img src=\"https://znews-photo.zadn.vn/w660/Uploaded/wyhktpu/2018_12_27/image001_1.jpg\" alt=\"Giai phap kien tao do thi xanh thoi hien dai hinh anh 1 \"></figure></td></tr><tr><td>Ông Wyeren Yap Vooi Soon - Tổng giám đốc Gamuda Land (TP.HCM) tại hội nghị Forbes 2018.</td></tr></tbody></table></figure><p>Theo Forbes, tỷ lệ đô thị hoá ở Việt Nam đang đạt khoảng 37,5%, tăng 0,9% so với năm 2016 và dự kiến đạt ở mức 45% vào năm 2020. Song hành với lực đẩy từ lực lượng dân số trẻ đang mong muốn chứng tỏ bản thân bằng cách tìm việc tại các thành phố lớn, nhà ở đô thị lại càng có giá trị hơn.&nbsp;<br>Đại diện từ tập đoàn bất động sản đến từ Malaysia, Tổng giám đốc Gamuda Land (TP.HCM) - ông Wyeren Yap Vooi Soon, khẳng định điều này sẽ tạo động lực để Việt Nam tiếp cận nhiều dòng vốn đầu tư trực tiếp từ Trung Quốc, Hàn Quốc, Singapore và Malaysia. Nhu cầu tăng cao khiến nhà đầu tư cũng đặt ra bài toán chiến lược cho dự án đô thị thông minh, mang đến không gian sống chất lượng và văn minh.</p><figure class=\"table\"><table><tbody><tr><td><figure class=\"image\"><img src=\"https://znews-photo.zadn.vn/w660/Uploaded/wyhktpu/2018_12_27/image003_1.jpg\" alt=\"Giai phap kien tao do thi xanh thoi hien dai hinh anh 2 \"></figure></td></tr><tr><td>Mảng xanh được đầu tư kỹ lưỡng tại Celadon City, chiếm đến 16/82 hecta diện tích.</td></tr></tbody></table></figure><p>Đến hội nghị Bất động sản Forbes 2018 với cương vị là nhà tài trợ Platinum, Gamuda Land một lần nữa khẳng định vai trò với sự phát triển chung của thị trường. Tham gia các phiên thảo luận cùng những ông lớn bất động sản trong nước và khu vực, bàn về giải pháp thông minh cho thành phố thông minh, Gamuda Land thể hiện góc nhìn trong việc ứng dụng các xu hướng mới trên thế giới vào phát triển khu đô thị bền vững.</p><p>Để kiến tạo nên một khu đô thị thông minh xu hướng, Gamuda Land luôn ưu tiên đến điểm trọng yếu, thể hiện qua hai dự án Celadon City và Gamuda City. Dự án được đầu tư quy hoạch tổng thể với vị trí giao thông thuận tiện. Không gian đô thị được chăm chút từ phối cảnh, cơ sở hạ tầng đến thiết kế của mỗi căn hộ, với mật độ dân cư thấp để mang lại cảm giác riêng tư, thoải mái cho từng cư dân.</p><p>Một khu đô thị đúng nghĩa là nơi mọi người không chỉ tận hưởng cuộc sống với những tiện nghi hiện đại, mà còn được tận hưởng thiên nhiên trong lành ngay trong khu phố nhà mình.</p><p>Tích hợp nhiều tiện ích nâng tầm chất lượng sống, gắn kết cộng đồng trong nội khu cũng được đặc biệt chú trọng. Các dự án của Gamuda Land luôn tích hợp nhiều tiện nghi đạt tiêu chuẩn quốc tế: Bể bơi, nhà hàng, cà phê, phòng gym, phòng xông hơi, phòng hội nghị/ tiệc cưới, sân tennis, trung tâm mua sắm liền kề…</p><figure class=\"table\"><table><tbody><tr><td><figure class=\"image\"><img src=\"https://znews-photo.zadn.vn/w660/Uploaded/wyhktpu/2018_12_27/image005_1.jpg\" alt=\"Giai phap kien tao do thi xanh thoi hien dai hinh anh 3 \"></figure></td></tr><tr><td>Khu phức hợp thể thao và nghỉ dưỡng Celadon Sports &amp; Resorts Clubs được xây dựng ngay trong khuôn viên Celedon City của Gamuda Land.</td></tr></tbody></table></figure><p>Bên cạnh tiện nghi văn minh trong không gian sống, các hoạt động cộng đồng cũng được khuyến khích nhằm gắn kết cư dân. Điển hình như sự kiện “Chạy vì trái tim” được tổ chức thường niên tại khu đô thị Celadon City và Gamuda City nhằm gây quỹ cho trẻ em bị bệnh tim bẩm sinh trong 5 năm qua luôn nhận được sự quan tâm, ủng hộ của cộng đồng.</p><p>Thông qua những thảo luận chuyên môn và tầm nhìn chiến lược khi xây dựng khu đô thị thông minh, Gamuda Land khẳng định tầm quan trọng trong việc nắm bắt nhu cầu nhà ở của người dân Việt Nam. Giải pháp xây dựng đô thị thông minh của Gamuda Land cho thấy khả năng của nhà đầu tư này trong phát triển đô thị bền vững.</p><figure class=\"table\"><table><tbody><tr><td><figure class=\"image\"><img src=\"https://znews-photo.zadn.vn/w660/Uploaded/wyhktpu/2018_12_27/image007_1.jpg\" alt=\"Giai phap kien tao do thi xanh thoi hien dai hinh anh 4 \"></figure></td></tr><tr><td>Hoạt động thường niên “Chạy vì trái tim” tổ chức tại Celadon City và Gamuda City nhằm gây quỹ cho trẻ em bị bệnh tim bẩm sinh.</td></tr></tbody></table></figure>', '2019-05-06 19:01:41', 'Quân', 1, 0, 1, 'bds'),
(39, '\'Chạy vì trái tim 2018\' - chương trình ý nghĩa hỗ trợ trẻ em', '“Chạy vì trái tim” là sự kiện chạy bộ từ thiện thường niên nhằm gây quỹ phẫu thuật tim cho trẻ em nghèo, do Công ty CP Gamuda Land phối hợp cùng Quỹ Nhịp tim Việt Nam tổ chức.', NULL, '<p>Với thông điệp \"Nối nhịp tim - Vươn mầm sống\", Gamuda Land (HCMC) đặt mục tiêu giúp các em nhỏ bị bệnh tim bẩm sinh tìm lại tuổi thơ đúng nghĩa và hướng đến một tương lai tươi sáng hơn. Trong vòng 5 năm hoạt động, chương trình đã quyên góp gần 18 tỷ đồng và giúp đỡ 710 em nhỏ có hoàn cảnh khó khăn được phẫu thuật tim miễn phí.</p><figure class=\"table\"><table><tbody><tr><td><figure class=\"image\"><img src=\"https://znews-photo.zadn.vn/w660/Uploaded/wyhktpu/2018_12_03/_MG_9759.JPG\" alt=\"\'Chay vi trai tim 2018\' - chuong trinh y nghia ho tro tre em hinh anh 1 \"></figure></td></tr><tr><td>Sự kiện chạy từ thiện ý nghĩa diễn ra hàng năm.</td></tr></tbody></table></figure><p>Năm nay, Công ty Cổ phần Xây dựng Phục Hưng Holdings sẽ đồng hành cùng chương trình <i>Chạy vì trái tim </i>vào chủ nhật, 16/12 tại khu đô thị Celadon City, quận Tân Phú, TP.HCM. Với vai trò là nhà tài trợ chính, Phục Hưng Holdings mong muốn nối nhiều nhịp tim và mở ra hy vọng về một cuộc sống mới cho các em nhỏ cần được giúp đỡ.</p><p>Trong 17 năm hoạt động, Phục Hưng Holdings luôn kiên định với mục tiêu trở thành nhà thầu chất lượng hàng đầu Việt Nam bằng cách thực hiện nhiều dự án trên khắp cả nước, với chất lượng công trình được chủ đầu tư, thị trường và các tổ chức đánh giá cao. Trong các năm 2017, 2018, Phục Hưng Holdings đã được xếp trong top 5 nhà thầu xây dựng uy tín hàng đầu Việt Nam do tổ chức Việt Nam Repost bình chọn.</p><p>Bên cạnh hoạt động sản xuất kinh doanh, Phục Hưng Holdings còn chú trọng đến các hoạt động cộng đồng, vì sự phát triển chung của xã hội. Hàng năm, công ty đều tổ chức hoạt động thiện nguyện như gây quỹ ủng hộ gia đình người lao động có hoàn cảnh đặc biệt, ủng hộ đồng bào vùng thiên tai bão lũ, tài trợ học phí cho các học sinh giỏi có hoàn cảnh đặc biệt… và coi đó như một hoạt động quan trọng của đơn vị.</p><figure class=\"table\"><table><tbody><tr><td><figure class=\"image\"><img src=\"https://znews-photo.zadn.vn/w660/Uploaded/wyhktpu/2018_12_03/ONE_9640.JPG\" alt=\"\'Chay vi trai tim 2018\' - chuong trinh y nghia ho tro tre em hinh anh 2 \"></figure></td></tr><tr><td>Đại diện Phục Hưng Holdings và Công ty Gamuda Land tại họp báo “Chạy vì trái tim”.</td></tr></tbody></table></figure><p>Là đối tác của Gamuda Land, Phục Hưng Holdings biết đến <i>Chạy vì trái tim, </i>sự kiện vừa góp phần nâng cao nhận thức của cộng đồng về phong cách sống xanh, khỏe mạnh và thân thiện với môi trường, vừa gieo mầm yêu thương và mang đến cơ hội sống khỏe mạnh cho các em nhỏ mắc bệnh tim bẩm sinh. Đây là cách chia sẻ có ý nghĩa và thiết thực. Đây cũng là năm thứ 3 liên tiếp Phục Hưng là nhà tài trợ cho chương trình.</p><figure class=\"table\"><table><tbody><tr><td><figure class=\"image\"><img src=\"https://znews-photo.zadn.vn/w660/Uploaded/wyhktpu/2018_12_03/ONE_0242.JPG\" alt=\"\'Chay vi trai tim 2018\' - chuong trinh y nghia ho tro tre em hinh anh 3 \"></figure></td></tr><tr><td>Các nhà tài trợ chính trong buổi họp báo khởi động “Chạy vì trái tim 2018” tại Park Hyatt Sài Gòn.</td></tr></tbody></table></figure>', '2019-05-06 19:02:18', 'Quân', 1, 0, 1, 'bds'),
(40, 'Vietnam Airlines lo \'chảy máu\' lực lượng phi công', 'Ông Dương Trí Thành, CEO Vietnam Airlines cho biết đang có tình trạng một đội bay của hãng nhưng bị hãng hàng không khác “câu” mất tới 30% nhân sự, gây ảnh hưởng công tác vận hành.', NULL, '<p>Chia sẻ trong cuộc gặp gỡ, đối thoại của Thủ tướng <a href=\"https://news.zing.vn/tieu-diem/nguyen-xuan-phuc.html\">Nguyễn Xuân Phúc</a>với 90 công nhân lao động kỹ thuật cao diễn ra tại TP.HCM sáng 5/5, ông Dương Trí Thành, Tổng giám đốc Vietnam Airlines đã có những trần tình về tình trạng “chảy máu” phi công của hãng thời gian qua.</p><h3><strong>Mất ít nhất 3 năm để đào tạo một phi công</strong></h3><p>Theo <i>Nhân Dân, </i>ông Thành cho hay trước đây, đội ngũ phi công, kỹ sư máy bay ở Việt Nam được đào tạo hoàn toàn tại nước ngoài với chi phí 200.000 USD/người.</p><p>Phần lớn số tiền này phải dựa vào nguồn vốn ODA hoặc nguồn lực từ không quân chuyển sang, có chuyển loại. Nhưng từ đầu năm 2000, Vietnam Airlines đã tự chủ hoạt động này bằng giải pháp xã hội hóa.</p><figure class=\"table\"><table><tbody><tr><td><figure class=\"image\"><img src=\"https://znews-photo.zadn.vn/w1440/Uploaded/aohunkx/2019_05_05/dtt.jpg\" alt=\"Vietnam Airlines lo \'chay mau\' luc luong phi cong hinh anh 1 \"></figure></td></tr><tr><td>Ông Dương Trí Thành, Tổng giám đốc Tổng công ty Hàng không Việt Nam - Vietnam Airlines. Ảnh: <i>Minh Trang.</i></td></tr></tbody></table></figure><figure class=\"image\"><img src=\"data:image/png;base64,iVBORw0KGgoAAAANSUhEUgAAAAkAAAAICAMAAAAcEyWHAAAAY1BMVEUAAAAAAIcAo/8AAIcAAIcAo/8Ao/8AAIcAAIcAo/8AAIcAAIcAAIcAo/8AAIcAo/8AAIcAo/8Ao/8AAIcAAIcAo/8Ao/8AAIcAAIcAo/8AXMsAo/8Ao/8AAIcAAIcAAIcAo/+SauyfAAAAIHRSTlMA/uCTMQv4+Oro4M3Crq6ZmY6CgnhzX1dSTEwoIyMPCSyRiBQAAABBSURBVAjXHcbFAcAwDANAKVBm5nr/KePkXgdl6ZAcbHDG/BXdZrxupvWlTMCbF98okj3ouNyiWpD7KhEG1pfR9AFsswPmGAh6aAAAAABJRU5ErkJggg==\"></figure><p><br><br><br>&nbsp;</p><p>Theo đó, hãng đang khai thác, vận hành hơn 115 máy bay, với hơn 20.000 cán bộ nhân viên. Trong đó, có 1.200 phi công, 2.500 kỹ sư máy bay và hơn 3.000 tiếp viên hàng không.</p><p>Ông Thành cho hay để đào tạo một phi công lái chính phải tốn rất nhiều thời gian. Như phi công lái chính máy bay thông thường Airbus A320, A321, hãng cần ít nhất 3-4 năm đào tạo cơ bản</p><p>“Còn nếu đào tạo phi công lái máy bay cỡ lớn như Airbus A350, Boeing 787 thì phải cần tới 7-8 năm”, vị CEO nhấn mạnh.</p><p>Trong giai đoạn đầu, Vietnam Airlines từng phải đi thuê lao động nước ngoài để tiếp thu, vận hành máy móc công nghệ cao, tàu bay mới, nhưng chi phí cho hoạt động này rất cao.</p><p>Theo <i>Chinhphu.vn,&nbsp;</i>đại diện hãng Vietnam Airlines cho biết 75% đội bay của hãng là phi công Việt Nam, với tỷ lệ 800/1.200 phi công là người Việt Nam.</p><p>Và để làm được điều đó, hãng đã tập trung đầu tư lớn cho đào tạo như mở trung tâm huấn luyện bay, đầu tư thiết bị mô phỏng bay cũng như hợp tác với trung tâm đào tạo lớn của cả nước cũng như quan tâm đến chính sách đãi ngộ người lao động.</p><p>Riêng với đội ngũ kỹ sư máy bay, hiện trong hơn 2.500 người do Vietnam Airlines đào tạo, có khoảng 1.200 người đạt trình độ quốc tế, được cấp chứng chỉ an toàn hàng không của các tổ chức Hàng không uy tín trên thế giới.</p><p>Ngoài ra, các cơ sở bảo dưỡng kỹ thuật máy bay của VNA có thể bảo dưỡng kỹ thuật máy bay của chính mình và cho máy bay của các hãng hàng không khác tại Việt Nam như Vietjet, Bamboo hoặc nhận đơn hàng từ các hãng hàng không trong khu vực cũng như quốc tế.</p><h3><strong>Bị hãng khác “câu” mất 30% nhân sự một đội bay</strong></h3><p>Tuy nhiên, ông Thành cho biết thị trường hàng không đang cạnh tranh mạnh hơn với sự tham gia của nhiều hãng, và Vietnam Airlines đang phải đối diện với nguy cơ “chảy máu” chất xám do các doanh nghiệp mới sẵn sàng đưa ra mức thu nhập cao để thu hút, \"kéo\" phi công của hãng này.</p><figure class=\"table\"><table><tbody><tr><td><figure class=\"image\"><img src=\"https://znews-photo.zadn.vn/w1440/Uploaded/aohunkx/2019_05_05/anh.jpg\" alt=\"Vietnam Airlines lo \'chay mau\' luc luong phi cong hinh anh 2 \"></figure></td></tr><tr><td>Vietnam Airlines phản ánh tình trạng đang bị hãng khác \"câu\" mất phi công của mình. <i>Ảnh: Hoàng Hà.</i></td></tr></tbody></table></figure><p>Theo <i>Chinhphu.vn, v</i>ị lãnh đạo Vietnam Airlines tiết lộ, mức lương của phi công Việt Nam tại Vietnam Airlines hiện nay bằng khoảng 75% phi công nước ngoài, cao nhất là 300 triệu/tháng. Còn mức thu nhập bình quân hàng tháng của phi công Việt cũng vào khoảng 150 triệu/tháng.</p><p>“So với mặt bằng chung, đây là mức thu nhập mơ ước nhưng trong bối cảnh hàng không cạnh tranh ngày càng gay gắt, các phi công đòi hỏi mức thu nhập cao hơn và lãnh đạo doanh nghiệp cũng hiểu rõ điều đó”, ông Thành nói.</p><p>Tuy nhiên, vị này thừa nhận dù Vietnam Airlines đã là công ty cổ phần, nhưng bản chất vẫn hoạt động theo các quy định của doanh nghiệp nhà nước. Vì vậy, tổng quỹ lương phải áp dụng theo đúng chính sách quy định. Kể cả trong trường hợp công ty có năng lực tài chính, cũng không thể linh hoạt tăng lương cho “anh em” để bảo đảm nguồn lực.</p><p>“Vietnam Airlines có thể coi đây là trách nhiệm của hãng hàng không quốc gia, đào tạo nhân lực chung cho ngành hàng không. Tuy nhiên, nhân sự một đội bay của hãng đã bị hãng khác \"câu\" mất tới 30% thì là điều bất hợp lý”, <i>Báo Nhân dân </i>dẫn phản ánh của ông Thành.</p><p>Qua đó, ông Thành kiến nghị các bộ, ngành rà soát quy định trong Bộ luật Lao động và các bộ luật chuyên ngành, căn cứ những ngành nghề cụ thể, nhằm bảo đảm doanh nghiệp cạnh tranh bình đẳng trên thị trường.</p><p>Như quy định về thời hạn báo trước khi chấm dứt hợp đồng lao động, nghĩa vụ đầu tư cho đào tạo của người sử dụng lao động, nghĩa vụ bồi hoàn chi phí đào tạo trước khi chuyển sang làm việc cho doanh nghiệp khác...</p><p>Bên cạnh đó, cần ban hành các quy định về kế hoạch sản xuất kinh doanh, mở rộng đội tàu bay của các hãng hàng không phù hợp, đồng bộ quy hoạch, tốc độ phát triển hạ tầng, kỹ thuật của đất nước.</p>', '2019-05-06 19:03:19', 'Quân', 1, 0, 1, 'hko'),
(41, 'Bảo dưỡng camera ga T2 Nội Bài, Hải quan phải chi 714 triệu đồng?', 'Chỉ kiểm tra, bảo dưỡng hệ thống camera tại Nhà ga T2, Nội Bài, song Cục Hải quan Hà Nội dự tính sẽ phải chi khoảng 714 triệu đồng.', NULL, '<p>Cục Hải quan Hà Nội đang xin ý kiến Tổng cục Hải quan về gói thầu khảo sát, nghiên cứu và bảo dưỡng hệ thống camera tại Nhà ga T2, Nội Bài.Theo Cục Hải quan Hà Nội, sau khi Tổng cục Hải quan có văn bản đề nghị đơn vị xây dựng dự toán bảo dưỡng hệ thống camera tại nhà ga T2, đơn vị này đã chọn Công ty cổ phần máy và công nghệ thông tin (địa chỉ tại Lê Đức Thọ, Hà Nội) khảo sát, nghiên cứu và báo giá bảo dưỡng hệ thống camera.</p><figure class=\"table\"><table><tbody><tr><td><figure class=\"image\"><img src=\"https://znews-photo.zadn.vn/w660/Uploaded/ovhunut/2018_09_12/t2.jpg\" alt=\"Bao duong camera ga T2 Noi Bai, Hai quan phai chi 714 trieu dong? hinh anh 1 \"></figure></td></tr><tr><td>Nhà ga T2 Nội Bài đã được sử dụng 4 năm.</td></tr></tbody></table></figure><p>Tại bảng giá chi tiết, phía công ty nói trên không đưa ra thông tin thay thế thiết bị, toàn bộ đều là chi phí kiểm tra, bảo dưỡng nhưng khá tốn kém.</p><p>Cụ thể, bảo dưỡng bộ nguồn cho camera hơn 75 triệu đồng; chi phí thuê xe nâng bảo trì các thiết bị có cao độ lắp đặt lớn hơn 213 triệu đồng; kiểm tra bảo dưỡng máy gần 9 triệu đồng, hiệu chuẩn lại màn hình mất hơn 32 triệu đồng.</p><p>Nhà ga T2, Cảng Hàng không quốc tế Nội Bài được khánh thành tháng 1/2015, đến nay đã được sử dụng 4 năm. Các hệ thống camera quan sát của hải quan chủ yếu quan sát hàng hóa, nghiệp vụ của ngành hải quan.</p><p>Trước đó, ngày 8/4, Cục Tài vụ quản trị - Tổng cục Hải quan cũng thông báo kết quả Tư vấn thẩm định giá vật tư, thiết bị các hệ thống camera giám sát hải quan tại các Chi cục thuộc Cục Hải quan thành phố Hải Phòng. Theo đó, Công ty Cổ phần Đầu tư và Định giá AIC-Việt Nam được chỉ định thầu và trúng thầu với giá 56 triệu đồng.</p><p>Ngày 10/4, Cục Tài vụ Quản trị thông báo kết quả 2 gói thầu camera: Tư vấn thiết kế - dự toán trang bị mới 14 hệ thống camera giám sát hải quan tại các Chi cục thuộc Cục Hải quan các tỉnh, thành phố: Hà Nội, Bắc Ninh, Hà Nam Ninh theo hình thức chỉ định thầu.</p><p>Kết quả, Công ty cổ phần đầu tư và phát triển công nghệ Phương Nam trúng thầu với giá 87 triệu đồng.Tại gói thầu Tư vấn thiết kế - dự toán trang bị mới 12 hệ thống camera giám sát hải quan tại các Chi cục thuộc Cục Hải quan các tỉnh: Lạng Sơn, Thanh Hóa, Lào Cai, Cao Bằng, Điện Biên, Hà Giang, Công ty cổ phần đầu tư và phát triển công nghệ Phương Nam tiếp tục được chỉ định thầu và trúng thầu với giá 85 triệu đồng.</p>', '2019-05-06 19:04:07', 'Quân', 3, 0, 1, 'hko'),
(42, 'Tư nhân có còn cơ hội xây nhà ga T3 Tân Sơn Nhất?', 'Ủy ban Quản lý vốn Nhà nước đồng ý với đề xuất của Bộ GTVT để ACV đầu tư nhà ga T3 Tân Sơn Nhất. Tuy nhiên, đó chỉ là đề xuất, thẩm quyền quyết định thuộc Thủ tướng.', NULL, '<p>Ủy ban Quản lý vốn Nhà nước tại doanh nghiệp (hay còn gọi là “siêu ủy ban”) mới đây đã có công văn gửi Bộ GTVT về việc đồng thuận cao với đề xuất để <a href=\"https://news.zing.vn/tieu-diem/acv.html\">ACV</a><i><strong>ACV0.0%</strong></i> làm chủ đầu tư dự án này. Siêu ủy ban cũng là cơ quan vừa tiếp quản ACV từ Bộ GTVT.&nbsp;</p><p>Công văn do bà Nguyễn Thị Phú Hà, Phó chủ tịch Ủy ban Quản lý vốn Nhà nước tại doanh nghiệp, ký.&nbsp;</p><p>Siêu ủy ban cho rằng việc giao ACV đầu tư và khai thác thêm một nhà ga tại Tân Sơn Nhất không chỉ bảo đảm nguyên tắc mỗi cảng hàng không, sân bay chỉ có một người khai thác mà còn tạo điều kiện thuận lợi cho việc khai thác hiệu quả, đồng bộ dây chuyền phục vụ với các nhà ga T1, T2 hiện có. Điều này giúp tối ưu và nâng cao hiệu quả dự án và các công trình mà ACV đã đầu tư và đang khai thác.</p><p>ACV là doanh nghiệp hoạt động theo mô hình công ty cổ phần với tỷ lệ vốn Nhà nước chi phối gần như tuyệt đối (95,4%). Theo siêu ủy ban, doanh nghiệp này \"có năng lực, kinh nghiệm trong đầu tư, quản lý, khai thác các cảng hàng không\".</p><figure class=\"table\"><table><tbody><tr><td><figure class=\"image\"><img src=\"https://znews-photo.zadn.vn/w660/Uploaded/iutmtn/2019_04_08/23_zing.jpg\" alt=\"Tu nhan co con co hoi xay nha ga T3 Tan Son Nhat? hinh anh 1 \"></figure></td></tr><tr><td>Phối cảnh nhà ga T3 do ACV đề xuất xây dựng. Ảnh:&nbsp;<i>Hiếu Công.</i></td></tr></tbody></table></figure><p>Cũng theo siêu ủy ban, giao ACV làm sẽ thực hiện dự án theo đúng quy định khi T3 là công trình có tính chất cấp bách, cần triển khai khẩn trương để giải quyết tình trạng quá tải hiện nay tại <a href=\"https://news.zing.vn/tieu-diem/san-bay-tan-son-nhat.html\">sân bay Tân Sơn Nhất</a>.&nbsp;</p><p>Trước đó, Bộ Giao thông Vận tải (GTVT) cho biết cơ quan này đã gửi kiến nghị tới Thủ tướng xem xét, chấp thuận cho Tổng công ty Cảng hàng không Việt Nam (ACV) được thực hiện dự án xây dựng nhà ga hành khách T3 tại Cảng hàng không quốc tế Tân Sơn Nhất.</p><p>Nguồn tin của <i>Zing.vn</i> tại Bộ lưu ý rằng đây mới chỉ là đề xuất của Bộ GTVT và cần được Thủ tướng xem xét, chấp thuận.</p><p>“Trường hợp Thủ tướng không chấp thuận cho ACV đầu tư mà quyết định thu hút nguồn vốn xã hội hóa để đầu tư thì Bộ GTVT sẽ triển khai thực hiện theo chỉ đạo của Thủ tướng”, vị này chia sẻ.</p><figure class=\"table\"><table><tbody><tr><td><figure class=\"image\"><img src=\"https://znews-photo.zadn.vn/w660/Uploaded/iutmtn/2019_04_08/san_bay_17_zing.JPG\" alt=\"Tu nhan co con co hoi xay nha ga T3 Tan Son Nhat? hinh anh 2 \"></figure></td></tr><tr><td>Quyết định chọn đơn vị nào xây dựng T3 Tân Sơn Nhất thuộc thẩm quyền của Thủ tướng. Ảnh:&nbsp;<i>Lê Quân.</i></td></tr></tbody></table></figure><p>Song song với việc này, Bộ GTVT cũng đã có công văn trả lời một số nhà đầu tư từng đề xuất tham gia dự án nâng cấp, mở rộng Cảng hàng không quốc tế Tân Sơn Nhất. Tại các công văn, Bộ GTVT khẳng định trên cơ sở pháp lý; phân tích ưu, nhược điểm, thời gian thực hiện của từng phương án; vai trò của người khai thác hiện hữu là ACV và tính đồng bộ trong quản lý khai thác, nên đã quyết định ACV làm nhà đầu tư.</p><p>Hiện tại có một số doanh nghiệp tư nhân đang đang xin đầu tư xây dựng nhà ga T3 Tân Sơn nhất. Đó là Công ty TNHH xuất nhập khẩu Liên Thái Bình Dương - IPP; Hãng hàng không Vietjet; và Tập đoàn FLC.</p><p>Trong tờ trình được Bộ GTVT gửi Thủ tướng đề xuất chấp thuận cho ACV tổ chức thực hiện dự án xây dựng nhà ga hành khách T3 có tổng mức đầu tư 11.430 tỷ đồng này bằng nguồn vốn tự có. Thời gian thực hiện dự án từ giai đoạn chuẩn bị đầu tư đến khi đưa vào khai thác khoảng 43 tháng, tương đương với 37 tháng kể từ khi phê duyệt chủ trương đầu tư.</p><p>Dự án nhà ga T3 sẽ giúp nâng công suất của Tân Sơn Nhất lên khoảng 50 triệu lượt hành khách và khai thác song song với Cảng hàng không quốc tế Long Thành sắp được xây dựng tại Đồng Nai.</p>', '2019-05-06 19:04:38', 'Quân', 4, 0, 1, 'hko');
INSERT INTO `tin` (`id_tin`, `tieude`, `mota`, `img`, `noidung`, `ngaydangtin`, `tacgia`, `solanxem`, `tinhot`, `trangthai`, `id_loaitin`) VALUES
(43, 'VinFast Klara chưa giảm nhiệt sau nửa năm ra mắt nhờ các yếu tố này', 'Là thương hiệu xe máy điện đầu tiên do doanh nghiệp Việt sản xuất, VinFast Klara được yêu thích nhờ chất lượng ổn định, dịch vụ hậu mãi tốt, tính kinh tế cao.', NULL, '<p><strong>Là thương hiệu xe máy điện đầu tiên do doanh nghiệp Việt sản xuất, VinFast Klara được yêu thích nhờ chất lượng ổn định, dịch vụ hậu mãi tốt, tính kinh tế cao.</strong></p><p>Vào thời điểm ra mắt ngày 20/11/2018, chỉ trong ngày đầu tiên mở bán, hơn 2.000 chiếc xe máy điện và ôtô của <a href=\"https://news.zing.vn/tieu-diem/vinfast.html\">VinFast</a> thuộc lô đầu tiên đã được bán hết. Không chỉ dừng lại ở đó, trong suốt nửa năm qua, các chủ đại lý VinFast Klara trên toàn quốc ghi nhận mẫu xe này chưa bao giờ giảm nhiệt với số lượng người đặt mua lớn.</p><h3>Chất lượng ổn định</h3><p>Đầu tiên, dựa theo ý kiến từ phần lớn người dùng sau nửa năm sử dụng, VinFast Klara được đánh giá có chất lượng ổn định. Xe có khả năng vận hành tốt trong điều kiện đường sá thực tế tại các thành phố lớn như Hà Nội, TP.HCM. Xe chạy bốc, lướt đi trên đường một cách nhẹ nhàng, khả năng tăng tốc tốt, không bị giật, tạo cảm giác an toàn khi lái. Đặc biệt, khi động cơ vận hành, xe hoàn toàn không gây ra tiếng ồn.</p><p>Ưu điểm lớn nhất của VinFast Klara là khả năng lội nước vượt trội. Xe có thể dễ dàng vượt qua những đoạn đường ngập nước sâu đến nửa mét trong thời gian tương đối dài, nhưng vẫn hoạt động bình thường.</p><figure class=\"table\"><table><tbody><tr><td><figure class=\"image\"><img src=\"https://znews-photo.zadn.vn/w660/Uploaded/wyhktpu/2019_04_25/01.jpg\" alt=\"VinFast Klara chua giam nhiet sau nua nam ra mat nho cac yeu to nay hinh anh 1 \"></figure></td></tr><tr><td>Hướng đến đối tượng người dùng là nhân viên văn phòng, sinh viên, bà nội trợ… phục vụ nhu cầu di chuyển trong đô thị, nên xe sở hữu tốc độ tối đa 50km/h.</td></tr></tbody></table></figure><p>Nếu chạy với vận tốc trung bình là 30-40 km/h, xe hoàn toàn có thể chinh phục quãng đường 80 km cho một lần sạc. Trong trường hợp sử dụng đi lại cho quãng đường cố định 20-30 km, người dùng chỉ cần sạc pin 2 ngày một lần.</p><h3>Dịch vụ hậu mãi và phụ tùng thay thế</h3><p>Tiếp đến, VinFast Klara còn ghi điểm với người dùng bởi dịch vụ hậu mãi. Trong một số trường hợp, nếu xe trục trặc, hỏng hóc trên đường đi, người dùng có thể gọi trực tiếp lên tổng đài của VinFast để nhận được sự cứu trợ của nhân viên bảo dưỡng, thậm chí, khách hàng phản ánh còn được nhân viên VinFast đến tận nơi để hỗ trợ sửa chữa hay thay thế phụ tùng, vì không thể di chuyển được xe.</p><p>Trong thời gian sử dụng, khách hàng sẽ được VinFast bảo dưỡng xe miễn phí đến 7 lần tại các điểm mốc 1.000 km, 5.000 km, 10.000 km, 15.000 km, 20.000 km, 25.000 km, 30.000 km.</p><figure class=\"table\"><table><tbody><tr><td><figure class=\"image\"><img src=\"https://znews-photo.zadn.vn/w660/Uploaded/wyhktpu/2019_04_25/02.jpg\" alt=\"VinFast Klara chua giam nhiet sau nua nam ra mat nho cac yeu to nay hinh anh 2 \"></figure></td></tr><tr><td>Nhân viên bảo dưỡng sẵn sàng đến tận nhà để thay pin cho khách hàng.</td></tr></tbody></table></figure><p>Được sản xuất từ linh kiện đến từ những thương hiệu hàng đầu thế giới, điển hình như động cơ Bosch (Đức), phanh đĩa trước/sau của thương hiệu Nissin (thương hiệu Nhật Bản, sản xuất tại Việt Nam), bộ lốp không săm IRC (thương hiệu Nhật Bản, sản xuất tại Việt Nam)... VinFast Klara giúp người dùng hạn chế tối đa việc thay thế phụ tùng. Nếu cần phải thay thế, chi phí bỏ ra khá thấp so với xe xăng.</p><p>Giá thay thế phụ tùng của VinFast Klara phiên bản axit ắc quy chì chỉ dao động trong khoảng từ 400.000 đồng đến 3,45 triệu đồng, bình ắc quy axit chì có giá tầm 1 triệu đồng.</p><p>Phiên bản pin Lithium có giá phụ tùng dao động trong khoảng từ 580.000 đồng đến 20 triệu đồng, trong đó pin Lithium-ion có giá cao nhất là 20 triệu đồng. Tuy nhiên, dựa theo thông số kỹ thuật do nhà sản xuất công bố, mẫu pin này có tuổi thọ khá cao, trung bình lên đến 7,5 năm. Nếu sử dụng và sạc pin đúng cách người dùng khó có “cơ hội” thay pin.</p><h3>Tiết kiệm nhiên liệu, giảm ô nhiễm</h3><p>Thông thường, trung bình một xe máy xăng sẽ tiêu tốn hết 2,5 lít xăng cho quãng đường 100 km, tức phải bỏ ra chi phí là khoảng 50.000 đồng (theo giá xăng trung bình năm 2018), trung bình khoảng 400-500 đồng/km. Đối với xe máy điện VinFast Klara, một lần sạc đầy tiêu tốn 1.5 kWh, đi được 70 - 80 km, với chi phí tiền điện vào khoảng 2.000 đồng/kWh, chi phí cho 1 km chỉ còn ở mức 40 đồng/km, bằng 1/10 so với xe máy xăng.</p><p>Giả định mỗi ngày người sử dụng đi 20-30 km, sau 7 năm người dùng có thể tiết kiệm đến 20-30 triệu đồng tiền xăng xe. Bên cạnh đó, VinFast miễn phí bảo trì bảo dưỡng định kỳ 3 năm hoặc 30.000 km.</p><p>Xe điện không cần phải thay dầu, ít linh kiện hao mòn cũng giúp tiết kiệm hàng chục triệu đồng tiền bảo dưỡng, thay dầu, linh kiện cho người sử dụng sau 7-8 năm sử dụng.</p><figure class=\"table\"><table><tbody><tr><td><figure class=\"image\"><img src=\"https://znews-photo.zadn.vn/w660/Uploaded/wyhktpu/2019_04_25/03.jpg\" alt=\"VinFast Klara chua giam nhiet sau nua nam ra mat nho cac yeu to nay hinh anh 3 \"></figure></td></tr><tr><td>VinFast Klara được đánh giá tiết kiệm chi phí nhiên liệu hơn nhiều lần so với xe xăng.</td></tr></tbody></table></figure><p>Trước thực trạng ô nhiễm không khí ngày càng trầm trọng tại các thành phố lớn, sử dụng nguồn năng lượng sạch, không thải khí, VinFast Klara là lựa chọn phù hợp cho những khách hàng có ý thức cao trong việc bảo vệ môi trường.</p><p>Theo thống kê của WHO, mỗi ngày ở Việt Nam có tới 94 người chết do các bệnh liên quan đến ô nhiễm không khí ngoài trời, con số này gấp gần 4 lần so với số ca tử vong do tai nạn giao thông.</p><p>Cũng theo một thống kê khác, xe máy chiếm 95% về số lượng phương tiện giao thông ở Việt Nam, chỉ tiêu thụ 56% lượng xăng hàng ngày nhưng lại thải ra 94% lượng HC (gây ung thư); 87% CO (gây chóng mặt, nhức đầu, mệt mỏi); 57% NOx (Gây bệnh hô hấp, tim mạch).</p><p>Khí thải của xe máy độc hại như vậy nên việc chuyển đổi sang những phương tiện chạy điện như VinFast Klara là giải pháp cho vấn nạn ô nhiễm không khí tại đô thị Việt Nam.</p><p>Từ ngày 12/4, để hưởng ứng Ngày Môi trường thế giới và góp phần đẩy lùi ô nhiễm không khí tại Việt Nam, VinFast thực hiện chương trình “15.000 người chung tay cùng VinFast giảm ô nhiễm môi trường”, với tổng giá trị lên đến 100 tỷ đồng.</p><p>5.000 người đầu tiên đặt mua xe Klara phiên bản pin Lithium được ưu đãi 10 triệu đồng, và 10.000 người đầu tiên mua xe Klara phiên bản ắc quy được ưu đãi 5 triệu đồng, trừ thẳng vào giá bán sản phẩm.</p><p>Sau khi trừ phần quà tặng, giá bán của 2 phiên bản pin Lithium và ắc quy Acid chì lần lượt còn là 40 triệu và 25 triệu đồng (đã bao gồm VAT). Đây là cơ hội cho những ai đang muốn đặt mua chiếc xe điện của VinFast.</p><p>Chi tiết chương trình và địa chỉ đại lý uỷ quyền của VinFast, độc giả có thể xem thêm tại <a href=\"https://xemaydien.vinfast.vn/\">website</a> chính thức của xe máy điện VinFast.</p>', '2019-05-06 19:35:49', 'Xuyên', 3, 0, 1, 'lx'),
(44, 'Nam thanh niên đâm chết chủ nợ', 'Được bạn rủ tới nhà anh Thường khất nợ khoản tiền 600 triệu đồng, Trường gây gổ, đâm chết nạn nhân.', NULL, '<h2>Nam thanh niên đâm chết chủ nợ</h2><p>Được bạn rủ tới nhà anh Thường khất nợ khoản tiền 600 triệu đồng, Trường gây gổ, đâm chết nạn nhân.</p><p>Khoảng 6h ngày 5/5, Công an tỉnh Vĩnh Phúc phối hợp với Công an Hà Nội bắt giữ nghi phạm giết người, trốn truy nã Trần Văn Trường (26 tuổi, ở huyện Tam Dương, Vĩnh Phúc).</p><figure class=\"table\"><table><tbody><tr><td><figure class=\"image\"><img src=\"https://i-vnexpress.vnecdn.net/2019/05/05/truong-JPG-7975-1557057864.jpg\" alt=\"Trần Văn Trường khi bị bắt giữ. Ảnh: M. Hiền.\"></figure></td></tr><tr><td>Trần Văn Trường khi bị bắt giữ. Ảnh: <i>M. Hiền</i>.</td></tr></tbody></table></figure><p>Theo nhà chức trách, anh Nguyễn Văn Thường (43 tuổi) cho Nguyễn Văn Tuấn (30 tuổi) vay 100 triệu đồng và 500 triệu tiền cờ bạc (lô đề).</p><p>Tối 26/3, Tuấn rủ nhóm bạn, trong đó có Trường đến nhà anh Thường khất nợ. Tại đây, nhóm bạn của Tuấn mâu thuẫn, chửi bới chủ nợ Thường.&nbsp;</p><p>Khi ra ngoài cổng, Trường tiếp tục chửi anh Thường, bị chủ nhà cầm dao lao tới. Trường rút dao nhọn mang theo đâm anh Thường thiệt mạng.</p><p>Sau khi gây án, Trường mang theo quần áo, 12 triệu đồng, bỏ trốn qua nhiều tỉnh thành như Bắc Ninh, Hà Giang, Hà Nội. Có lần, cảnh sát bắt hụt Trường khi gã trốn tại Hà Giang.</p><p>Gần đây, phát hiện tung tích Trường ở Nghệ An, tổ công tác đã vào tận nơi truy bắt. Rạng sáng nay, Trường đón nhiều phương tiện ra Hà Nội để tiếp tục bỏ trốn, thì bị cảnh sát bắt giữ tại bến xe Giáp Bát.&nbsp;</p>', '2019-05-06 19:49:51', 'Nhựt', 1, 1, 1, 'va'),
(45, 'Làm sao để du lịch Việt Nam đón thêm khách nhà giàu?', 'Miễn visa, nâng cao chất lượng dịch vụ là một số hiến kế được đưa ra để du lịch Việt Nam có thể thu hút khách nhà giàu.', NULL, '<h2>Làm sao để du lịch Việt Nam đón thêm khách nhà giàu?</h2><p>Miễn visa, nâng cao chất lượng dịch vụ là một số hiến kế được đưa ra để du lịch Việt Nam có thể thu hút khách nhà giàu.</p><p><a href=\"https://vnexpress.net/du-lich/nhieu-dia-phuong-o-viet-nam-muon-co-san-bay-qua-tai-3917211-tong-thuat.html?ctr=related_news_click\">Nhiều địa phương ở Việt Nam muốn có sân bay quá tải</a> &nbsp;&nbsp;/&nbsp;&nbsp; <a href=\"https://vnexpress.net/du-lich/ly-do-viet-nam-co-nhieu-canh-dep-nhung-khong-hut-khach-bang-singapore-3917826.html?ctr=related_news_click\">Lý do Việt Nam có nhiều cảnh đẹp nhưng không hút khách bằng Singapore</a></p><p>Tại phiên hiến kế thuộc Diễn đàn Kinh tế tư nhân Việt Nam ngày 2/5, ông Lê Quang Tùng - Thứ trưởng Bộ Văn hoá Thể thao và Du lịch cho rằng Việt Nam có lợi thế về tài nguyên thiên nhiên và di sản phong phú. Mặc dù đạt tốc độ tăng trưởng nhanh, lượng <a href=\"https://vnexpress.net/du-lich/nhieu-dia-phuong-o-viet-nam-muon-co-san-bay-qua-tai-3917211.html\">khách quốc tế đến Việt Nam</a> vẫn còn ít, mức chi tiêu thấp hơn các quốc gia trong khu vực.</p><p>Khách quốc tế ở lâu nhưng chi tiêu thấp</p><p>Ông Tùng chỉ ra những tồn tại trong cơ cấu khách quốc tế của du lịch Việt Nam. Tỷ trọng những thị trường có mức chi tiêu cao, lưu trú dài ngày như Australia (1.700 USD/ngày), Bắc Mỹ (1.500 USD/ngày), Tây Âu (1.300 USD/ngày) còn khiêm tốn.</p><p>Đáng báo động là những thị trường chi tiêu cao lại có xu hướng giảm trong 3 năm gần đây. Cụ thể khách từ Bắc Mỹ (mức tăng trưởng từ 7,6% giảm xuống còn 5,8%), Australia (từ 5,2% xuống còn 2,8%), châu Âu (từ 14,6% xuống còn 13,1%). Trong khi khách châu Á thì tăng mạnh.</p><figure class=\"table\"><table><tbody><tr><td><figure class=\"image\"><img src=\"https://i-dulich.vnecdn.net/2019/05/03/hoi-an-vnexpress-1556861905-3145-1556863263.png\" alt=\"Du lịch Việt Nam cần tập trung vào những thị trường khách chi trả cao, lưu trú dài ngày. Ảnh: Khương Nha.\"></figure></td></tr><tr><td>Du lịch Việt Nam cần tập trung vào những thị trường khách chi trả cao, lưu trú dài ngày. Ảnh: <i>Khương Nha.</i></td></tr></tbody></table></figure><p>So với các quốc gia trong khu vực như Singapore, Thái Lan, khách quốc tế đến Việt Nam nghỉ dài ngày nhưng chi tiêu ít hơn. Đại diện Bộ Văn hóa Thể thao và Du lịch dẫn chứng, khách đến Việt Nam lưu trú trung bình 9,5 ngày nhưng chỉ chi tiêu 96 USD mỗi ngày. Trong khi đến Singapore 3-4 ngày, họ chi tiêu 325 USD/ngày, Thái Lan là 9,6 ngày nhưng chi tiêu 132 USD/ngày...</p><p>Ông Lê Quang Tùng nhận định thị phần khách quốc tế đến Việt Nam chưa phù hợp, nếu không giải quyết sớm thì đây sẽ là trở ngại lớn của du lịch Việt Nam trong thời gian tới.</p><p>Tập trung vào thị trường chi trả cao</p><p>Năm 2014, khách Trung Quốc chiếm khoảng 1/4 thị phần khách đến Việt Nam, nhưng đến cuối 2018,&nbsp; đã chiếm 1/3.&nbsp;Ông Trương Tấn Sơn, Tổng công ty Du lịch Sài Gòn cho rằng thị trường này có tốc độ tăng trưởng nhanh nhưng nguồn thu chưa cao.</p><p>\"Chúng ta cần tập trung vào những thị trường có chi trả cao như Bắc Mỹ, Tây Âu, Đông Âu, Nhật Bản, Ấn Độ...\", ông Sơn nhận định đây là những thị trường tiềm năng, có sự tăng trưởng trong thời gian gần đây.</p><p>Lấy dẫn chứng về việc không cân bằng thị phần khách du lịch, ông Phạm Hà, đại diện công ty du lịch Sang Trọng cho rằng vịnh Hạ Long (Quảng Ninh) đang bị quá tải vì không chọn lọc khách. \"Phải hạn chế khách có mức chi trả thấp tại những khu du lịch cao cấp. Như vậy khách nhà giàu mới vào\", ông Hà nhấn mạnh.</p><p>Làm sao để khách chi tiêu nhiều hơn ở Việt Nam?</p><p>Bên cạnh cân đối lại thị phần khách, những người làm du lịch lâu năm còn muốn tìm giải pháp để khách ở lại Việt Nam dài hơn và chi tiêu nhiều hơn.</p><p>Ông Lê Thanh Tùng, Thứ trưởng Bộ Văn hóa Thể thao và Du lịch chỉ ra vấn đề quan trọng cần quan tâm lúc này là đẩy mạnh những sản phẩm du lịch chuyên đề; tập trung vào trải nghiệm cá nhân.</p><p>Để làm được những điều này, ông Tùng cũng đưa ra 6 giải pháp cụ thể gồm: Đa dạng hóa, nâng cao chất lượng dịch vụ; Tiếp thị mạnh hơn vào những thị trường có mức chi trả cao; Cải thiện chính sách visa theo hướng thuận lợi cho du khách; Tăng khả năng kết nối hàng không; Quản lý điểm đến hiệu quả, đảm bảo an toàn, an ninh cho du khách. Cuối cùng là yếu tố con người, từ du lịch giản đơn đến du lịch cao cấp đều phải được đào tạo bài bản, đặc biệt là vấn đề ngoại ngữ, giao tiếp.</p><figure class=\"table\"><table><tbody><tr><td><figure class=\"image\"><img src=\"https://i-dulich.vnecdn.net/2019/05/03/Cathay-Hang-Khong-Viet-Nam-Vne-8882-5266-1556863264.jpg\" alt=\"Visa, thủ tục hải quan và hàng không Việt Nam thời gian qua có nhiều cải thiện tích cực. Ảnh: Khương Nha.\"></figure></td></tr><tr><td>Visa, thủ tục hải quan và hàng không Việt Nam thời gian qua có nhiều cải thiện tích cực. Ảnh: <i>Khương Nha.</i></td></tr></tbody></table></figure><p>Một trong những đề xuất được nhiều doanh nghiệp và chuyên gia du lịch đưa ra là miễn visa cho càng nhiều nước càng tốt, đặc biệt là những thị trường chi trả cao. Ông Lương Hoài Nam - Phó TGĐ Công ty hàng không Ngôi Sao Việt, thành viên Hội đồng Tư vấn Du lịch (TAB) chia sẻ, khi ông tiếp xúc với những khách hàng giàu, họ luôn đặt câu hỏi: \"Tại sao những nước xung quanh như Singapore, Thái Lan, Malaysia đều miễn visa cho họ, còn Việt Nam thì không?</p><p>Theo các chuyên gia du lịch, visa chính là nút thắt của du lịch Việt Nam, để thu hút thêm khách du lịch quốc tế, Việt Nam cần mở mở rộng danh sách miễn thị thực hoặc áp dụng chính sách visa linh hoạt cho những nhóm khách hàng tiềm năng hoặc thị trường có chi trả cao.</p><p>Ngoài ra, hạ tầng hàng không cũng được xem là mắt xích quan trọng để thu hút khách nhà giàu đến Việt Nam. Khách hiện phải di chuyển nhiều chặng khi không có đường bay thẳng đến nhiều điểm du lịch nổi tiếng. Các nhà ga, sân bay luôn trong tình trạng quá tải. Thủ tục nhập cảnh cần cải thiện hơn. \"Nhiều khi khách chỉ mất một phút để qua cổng hải quan, nhưng phải chờ cả tiếng để có thể lấy được hành lý rồi mới ra sân bay\", ông Đinh Việt Phương, đại diện hàng không Vietjet Air góp ý.</p><figure class=\"table\"><table><tbody><tr><td><figure class=\"image\"><img src=\"https://i-dulich.vnecdn.net/2019/05/03/Hang-Khong-Viet-Nam-Vnexpress-9769-1556863264.jpg\" alt=\"Việt Nam cần đạo đạo được nguồn nhân sự cấp cao nếu muốn đón du khách cao cấp. Ảnh: Khương Nha.\"></figure></td></tr><tr><td>Việt Nam cần đạo tạo được nguồn nhân sự cấp cao nếu muốn đón du khách cao cấp. Ảnh: <i>Khương Nha.</i></td></tr></tbody></table></figure><p>Tiếp đến là vấn đề nhân sự. \"Chúng ta phải tập trung vào đào tạo nhân lực. Muốn đón khách hàng cao cấp, phải có nhân lực cao cấp\", ông Phạm Hà nói.</p><p>Bên cạnh việc quy hoạch lại các phân khúc, sản phẩm đặc trưng của mỗi vùng miền, du lịch Việt cần xác định sản phẩm đặc trưng. \"Đến Cuba, khách mua xì gà, đến Hàn Quốc thì mua nhân sâm. Còn đến Việt Nam khách mua gì?\", ông Trương Tấn Sơn đặt vấn đề.</p><p>Các chuyên gia cho rằng nếu chúng ta vẫn loay hoay định hướng Việt Nam là điểm đến khám phá, du khách chỉ đến một lần rồi thôi. Nhưng nếu các sản phẩm du lịch được làm mới, Việt Nam được định hướng là điểm đến nghỉ dưỡng, mua sắm... sẽ tạo luồng gió mới, thu hút thêm nhiều du khách quốc tế, đặc biệt là nhóm khách có khả năng chi trả cao.</p>', '2019-05-06 19:53:33', 'Nhựt', NULL, 0, 1, NULL),
(46, 'Trump tuyên bố tăng gấp đôi thuế với hàng Trung Quốc', 'Tổng thống Mỹ dọa tăng thuế ngay vào thứ sáu tuần tới vì cho rằng cuộc đàm phán với Trung Quốc tiến triển chậm.', NULL, '<h2>Trump tuyên bố tăng gấp đôi thuế với hàng Trung Quốc</h2><p>Tổng thống Mỹ dọa tăng thuế ngay vào thứ sáu tuần tới vì cho rằng cuộc đàm phán với Trung Quốc tiến triển chậm.</p><p><a href=\"https://vnexpress.net/kinh-doanh/my-tang-suc-ep-de-dat-thoa-thuan-thuong-mai-voi-trung-quoc-3917266.html?ctr=related_news_click\">Mỹ tăng sức ép để đạt thỏa thuận thương mại với Trung Quốc</a>&nbsp;/&nbsp;<a href=\"https://vnexpress.net/kinh-doanh/my-dam-phan-voi-trung-quoc-da-den-giai-doan-cuoi-3916533.html?ctr=related_news_click\">Mỹ: Đàm phán với Trung Quốc đã đến giai đoạn cuối</a></p><p>Tổng thống Mỹ - Donald Trump vừa thông báo trên Twitter rằng từ thứ Sáu tuần tới, mức thuế nhập khẩu 10% đang áp dụng với 200 tỷ USD hàng Trung Quốc sẽ được tăng lên thành 25%. Trump đe dọa tăng thuế từ đầu năm nay, nhưng đã được hoãn lại sau khi Mỹ và Trung Quốc đạt tiến triển trong đàm phán thương mại.</p><p>Trong thông báo, ông cũng dọa sẽ sớm áp thuế 25% với 325 tỷ USD hàng Trung Quốc nữa. Tổng thống Mỹ khẳng định: \"Thuế này ít có ảnh hưởng đến chi phí sản xuất. Thiệt hại chủ yếu do Trung Quốc gánh. Đàm phán thương mại với Trung Quốc vẫn đang tiếp diễn, nhưng quá chậm\".</p><figure class=\"table\"><table><tbody><tr><td><figure class=\"image\"><img src=\"https://i-kinhdoanh.vnecdn.net/2019/05/05/trump-1557075014-1869-1557075118.png\" alt=\"Tổng thống Mỹ - Donald Trump. Ảnh: Bloomberg\"></figure></td></tr><tr><td>Tổng thống Mỹ - Donald Trump. Ảnh: <i>Bloomberg</i></td></tr></tbody></table></figure><p>Tuyên bố này được đưa ra trong bối cảnh giới chức Mỹ lạc quan về cuộc đàm phán hiện tại. Hôm thứ Sáu, Phó tổng thống Mỹ - Mike Pence cho biết trên <i>CNBC</i> rằng Trump vẫn hy vọng có thể đạt thỏa thuận với Trung Quốc.</p><p>Trước đó, hôm thứ Tư, Nhà Trắng thông báo vòng đàm phán mới nhất đã đưa hai nước tiến gần hơn tới thỏa thuận. Thư ký Báo chí Nhà Trắng - Sarah Sanders cho biết: \"Việc thảo luận vẫn đang tập trung vào các vấn đề cấu trúc quan trọng và tái cân bằng quan hệ thương mại Mỹ - Trung Quốc\". Truyền thông Mỹ cũng đưa tin thỏa thuận giữa hai nước có thể đạt được vào thứ Sáu tới.</p><p>Các điểm nghẽn lớn nhất trong đàm phán giữa hai bên là bản quyền sở hữu trí tuệ và chuyển giao công nghệ ép buộc. Mỹ và Trung Quốc cũng chưa thống nhất được việc sẽ gỡ bỏ thuế sau khi đạt thỏa thuận, hay giữ lại để làm cơ chế giám sát thực thi.</p><p>Hai nền kinh tế lớn nhất thế giới đã mắc kẹt trong cuộc chiến thương mại kéo dài 10 tháng qua. Mỹ áp thuế lên 250 tỷ USD hàng Trung Quốc. Trung Quốc cũng đáp trả với thuế tương tự lên 110 tỷ USD hàng Mỹ.</p>', '2019-05-06 19:54:30', 'Nhựt', 4, 0, 1, 'tchi'),
(47, 'Bảy điều phụ huynh nên làm để chuẩn bị cho con vào lớp 1', 'Thiết lập thói quen, dạy trẻ về sự an toàn là những điều cha mẹ cần làm để giúp con không bỡ ngỡ khi lên cấp học mới.', NULL, '<h2>Bảy điều phụ huynh nên làm để chuẩn bị cho con vào lớp 1</h2><p>Thiết lập thói quen, dạy trẻ về sự an toàn là những điều cha mẹ cần làm để giúp con không bỡ ngỡ khi lên cấp học mới.</p><p>Hầu hết trường mầm non có chương trình giúp trẻ chuẩn bị hành trang vào lớp 1. Tuy nhiên, là phụ huynh, bạn có nhiều điều phải làm để giúp con dễ dàng thích nghi với ngôi trường mới. Dưới đây là một số gợi ý dành cho bạn.</p><p><strong>1. Nói về những điều đáng mong đợi</strong></p><p>Bạn có thể mua một vài cuốn sách về những gì được mong đợi ở trường tiểu học, dành thời gian cùng con nói về một ngày ở trường diễn ra thế nào. Bạn cũng nên khuyến khích trẻ chia sẻ bất kỳ mối quan tâm, sự thắc mắc nào để cùng giải đáp.</p><p><strong>2. Tham gia buổi định hướng, trải nghiệm ở trường</strong></p><p>Hầu hết trường tiểu học sẽ tổ chức buổi định hướng hay trải nghiệm trước khi năm học mới bắt đầu. Hãy cho con tham gia bởi nó sẽ là khoảng thời gian tốt để bạn và trẻ cùng tìm hiểu xem phòng học trông như thế nào, căng tin, nhà vệ sinh, xe bus đón và trả ở đâu.</p><p>Sau buổi tham quan, hãy nhắc con đưa bất kỳ câu hỏi mới nào và cùng con tìm ra câu trả lời. Nếu con theo học ngôi trường mà trước đây bạn từng học, hãy chia sẻ cho chúng một số câu chuyện về thời gian bạn còn ở trường. Điều đó sẽ giúp những trải nghiệm của trẻ trở nên thú vị và dễ hiểu hơn.</p><figure class=\"table\"><table><tbody><tr><td><figure class=\"image\"><img src=\"https://i-vnexpress.vnecdn.net/2019/05/05/hoc-sinh-2420-1557026534.jpg\" alt=\"Ảnh: Verywell Family\"></figure></td></tr><tr><td>Ảnh: <i>Verywell Family</i></td></tr></tbody></table></figure><p><strong>3. Mua đồ dùng học tập</strong></p><p>Hãy đưa con đi mua sắm và đảm bảo có mọi thứ chúng cần trước ngày đi học đầu tiên. Những thứ cần mua có thể là chiếc cặp sách thật tốt, giày dép, đồng phục, sách vở cũng như đồ văn phòng phẩm.</p><p><strong>4. Nói về việc làm quen với bạn mới</strong></p><p>Việc chuyển từ trường mầm non lên tiểu học đồng nghĩa với việc trẻ phải nói lời tạm biệt những người bạn cũ và kết bạn mới. Bạn hãy nói chuyện với con về những gì chúng có thể làm để nhanh chóng làm quen với các bạn.</p><p>Bạn cũng nên đảm bảo cho con vẫn được gặp những người bạn ở thời mẫu giáo. Trong hai tháng đầu đi học lớp 1, hãy cố gắng cùng phụ huynh ở lớp mẫu giáo sắp xếp thời gian để các con có những buổi chơi chung với nhau.</p><p><strong>5. Thực hiện các buổi tập di chuyển tới trường</strong></p><p>Dù con sẽ đi bộ, đi bằng phương tiện giao thông công cộng hay sử dụng xe bus của trường, bạn cũng nên cùng thực hiện những chuyến đi đó với con trước khi chúng đi học. Hãy tập cho trẻ dậy sớm hơn vào buổi sáng và cùng tới trường. Ngược lại, bạn cũng có thể cùng con thử đi từ trường về nhà.</p><p><strong>6. Thiết lập thói quen</strong></p><p>Bạn cần duy trì những công việc mà trẻ làm trong suốt tuần học để hình thành thói quen cho chúng. Ví dụ, bạn hãy giúp trẻ quen với việc đi ngủ sớm và thức dậy sớm hơn, nói cho chúng biết khi nào cần làm bài tập về nhà, việc xem TV vào buổi tối bị hạn chế ra sao.</p><p>Bạn hãy cố gắng để con bắt đầu học những thói quen này khoảng một tháng trước khi khai giảng năm học mới.</p><p><strong>7. Dạy trẻ về sự an toàn</strong></p><p>Hãy chia sẻ với con về những tình huống chúng có thể gặp phải khi ở trường, sau đó thảo luận về những việc cần làm trong trường hợp bất kỳ người lớn hay trẻ em nào khiến con khó chịu.</p><p>Bạn cũng nên nói cho con biết về quy trình an toàn phòng cháy chữa cháy, những nguy hiểm khi con rời khỏi cổng trường.</p>', '2019-05-06 19:56:32', 'Nhựt', NULL, 0, 1, NULL),
(48, 'Làm sao để du lịch Việt Nam đón thêm khách nhà giàu?', 'Miễn visa, nâng cao chất lượng dịch vụ là một số hiến kế được đưa ra để du lịch Việt Nam có thể thu hút khách nhà giàu.', NULL, '<h2>Làm sao để du lịch Việt Nam đón thêm khách nhà giàu?</h2><p>Miễn visa, nâng cao chất lượng dịch vụ là một số hiến kế được đưa ra để du lịch Việt Nam có thể thu hút khách nhà giàu.</p><p><a href=\"https://vnexpress.net/du-lich/nhieu-dia-phuong-o-viet-nam-muon-co-san-bay-qua-tai-3917211-tong-thuat.html?ctr=related_news_click\">Nhiều địa phương ở Việt Nam muốn có sân bay quá tải</a> &nbsp;&nbsp;/&nbsp;&nbsp; <a href=\"https://vnexpress.net/du-lich/ly-do-viet-nam-co-nhieu-canh-dep-nhung-khong-hut-khach-bang-singapore-3917826.html?ctr=related_news_click\">Lý do Việt Nam có nhiều cảnh đẹp nhưng không hút khách bằng Singapore</a></p><p>Tại phiên hiến kế thuộc Diễn đàn Kinh tế tư nhân Việt Nam ngày 2/5, ông Lê Quang Tùng - Thứ trưởng Bộ Văn hoá Thể thao và Du lịch cho rằng Việt Nam có lợi thế về tài nguyên thiên nhiên và di sản phong phú. Mặc dù đạt tốc độ tăng trưởng nhanh, lượng <a href=\"https://vnexpress.net/du-lich/nhieu-dia-phuong-o-viet-nam-muon-co-san-bay-qua-tai-3917211.html\">khách quốc tế đến Việt Nam</a> vẫn còn ít, mức chi tiêu thấp hơn các quốc gia trong khu vực.</p><p>Khách quốc tế ở lâu nhưng chi tiêu thấp</p><p>Ông Tùng chỉ ra những tồn tại trong cơ cấu khách quốc tế của du lịch Việt Nam. Tỷ trọng những thị trường có mức chi tiêu cao, lưu trú dài ngày như Australia (1.700 USD/ngày), Bắc Mỹ (1.500 USD/ngày), Tây Âu (1.300 USD/ngày) còn khiêm tốn.</p><p>Đáng báo động là những thị trường chi tiêu cao lại có xu hướng giảm trong 3 năm gần đây. Cụ thể khách từ Bắc Mỹ (mức tăng trưởng từ 7,6% giảm xuống còn 5,8%), Australia (từ 5,2% xuống còn 2,8%), châu Âu (từ 14,6% xuống còn 13,1%). Trong khi khách châu Á thì tăng mạnh.</p><figure class=\"table\"><table><tbody><tr><td><figure class=\"image\"><img src=\"https://i-dulich.vnecdn.net/2019/05/03/hoi-an-vnexpress-1556861905-3145-1556863263.png\" alt=\"Du lịch Việt Nam cần tập trung vào những thị trường khách chi trả cao, lưu trú dài ngày. Ảnh: Khương Nha.\"></figure></td></tr><tr><td>Du lịch Việt Nam cần tập trung vào những thị trường khách chi trả cao, lưu trú dài ngày. Ảnh: <i>Khương Nha.</i></td></tr></tbody></table></figure><p>So với các quốc gia trong khu vực như Singapore, Thái Lan, khách quốc tế đến Việt Nam nghỉ dài ngày nhưng chi tiêu ít hơn. Đại diện Bộ Văn hóa Thể thao và Du lịch dẫn chứng, khách đến Việt Nam lưu trú trung bình 9,5 ngày nhưng chỉ chi tiêu 96 USD mỗi ngày. Trong khi đến Singapore 3-4 ngày, họ chi tiêu 325 USD/ngày, Thái Lan là 9,6 ngày nhưng chi tiêu 132 USD/ngày...</p><p>Ông Lê Quang Tùng nhận định thị phần khách quốc tế đến Việt Nam chưa phù hợp, nếu không giải quyết sớm thì đây sẽ là trở ngại lớn của du lịch Việt Nam trong thời gian tới.</p><p>Tập trung vào thị trường chi trả cao</p><p>Năm 2014, khách Trung Quốc chiếm khoảng 1/4 thị phần khách đến Việt Nam, nhưng đến cuối 2018,&nbsp; đã chiếm 1/3.&nbsp;Ông Trương Tấn Sơn, Tổng công ty Du lịch Sài Gòn cho rằng thị trường này có tốc độ tăng trưởng nhanh nhưng nguồn thu chưa cao.</p><p>\"Chúng ta cần tập trung vào những thị trường có chi trả cao như Bắc Mỹ, Tây Âu, Đông Âu, Nhật Bản, Ấn Độ...\", ông Sơn nhận định đây là những thị trường tiềm năng, có sự tăng trưởng trong thời gian gần đây.</p><p>Lấy dẫn chứng về việc không cân bằng thị phần khách du lịch, ông Phạm Hà, đại diện công ty du lịch Sang Trọng cho rằng vịnh Hạ Long (Quảng Ninh) đang bị quá tải vì không chọn lọc khách. \"Phải hạn chế khách có mức chi trả thấp tại những khu du lịch cao cấp. Như vậy khách nhà giàu mới vào\", ông Hà nhấn mạnh.</p><p>Làm sao để khách chi tiêu nhiều hơn ở Việt Nam?</p><p>Bên cạnh cân đối lại thị phần khách, những người làm du lịch lâu năm còn muốn tìm giải pháp để khách ở lại Việt Nam dài hơn và chi tiêu nhiều hơn.</p><p>Ông Lê Thanh Tùng, Thứ trưởng Bộ Văn hóa Thể thao và Du lịch chỉ ra vấn đề quan trọng cần quan tâm lúc này là đẩy mạnh những sản phẩm du lịch chuyên đề; tập trung vào trải nghiệm cá nhân.</p><p>Để làm được những điều này, ông Tùng cũng đưa ra 6 giải pháp cụ thể gồm: Đa dạng hóa, nâng cao chất lượng dịch vụ; Tiếp thị mạnh hơn vào những thị trường có mức chi trả cao; Cải thiện chính sách visa theo hướng thuận lợi cho du khách; Tăng khả năng kết nối hàng không; Quản lý điểm đến hiệu quả, đảm bảo an toàn, an ninh cho du khách. Cuối cùng là yếu tố con người, từ du lịch giản đơn đến du lịch cao cấp đều phải được đào tạo bài bản, đặc biệt là vấn đề ngoại ngữ, giao tiếp.</p><figure class=\"table\"><table><tbody><tr><td><figure class=\"image\"><img src=\"https://i-dulich.vnecdn.net/2019/05/03/Cathay-Hang-Khong-Viet-Nam-Vne-8882-5266-1556863264.jpg\" alt=\"Visa, thủ tục hải quan và hàng không Việt Nam thời gian qua có nhiều cải thiện tích cực. Ảnh: Khương Nha.\"></figure></td></tr><tr><td>Visa, thủ tục hải quan và hàng không Việt Nam thời gian qua có nhiều cải thiện tích cực. Ảnh: <i>Khương Nha.</i></td></tr></tbody></table></figure><p>Một trong những đề xuất được nhiều doanh nghiệp và chuyên gia du lịch đưa ra là miễn visa cho càng nhiều nước càng tốt, đặc biệt là những thị trường chi trả cao. Ông Lương Hoài Nam - Phó TGĐ Công ty hàng không Ngôi Sao Việt, thành viên Hội đồng Tư vấn Du lịch (TAB) chia sẻ, khi ông tiếp xúc với những khách hàng giàu, họ luôn đặt câu hỏi: \"Tại sao những nước xung quanh như Singapore, Thái Lan, Malaysia đều miễn visa cho họ, còn Việt Nam thì không?</p><p>Theo các chuyên gia du lịch, visa chính là nút thắt của du lịch Việt Nam, để thu hút thêm khách du lịch quốc tế, Việt Nam cần mở mở rộng danh sách miễn thị thực hoặc áp dụng chính sách visa linh hoạt cho những nhóm khách hàng tiềm năng hoặc thị trường có chi trả cao.</p><p>Ngoài ra, hạ tầng hàng không cũng được xem là mắt xích quan trọng để thu hút khách nhà giàu đến Việt Nam. Khách hiện phải di chuyển nhiều chặng khi không có đường bay thẳng đến nhiều điểm du lịch nổi tiếng. Các nhà ga, sân bay luôn trong tình trạng quá tải. Thủ tục nhập cảnh cần cải thiện hơn. \"Nhiều khi khách chỉ mất một phút để qua cổng hải quan, nhưng phải chờ cả tiếng để có thể lấy được hành lý rồi mới ra sân bay\", ông Đinh Việt Phương, đại diện hàng không Vietjet Air góp ý.</p><figure class=\"table\"><table><tbody><tr><td><figure class=\"image\"><img src=\"https://i-dulich.vnecdn.net/2019/05/03/Hang-Khong-Viet-Nam-Vnexpress-9769-1556863264.jpg\" alt=\"Việt Nam cần đạo đạo được nguồn nhân sự cấp cao nếu muốn đón du khách cao cấp. Ảnh: Khương Nha.\"></figure></td></tr><tr><td>Việt Nam cần đạo tạo được nguồn nhân sự cấp cao nếu muốn đón du khách cao cấp. Ảnh: <i>Khương Nha.</i></td></tr></tbody></table></figure><p>Tiếp đến là vấn đề nhân sự. \"Chúng ta phải tập trung vào đào tạo nhân lực. Muốn đón khách hàng cao cấp, phải có nhân lực cao cấp\", ông Phạm Hà nói.</p><p>Bên cạnh việc quy hoạch lại các phân khúc, sản phẩm đặc trưng của mỗi vùng miền, du lịch Việt cần xác định sản phẩm đặc trưng. \"Đến Cuba, khách mua xì gà, đến Hàn Quốc thì mua nhân sâm. Còn đến Việt Nam khách mua gì?\", ông Trương Tấn Sơn đặt vấn đề.</p><p>Các chuyên gia cho rằng nếu chúng ta vẫn loay hoay định hướng Việt Nam là điểm đến khám phá, du khách chỉ đến một lần rồi thôi. Nhưng nếu các sản phẩm du lịch được làm mới, Việt Nam được định hướng là điểm đến nghỉ dưỡng, mua sắm... sẽ tạo luồng gió mới, thu hút thêm nhiều du khách quốc tế, đặc biệt là nhóm khách có khả năng chi trả cao.</p>', '2019-05-06 19:58:34', 'Nhựt', NULL, 0, 1, NULL),
(49, '‘Quái vật’ đường đua Chevrolet Camaro ZL1 1LE 2019 trình làng', 'Những nâng cấp về cả kiểu dáng lẫn hệ thống động lực đưa Camaro ZL1 1LE 2019 trở thành chiếc Camaro chạy đường đua “đỉnh” nhất mà Chevrolet từng chế tạo từ trước tới nay.', NULL, '<p><strong>Những nâng cấp về cả kiểu dáng lẫn hệ thống động lực đưa Camaro ZL1 1LE 2019 trở thành chiếc Camaro chạy đường đua “đỉnh” nhất mà Chevrolet từng chế tạo từ trước tới nay.</strong></p><figure class=\"table\"><table><tbody><tr><td><figure class=\"image\"><img src=\"https://znews-photo.zadn.vn/w1024/Uploaded/rik_rdcvcvwt_wc/2019_01_31/1.jpg\" alt=\"‘Quai vat’ duong dua Chevrolet Camaro ZL1 1LE 2019 trinh lang hinh anh 1 \"></figure></td></tr><tr><td>Ra đời vào năm 1967, Chevrolet Camaro luôn được biết đến như biểu tượng cho sự mạnh mẽ, nam tính của dòng xe cơ bắp Mỹ. Cho tới hiện tại, điều này còn được khẳng định rõ rệt hơn khi phiên bản hiệu suất cao Camaro ZL1 1LE 2019 lộ diện.</td></tr></tbody></table></figure><figure class=\"table\"><table><tbody><tr><td><figure class=\"image\"><img src=\"https://znews-photo.zadn.vn/w1024/Uploaded/rik_rdcvcvwt_wc/2019_01_31/2.jpg\" alt=\"‘Quai vat’ duong dua Chevrolet Camaro ZL1 1LE 2019 trinh lang hinh anh 2 \"></figure></td></tr><tr><td>Về ý tưởng, Camaro ZL1 1LE 2019 là biến thể được xây dựng dựa trên bản cơ sở Camaro ZL1, nhưng đã được tinh chỉnh lại để trở thành một “quái vật” đường đua thực thụ. Cụ thể, việc lần đầu được trang bị hộp số tự động 10 cấp giúp Camaro ZL1 1LE 2019 trở thành chiếc Camaro “nhanh nhất và chạy đua tốt nhất từ trước tới nay” mà Chevrolet từng chế tạo, theo tuyên bố của nhà sản xuất.</td></tr></tbody></table></figure><figure class=\"table\"><table><tbody><tr><td><figure class=\"image\"><img src=\"https://znews-photo.zadn.vn/w1024/Uploaded/rik_rdcvcvwt_wc/2019_01_31/3.jpg\" alt=\"‘Quai vat’ duong dua Chevrolet Camaro ZL1 1LE 2019 trinh lang hinh anh 3 \"></figure></td></tr><tr><td>Cùng với đó, các kỹ sư tại Chevrolet cũng hiệu chuẩn lại hệ thống truyền động, khóa vi sai điện tử cầu sau và hệ thống kiểm soát lực kéo để nâng cao khả năng chạy đường đua. Ngay cả bộ giảm xóc Multimatic DSSV cũng được điều chỉnh lại cho phù hợp với tốc độ sang số nhanh hơn của hộp số tự động 10 cấp.</td></tr></tbody></table></figure><figure class=\"table\"><table><tbody><tr><td><figure class=\"image\"><img src=\"https://znews-photo.zadn.vn/w1024/Uploaded/rik_rdcvcvwt_wc/2019_01_31/4.jpg\" alt=\"‘Quai vat’ duong dua Chevrolet Camaro ZL1 1LE 2019 trinh lang hinh anh 4 \"></figure></td></tr><tr><td>Nhờ những cải tiến này, Camaro ZL1 1LE 2019 nhanh hơn bản sử dụng hộp số sàn 6 cấp khoảng 0,5 giây khi thử nghiệm trên đường đua Milford Road Course của GM. Còn ở những chặng đua dài như Nürburgring, sự chênh lệch này được ước tính lên tới vài giây.</td></tr></tbody></table></figure><figure class=\"table\"><table><tbody><tr><td><figure class=\"image\"><img src=\"https://znews-photo.zadn.vn/w1024/Uploaded/rik_rdcvcvwt_wc/2019_01_31/5.jpg\" alt=\"‘Quai vat’ duong dua Chevrolet Camaro ZL1 1LE 2019 trinh lang hinh anh 5 \"></figure></td></tr><tr><td>Dưới nắp ca-pô, Camaro ZL1 1LE 2019 được trang bị động cơ tăng áp V8 6.2L, sản sinh công suất 650 mã lực và mô-men xoắn 880 Nm. Khoang máy của xe cũng được lắp đặt chảo nhớt và bộ làm mát hộp số mới.</td></tr></tbody></table></figure><figure class=\"table\"><table><tbody><tr><td><figure class=\"image\"><img src=\"https://znews-photo.zadn.vn/w1024/Uploaded/rik_rdcvcvwt_wc/2019_01_31/6.jpg\" alt=\"‘Quai vat’ duong dua Chevrolet Camaro ZL1 1LE 2019 trinh lang hinh anh 6 \"></figure></td></tr><tr><td>Ở bên ngoài, diện mạo xe được thiết kế nhằm tối ưu tính khí động học. Gói trang bị 1LE mang đến cho xe cặp vây hướng gió ở phía trước, cánh gió đuôi sợi carbon, kính sau mỏng hơn và bộ mâm nhôm trọng lượng nhẹ đi kèm dàn lốp thể thao Goodyear Eagle <a href=\"https://news.zing.vn/tieu-diem/f1.html\">F1</a>Supercar 3R. Loạt cập nhật này giúp Camaro ZL1 1LE 2019 nhẹ hơn khoảng 22 kg so với bản cơ sở ZL1.</td></tr></tbody></table></figure><figure class=\"table\"><table><tbody><tr><td><figure class=\"image\"><img src=\"https://znews-photo.zadn.vn/w1024/Uploaded/rik_rdcvcvwt_wc/2019_01_31/7.jpg\" alt=\"‘Quai vat’ duong dua Chevrolet Camaro ZL1 1LE 2019 trinh lang hinh anh 7 \"></figure></td></tr><tr><td>Tại Mỹ, Chevrolet Camaro ZL1 có mức giá khởi điểm từ 64.195 USD. Người dùng sẽ cần trả thêm 7.500 USD để có được gói hiệu suất cao ZL1 1LE Track Performance, và 1.595 USD cho hộp số tự động 10 cấp.</td></tr></tbody></table></figure>', '2019-05-06 19:58:38', 'Xuyên', 44, 1, 1, 'mx'),
(50, 'Coupe 4 cửa Mercedes-AMG GT cập bến Đông Nam Á, giá hơn 434.000 USD', 'Sau hơn một năm ra mắt chính thức ra mắt công chúng, Mercedes-AMG GT 4-Door Coupe vừa có màn “chào sân” Đông Nam Á thông qua đại lý phân phối Mercedes-Benz tại Malaysia. AMG GT 4-Door là quân bài chiến lược quan trọng của hãng xe sang nước Đức nhằm cạnh tranh với đối thủ đồng hương Porsche Panamera đang độc tôn ở phân khúc coupe 4 cửa.', NULL, '<p><strong>Mercedes-AMG GT 4-Door Coupe cập bến Malaysia với phiên bản cao cấp nhất GT 63 S 4Matic+, có giá bán hơn 434.000 USD.</strong></p><figure class=\"table\"><table><tbody><tr><td><figure class=\"image\"><img src=\"https://znews-photo.zadn.vn/w1024/Uploaded/rik_rdcvcvwt_wc/2019_05_03/1_1.jpg\" alt=\"Coupe 4 cua Mercedes-AMG GT cap ben Dong Nam A, gia hon 434.000 USD hinh anh 1 \"></figure></td></tr><tr><td>Sau hơn một năm ra mắt chính thức ra mắt công chúng, Mercedes-AMG GT 4-Door Coupe vừa có màn “chào sân” Đông Nam Á thông qua đại lý phân phối Mercedes-Benz tại Malaysia. AMG GT 4-Door là quân bài chiến lược quan trọng của hãng xe sang nước Đức nhằm cạnh tranh với đối thủ đồng hương Porsche Panamera đang độc tôn ở phân khúc coupe 4 cửa.</td></tr></tbody></table></figure><figure class=\"table\"><table><tbody><tr><td><figure class=\"image\"><img src=\"https://znews-photo.zadn.vn/w1024/Uploaded/rik_rdcvcvwt_wc/2019_05_03/2_1.jpg\" alt=\"Coupe 4 cua Mercedes-AMG GT cap ben Dong Nam A, gia hon 434.000 USD hinh anh 2 \"></figure></td></tr><tr><td>Chiếc AMG GT 4-Door Coupe đang có mặt tại Malaysia thuộc phiên bản cao cấp nhất GT 63 S 4Matic+, có giá bán 1,8 triệu RM, tương đương 10,1 tỷ đồng. Xe sử dụng động cơ V8 4.0L tăng áp kép cùng hộp số tự động 9 cấp AMG Speedshift MCT và hệ dẫn động 4 bánh 4MATIC+, cho công suất 630 mã lực và mô-men xoắn 900 Nm, tốc độ tối đa đạt 315 km/h.</td></tr></tbody></table></figure><figure class=\"table\"><table><tbody><tr><td><figure class=\"image\"><img src=\"https://znews-photo.zadn.vn/w1024/Uploaded/rik_rdcvcvwt_wc/2019_05_03/3_1.jpg\" alt=\"Coupe 4 cua Mercedes-AMG GT cap ben Dong Nam A, gia hon 434.000 USD hinh anh 3 \"></figure></td></tr><tr><td>Đáng chú ý, hệ dẫn động AMG Performance 4Matic+ có thể hoạt động hoàn toàn như hệ dẫn động cầu sau khi xe kích hoạt chế độ Drift chuyên dụng. Ngoài ra còn công nghệ vô hiệu hóa xi-lanh tích hợp trên động cơ cho phép tắt bớt một nửa số xi-lanh khi không cần thiết và tái khởi động khi tải trọng của xe thay đổi, qua đó giúp cải thiện đáng kể mức tiêu hao nhiên liệu.</td></tr></tbody></table></figure><figure class=\"table\"><table><tbody><tr><td><figure class=\"image\"><img src=\"https://znews-photo.zadn.vn/w1024/Uploaded/rik_rdcvcvwt_wc/2019_05_03/4_1.jpg\" alt=\"Coupe 4 cua Mercedes-AMG GT cap ben Dong Nam A, gia hon 434.000 USD hinh anh 4 \"></figure></td></tr><tr><td>Được xây dựng dựa trên nền tảng khung gầm MRA, Mercedes-AMG GT 4-Door Coupe là sự kết hợp hài hòa giữa tính thanh lịch, tiện dụng của một chiếc sedan hạng sang cùng kiểu dáng năng động, cảm giác lái mạnh mẽ trên một chiếc coupe thể thao.</td></tr></tbody></table></figure><figure class=\"table\"><table><tbody><tr><td><figure class=\"image\"><img src=\"https://znews-photo.zadn.vn/w1024/Uploaded/rik_rdcvcvwt_wc/2019_05_03/5_1.jpg\" alt=\"Coupe 4 cua Mercedes-AMG GT cap ben Dong Nam A, gia hon 434.000 USD hinh anh 5 \"></figure></td></tr><tr><td>Chiếc AMG GT 63 S 4Matic+ tại Malaysia đã được áp dụng hai gói tùy chọn AMG Aerodynamics Package và Night Package, với các trang bị nổi bật như bộ mâm hợp kim AMG 21 inch, cặp ống xả kép hiệu suất cao, kẹp phanh 6 piston màu vàng, cánh gió đuôi cố định (tiêu chuẩn là chỉnh điện) cùng nhiều chi tiết sợi carbon.</td></tr></tbody></table></figure><figure class=\"table\"><table><tbody><tr><td><figure class=\"image\"><img src=\"https://znews-photo.zadn.vn/w1024/Uploaded/rik_rdcvcvwt_wc/2019_05_03/6_1.jpg\" alt=\"Coupe 4 cua Mercedes-AMG GT cap ben Dong Nam A, gia hon 434.000 USD hinh anh 6 \"></figure></td></tr><tr><td>Bên trong, xe được trang bị vô lăng AMG Performance và ghế ngồi thể thao. Nội thất sử dụng kết hợp hai loại da bọc là Nappa và Dinamica với điểm nhấn là các đường chỉ khâu và dây an toàn màu vàng. Ngoài ra, cabin cũng thu hút với hệ thống đèn trang trí và các miếng ốp sợi carbon.</td></tr></tbody></table></figure><figure class=\"table\"><table><tbody><tr><td><figure class=\"image\"><img src=\"https://znews-photo.zadn.vn/w1024/Uploaded/rik_rdcvcvwt_wc/2019_05_03/7_1.jpg\" alt=\"Coupe 4 cua Mercedes-AMG GT cap ben Dong Nam A, gia hon 434.000 USD hinh anh 7 \"></figure></td></tr><tr><td>Màn hình buồng lái ảo Widescreen Cockpit gồm hai màn hình cỡ lớn 12,3 inch với đa dạng chế độ xem như Classic, Sport và Supersport. Xe được trang bị hệ thống điều khiển COMAND Online, dàn âm thanh vòm Burmester, touchpad mới cùng đế sạc điện thoại không dây ở cả phía trước và sau.</td></tr></tbody></table></figure><figure class=\"table\"><table><tbody><tr><td><figure class=\"image\"><img src=\"https://znews-photo.zadn.vn/w1024/Uploaded/rik_rdcvcvwt_wc/2019_05_03/8_1.jpg\" alt=\"Coupe 4 cua Mercedes-AMG GT cap ben Dong Nam A, gia hon 434.000 USD hinh anh 8 \"></figure></td></tr><tr><td>Chưa hết, nội thất xe còn có thể tạo được hương thơm phù hợp với sở thích cá nhân nhờ gói nước hoa Air Balance và hệ thống phân tán mùi hương Energising Comfort Control. Các tiện nghi khác bao gồm tính năng đóng/mở cốp tự động, camera 360 độ, cảm biến đỗ xe, hệ thống hỗ trợ đánh lái và giữ khoảng cách chủ động.</td></tr></tbody></table></figure><figure class=\"table\"><table><tbody><tr><td><figure class=\"image\"><img src=\"https://znews-photo.zadn.vn/w1024/Uploaded/rik_rdcvcvwt_wc/2019_05_03/9_1.jpg\" alt=\"Coupe 4 cua Mercedes-AMG GT cap ben Dong Nam A, gia hon 434.000 USD hinh anh 9 \"></figure></td></tr><tr><td>Tương tự những thành viên khác trong gia đình AMG GT, AMG GT 4-Door Coupe cũng được lắp đặt bộ ghi dữ liệu AMG Track Pace có khả năng cung cấp mọi thông số về tốc độ, tăng tốc hay thời gian chạy của chiếc xe trong thời gian thực tới điện thoại người dùng.</td></tr></tbody></table></figure>', '2019-05-06 08:05:09', 'Xuyên', 1, 0, 1, 'mx'),
(51, 'Bugatti Divo \'thử lửa\' tại sa mạc khắc nghiệt nhất hành tinh', 'Hãng siêu xe nước Pháp vừa đăng tải những hình ảnh đầu tiên về quá trình thử nghiệm Bugatti Divo tại sa mạc Kalahari.', NULL, '<p><strong>Hãng siêu xe nước Pháp vừa đăng tải những hình ảnh đầu tiên về quá trình thử nghiệm Bugatti Divo tại sa mạc Kalahari.</strong></p><figure class=\"table\"><table><tbody><tr><td><figure class=\"image\"><img src=\"https://znews-photo.zadn.vn/w660/Uploaded/rik_rdcvcvwt_wc/2019_04_20/1.jpg\" alt=\"Bugatti Divo \'thu lua\' tai sa mac khac nghiet nhat hanh tinh hinh anh 1 \"></figure></td></tr><tr><td>Có mức giá lên tới 5,8 triệu USD, Bugatii Divo chỉ được sản xuất vỏn vẹn 40 chiếc và toàn bộ đều đã sớm có chủ trước cả thời điểm ra mắt chính thức hồi tháng 8 năm ngoái. Trước khi đến tay khách hàng, siêu phẩm của Bugatii cần phải hoàn thành những bài kiểm tra khắt khe nhất để đảm bảo mọi yếu tố về vận hành cũng như tính năng an toàn.</td></tr></tbody></table></figure><figure class=\"table\"><table><tbody><tr><td><figure class=\"image\"><img src=\"https://znews-photo.zadn.vn/w660/Uploaded/rik_rdcvcvwt_wc/2019_04_20/2.jpg\" alt=\"Bugatti Divo \'thu lua\' tai sa mac khac nghiet nhat hanh tinh hinh anh 2 \"></figure></td></tr><tr><td>Thông tin được hãng xe nước Pháp đăng tải trên mạng xã hội mới đây cho thấy siêu xe này đang được thử nghiệm tại sa mạc Kalahari nằm ở miền nam châu Phi. Vào mùa hè, nhiệt độ ban ngày tại đây duy trì ở mức 40 độ C và có thể cao hơn. Kalahari được xem là sa mạc khắc nghiệt và khó tồn tại sự sống nhất thế giới.</td></tr></tbody></table></figure><figure class=\"table\"><table><tbody><tr><td><figure class=\"image\"><img src=\"https://znews-photo.zadn.vn/w660/Uploaded/rik_rdcvcvwt_wc/2019_04_20/3.jpg\" alt=\"Bugatti Divo \'thu lua\' tai sa mac khac nghiet nhat hanh tinh hinh anh 3 \"></figure></td></tr><tr><td>Tại đây, Divo được phơi nắng dưới mức nhiệt 40 độ C trong nhiều giờ liên tiếp chạy với tốc độ 250 km/h. Đây là cách để đảm bảo hệ thống làm mát khí nạp của xe sẽ luôn hoạt động ổn định trong điều kiện thời tiết nắng nóng khắc nghiệt.</td></tr></tbody></table></figure><figure class=\"table\"><table><tbody><tr><td><figure class=\"image\"><img src=\"https://znews-photo.zadn.vn/w660/Uploaded/rik_rdcvcvwt_wc/2019_04_20/4.jpg\" alt=\"Bugatti Divo \'thu lua\' tai sa mac khac nghiet nhat hanh tinh hinh anh 4 \"></figure></td></tr><tr><td>Ngoài hệ thống làm mát khí nạp, việc tối ưu hóa luồng khí dẫn vào khoang máy còn được hỗ trợ bởi một số đặc điểm thiết kế như các hốc hút gió cỡ lớn trước và sau hay phần mái được tạo hình để trở thành một ống dẫn khí NACA hiệu quả.</td></tr></tbody></table></figure><figure class=\"table\"><table><tbody><tr><td><figure class=\"image\"><img src=\"https://znews-photo.zadn.vn/w660/Uploaded/rik_rdcvcvwt_wc/2019_04_20/5.jpg\" alt=\"Bugatti Divo \'thu lua\' tai sa mac khac nghiet nhat hanh tinh hinh anh 5 \"></figure></td></tr><tr><td>Divo sử dụng động cơ W16 8.0L quad-turbocharged, sản sinh công suất 1.479 mã lực và mô-men xoắn 1.600 Nm. Mất 2,4 giây để siêu xe này tăng tốc từ 0-100 km/h, trước khi đạt tốc độ tối đa 380 km/h.</td></tr></tbody></table></figure><figure class=\"table\"><table><tbody><tr><td><figure class=\"image\"><img src=\"https://znews-photo.zadn.vn/w660/Uploaded/rik_rdcvcvwt_wc/2019_04_20/6.jpg\" alt=\"Bugatti Divo \'thu lua\' tai sa mac khac nghiet nhat hanh tinh hinh anh 6 \"></figure></td></tr><tr><td>So với những lần xuất hiện trước công chúng, diện mạo của chiếc Bugatti Divo ở sa mạc Kalahari còn được nhiều người nhận xét là ấn tượng hơn khi nó loại bỏ một số chi tiết màu xanh dương ở bên ngoài – điều che lấp đi sự hầm hố và dữ tợn ẩn trong “quái vật” này.</td></tr></tbody></table></figure>', '2019-05-06 08:05:52', 'Xuyên', 1, 0, 1, 'mx');
INSERT INTO `tin` (`id_tin`, `tieude`, `mota`, `img`, `noidung`, `ngaydangtin`, `tacgia`, `solanxem`, `tinhot`, `trangthai`, `id_loaitin`) VALUES
(52, '\'Quái thú\' Kia Stinger GTS 2019 ra mắt, tập trung vào khả năng drift', 'Sedan thể thao Kia Stinger GTS 2019 vừa chính thức ra mắt tại triển lãm ôtô New York 2019. Đây là phiên bản đặc biệt được sản xuất giới hạn chỉ 800 chiếc trên toàn thế giới.', NULL, '<p><strong>Sedan thể thao Kia Stinger GTS 2019 vừa chính thức ra mắt tại triển lãm ôtô New York 2019. Đây là phiên bản đặc biệt được sản xuất giới hạn chỉ 800 chiếc trên toàn thế giới.</strong></p><figure class=\"table\"><table><tbody><tr><td><figure class=\"image\"><img src=\"https://znews-photo.zadn.vn/w1024/Uploaded/rik_rdcvcvwt_wc/2019_04_19/1.jpg\" alt=\"\'Quai thu\' Kia Stinger GTS 2019 ra mat, tap trung vao kha nang drift hinh anh 1 \"></figure></td></tr><tr><td>Phải thừa nhận rằng, sự ra đời của Stinger đã góp phần không nhỏ giúp Kia – hãng xe vốn luôn gắn mác “bình dân”&nbsp;– nâng tầm hình ảnh thương hiệu mình trong những năm gần đây. Để tăng sức hút cho mẫu sedan tiềm năng này, phiên bản đặc biệt GTS vừa được hãng xe Hàn Quốc trình làng tại triển lãm ôtô New York 2019 với số lượng giới hạn chỉ 800 chiếc.</td></tr></tbody></table></figure><figure class=\"table\"><table><tbody><tr><td><figure class=\"image\"><img src=\"https://znews-photo.zadn.vn/w1024/Uploaded/rik_rdcvcvwt_wc/2019_04_19/2.jpg\" alt=\"\'Quai thu\' Kia Stinger GTS 2019 ra mat, tap trung vao kha nang drift hinh anh 2 \"></figure></td></tr><tr><td>So với bản tiêu chuẩn, vóc dáng của Stinger GTS 2019 gần như không có gì thay đổi, nhưng diện mạo thì đã được tân trang lại bằng các chi tiết sợi carbon như viền lưới tản nhiệt, mũ gương và các khe gió.</td></tr></tbody></table></figure><figure class=\"table\"><table><tbody><tr><td><figure class=\"image\"><img src=\"https://znews-photo.zadn.vn/w1024/Uploaded/rik_rdcvcvwt_wc/2019_04_19/3.jpg\" alt=\"\'Quai thu\' Kia Stinger GTS 2019 ra mat, tap trung vao kha nang drift hinh anh 3 \"></figure></td></tr><tr><td>Phía sau, điểm khác biệt duy nhất là sự xuất hiện của dòng chữ “Stinger” ở chính giữa thay thế cho logo Kia.</td></tr></tbody></table></figure><figure class=\"table\"><table><tbody><tr><td><figure class=\"image\"><img src=\"https://znews-photo.zadn.vn/w1024/Uploaded/rik_rdcvcvwt_wc/2019_04_19/4.jpg\" alt=\"\'Quai thu\' Kia Stinger GTS 2019 ra mat, tap trung vao kha nang drift hinh anh 4 \"></figure></td></tr><tr><td>Bên trong, nội thất của xe được nâng cấp với da bọc Alcantara và da lộn Chamude. Các trang bị đáng chú ý khác bao gồm cửa sổ trời, hệ thống âm thanh Harman/Kardon công suất 700W và đế sạc điện thoại không dây.</td></tr></tbody></table></figure><figure class=\"table\"><table><tbody><tr><td><figure class=\"image\"><img src=\"https://znews-photo.zadn.vn/w1024/Uploaded/rik_rdcvcvwt_wc/2019_04_19/5.jpg\" alt=\"\'Quai thu\' Kia Stinger GTS 2019 ra mat, tap trung vao kha nang drift hinh anh 5 \"></figure></td></tr><tr><td>Sức mạnh của Stinger GTS 2019 đến từ động cơ V6 3.3L tăng áp kép, cho công suất 365 mã lực và mô-men xoắn 509 Nm. Kết hợp với khối động cơ này là hộp số tự động 8 cấp cùng hệ dẫn động cầu sau hoặc 4 bánh.</td></tr></tbody></table></figure><figure class=\"table\"><table><tbody><tr><td><figure class=\"image\"><img src=\"https://znews-photo.zadn.vn/w1024/Uploaded/rik_rdcvcvwt_wc/2019_04_19/6.jpg\" alt=\"\'Quai thu\' Kia Stinger GTS 2019 ra mat, tap trung vao kha nang drift hinh anh 6 \"></figure></td></tr><tr><td>Kia gọi hệ dẫn động 4 bánh trên chiếc xe của mình là D-AWD với chữ D đầu tiên đại diện cho từ “Dynamic” (động lực). Hệ dẫn động này được tích hợp thêm một khóa vi sai cầu sau, qua đó có thể phân phối tới 60% hoặc 80% hay thậm chí là toàn bộ động lực tới trục sau tùy theo từng chế độ lái.</td></tr></tbody></table></figure><figure class=\"table\"><table><tbody><tr><td><figure class=\"image\"><img src=\"https://znews-photo.zadn.vn/w1024/Uploaded/rik_rdcvcvwt_wc/2019_04_19/7.jpg\" alt=\"\'Quai thu\' Kia Stinger GTS 2019 ra mat, tap trung vao kha nang drift hinh anh 7 \"></figure></td></tr><tr><td>Khả năng chuyển đổi giữa hệ dẫn động 4 bánh sang dẫn động cầu sau chỉ bằng một thao tác mà Stinger GTS 2019 đang sở hữu vốn từ trước tới nay thường chỉ có trên những mẫu xe ở phân khúc cao hơn, ít nhất từ Mercedes-AMG E63 hay BMW M5 F90 trở lên, rõ ràng là một điểm đáng tự hào của mẫu sedan này.</td></tr></tbody></table></figure><figure class=\"table\"><table><tbody><tr><td><figure class=\"image\"><img src=\"https://znews-photo.zadn.vn/w1024/Uploaded/rik_rdcvcvwt_wc/2019_04_19/8.jpg\" alt=\"\'Quai thu\' Kia Stinger GTS 2019 ra mat, tap trung vao kha nang drift hinh anh 8 \"></figure></td></tr><tr><td>Bên cạnh đó, Stinger GTS 2019 được trang bị hệ thống kiểm soát góc trượt, giúp phát hiện tình trạng mất ổn định của xe khi vào khúc cua như thừa lái, thiếu lái hay trượt bánh. Hệ thống hỗ trợ đánh lái ngược giúp tài xế có thể thực hiện những cú drift mượt mà hơn.</td></tr></tbody></table></figure><figure class=\"table\"><table><tbody><tr><td><figure class=\"image\"><img src=\"https://znews-photo.zadn.vn/w1024/Uploaded/rik_rdcvcvwt_wc/2019_04_19/9.jpg\" alt=\"\'Quai thu\' Kia Stinger GTS 2019 ra mat, tap trung vao kha nang drift hinh anh 9 \"></figure></td></tr><tr><td>Kia Stinger GTS 2019 dự kiến lên dây chuyền sản xuất vào cuối mùa xuân này. Xe có giá bán từ 44.000 USD với bản dùng hệ dẫn động cầu sau và 46.500 USD với bản sử dụng hệ dẫn động 4 bánh.</td></tr></tbody></table></figure><p><a href=\"https://news.zing.vn/video-xem-kha-nang-drift-cua-kia-stinger-gts-2019-post937381.html\"><strong>Xem khả năng drift của Kia Stinger GTS 2019</strong></a> Những cải tiến ở hệ thống động lực đưa Kia Stinger GTS 2019 trở thành một \"quái thú\" drift thực thụ.</p>', '2019-05-06 08:06:24', 'Xuyên', 1, 0, 1, 'mx'),
(53, 'Sedan đầu bảng của Volkswagen chốt giá rẻ hơn BMW 3-Series', 'Volkswagen Arteon 2019 đã chính thức được mở bán ở một số thị trường. Tại Mỹ, mẫu xe có mức giá khởi điểm từ 35.845 USD. Con số này còn rẻ hơn của BMW 3-Series 2019 (40.250 USD), trong khi Arteon là mẫu sedan đầu bảng của hãng xe nước Đức, được định vị ngang hàng với BMW 4-Series Gran Coupe.', NULL, '<p><strong>Đồng hạng với BMW 4-Series Gran Coupe, tuy nhiên giá bán của Volkswagen Arteon 2019 còn rẻ hơn cả 3-Series 2019.</strong></p><figure class=\"table\"><table><tbody><tr><td><p>&nbsp;</p><figure class=\"image\"><img src=\"https://znews-photo.zadn.vn/w1024/Uploaded/rik_rdcvcvwt_wc/2019_03_29/1.jpg\" alt=\"Sedan dau bang cua Volkswagen chot gia re hon BMW 3-Series hinh anh 1 \"></figure><p>&nbsp;</p></td></tr><tr><td><p>&nbsp;</p><p>Volkswagen Arteon 2019 đã chính thức được mở bán ở một số thị trường. Tại Mỹ, mẫu xe có mức giá khởi điểm từ 35.845 USD. Con số này còn rẻ hơn của BMW 3-Series 2019 (40.250 USD), trong khi Arteon là mẫu sedan đầu bảng của hãng xe nước Đức, được định vị ngang hàng với BMW 4-Series Gran Coupe.</p><p>&nbsp;</p></td></tr></tbody></table></figure><figure class=\"table\"><table><tbody><tr><td><p>&nbsp;</p><figure class=\"image\"><img src=\"https://znews-photo.zadn.vn/w1024/Uploaded/rik_rdcvcvwt_wc/2019_03_29/2.jpg\" alt=\"Sedan dau bang cua Volkswagen chot gia re hon BMW 3-Series hinh anh 2 \"></figure><p>&nbsp;</p></td></tr><tr><td><p>&nbsp;</p><p>Tại Mỹ, Arteon 2019 được phân phối với 3 cấp độ trang bị là SE, SEL và SEL Premium. Tất cả đều sử dụng động cơ 4 xi-lanh 2.0L tăng áp cùng hộp số tự động 8 cấp, cho công suất 268 mã lực và mô-men xoắn 350 Nm. Hệ dẫn động 4 bánh 4Motion được cấp sẵn ở bản SEL Premium. Còn ở bản SE và SEL, khách hàng phải trả thêm 1.800 USD để nâng cấp từ hệ dẫn động cầu trước lên 4Motion.</p><p>&nbsp;</p></td></tr></tbody></table></figure><figure class=\"table\"><table><tbody><tr><td><p>&nbsp;</p><figure class=\"image\"><img src=\"https://znews-photo.zadn.vn/w1024/Uploaded/rik_rdcvcvwt_wc/2019_03_29/3.jpg\" alt=\"Sedan dau bang cua Volkswagen chot gia re hon BMW 3-Series hinh anh 3 \"></figure><p>&nbsp;</p></td></tr><tr><td><p>&nbsp;</p><p>Bản tiêu chuẩn SE vẫn có đầy đủ các trang bị như đèn pha LED, hệ thống giảm chấn thích ứng, ghế trước chỉnh điện 12 hướng tích hợp tính năng sưởi ấm, chìa khóa thông minh, điều hòa 3 vùng độc lập và gương chống chói tự động.</p><p>&nbsp;</p></td></tr></tbody></table></figure><figure class=\"table\"><table><tbody><tr><td><figure class=\"image\"><img src=\"https://znews-photo.zadn.vn/w1024/Uploaded/rik_rdcvcvwt_wc/2019_03_29/7_1.jpg\" alt=\"Sedan dau bang cua Volkswagen chot gia re hon BMW 3-Series hinh anh 4 \"></figure></td></tr><tr><td>Ở tầm giá cao hơn là bản SEL (39.995 USD). Xe được bổ sung cửa sổ trời toàn cảnh, gương chỉnh điện, chức năng đề nổ từ xa, công nghệ đèn pha thích ứng và kiểm soát hành trình thích ứng.</td></tr></tbody></table></figure><figure class=\"table\"><table><tbody><tr><td><p>&nbsp;</p><figure class=\"image\"><img src=\"https://znews-photo.zadn.vn/w1024/Uploaded/rik_rdcvcvwt_wc/2019_03_29/4.jpg\" alt=\"Sedan dau bang cua Volkswagen chot gia re hon BMW 3-Series hinh anh 5 \"></figure><p>&nbsp;</p></td></tr><tr><td><p>&nbsp;</p><p>Bên trong, nội thất Arteon SEL được nâng cấp với da bọc Nappa, điều hướng vệ tinh, màn hình kỹ thuật số 12,3 inch, chức năng nhớ vị trí cho ghế lái cùng các miếng ốp gỗ trang trí.</p><p>&nbsp;</p></td></tr></tbody></table></figure><figure class=\"table\"><table><tbody><tr><td><p>&nbsp;</p><figure class=\"image\"><img src=\"https://znews-photo.zadn.vn/w1024/Uploaded/rik_rdcvcvwt_wc/2019_03_29/5.jpg\" alt=\"Sedan dau bang cua Volkswagen chot gia re hon BMW 3-Series hinh anh 6 \"></figure><p>&nbsp;</p></td></tr><tr><td><p>&nbsp;</p><p>Bản cao cấp nhất SEL Premium có mức giá từ 44.945 USD, sở hữu vô-lăng sưởi, lẫy chuyển số, đèn viền 3 màu, kết nối không dây VW Car-Net và hệ thống âm thanh Dynaudio 12 loa công suất 700W. Ngoài ra còn có thêm các tính năng như massage cho ghế lái, làm mát cho hàng ghế trước và sưởi ấm cho hàng ghế sau.</p><p>&nbsp;</p></td></tr></tbody></table></figure><figure class=\"table\"><table><tbody><tr><td><p>&nbsp;</p><figure class=\"image\"><img src=\"https://znews-photo.zadn.vn/w1024/Uploaded/rik_rdcvcvwt_wc/2019_03_29/6.jpg\" alt=\"Sedan dau bang cua Volkswagen chot gia re hon BMW 3-Series hinh anh 7 \"></figure><p>&nbsp;</p></td></tr><tr><td><p>&nbsp;</p><p>Những khách hàng ưa thích phong cách thể thao có thể trả thêm cho gói R-Line Package giá 1.265 USD (dùng mâm 19 inch) hoặc 1.765 USD (dùng mâm 20 inch). Gói phụ kiện này giúp mẫu sedan trông cuốn hút hơn với cản trước được chỉnh sửa, huy hiệu “R-Line” trên lưới tản nhiệt, cánh lướt gió thể thao cùng các chi tiết màu đen bóng.</p><p>&nbsp;</p></td></tr></tbody></table></figure><figure class=\"table\"><table><tbody><tr><td><figure class=\"image\"><img src=\"https://znews-photo.zadn.vn/w1024/Uploaded/rik_rdcvcvwt_wc/2019_03_29/8.jpg\" alt=\"Sedan dau bang cua Volkswagen chot gia re hon BMW 3-Series hinh anh 8 \"></figure></td></tr><tr><td>Volkswagen Arteon 2019 sẽ chính thức có mặt tại các đại lý ở Mỹ vào tháng tới. Khách hàng khi mua xe sẽ được hưởng chế độ bảo hành trong 3 năm hoặc 116.000 km.</td></tr></tbody></table></figure><p><a href=\"https://news.zing.vn/video-danh-gia-nhanh-honda-accord-2019-sedan-hang-d-sap-ve-vn-post930047.html\"><strong>Đánh giá nhanh Honda Accord 2019, sedan hạng D sắp về VN</strong></a> Honda Accord phiên bản 2019 xuất hiện tại triển lãm Bangkok Motorshow 2019. Mẫu xe này hứa hẹn sẽ sớm ra mắt tại Việt Nam.</p>', '2019-05-06 08:07:08', 'Xuyên', NULL, 0, 1, 'mx'),
(54, 'Hết hàng chỉ sau một ngày ra mắt, Cadillac CT6-V mở bán đợt hai', 'Cadillac CT6-V sẽ mở bán đợt hai, đây là mẫu sedan từng có màn chào sân ấn tượng khi bán hết sạch lô 275 xe chỉ sau một ngày ra mắt. Chỉ mất chưa đầy hai ngày để hãng xe nước Mỹ bán hết toàn bộ lô 275 chiếc Cadillac CT6-V sản xuất cho năm 2019, dù cho mức giá khởi điểm 88.790 USD của mẫu xe là không hề rẻ.  Nhà máy sản xuất CT6-V tại Detroit-Hamtramck cũng đã đóng cửa sau khi xuất xưởng lô xe trên, khiến tương lai của mẫu sedan hạng sang này trở nên khá bất định. Khi ấy, có thể coi 275 chiếc CT6-V là phiên bản giới hạn của dòng CT6.  Thế nhưng, tin vui đã đến với những khách hàng chậm chân khi Cadillac mới đây đã xác nhận sẽ tiếp tục mở bán đợt hai mẫu xe đặc biệt này.', NULL, '<p><strong>Cadillac CT6-V sẽ mở bán đợt hai, đây là mẫu sedan từng có màn chào sân ấn tượng khi bán hết sạch lô 275 xe chỉ sau một ngày ra mắt.</strong></p><p>Chỉ mất chưa đầy hai ngày để hãng xe nước Mỹ bán hết toàn bộ lô 275 chiếc Cadillac CT6-V sản xuất cho năm 2019, dù cho mức giá khởi điểm 88.790 USDcủa mẫu xe là không hề rẻ.</p><p>Nhà máy sản xuất CT6-V tại Detroit-Hamtramck cũng đã đóng cửa sau khi xuất xưởng lô xe trên, khiến tương lai của mẫu sedan hạng sang này trở nên khá bất định. Khi ấy, có thể coi 275 chiếc CT6-V là phiên bản giới hạn của dòng CT6.</p><p>Thế nhưng, tin vui đã đến với những khách hàng chậm chân khi Cadillac mới đây đã xác nhận sẽ tiếp tục mở bán đợt hai mẫu xe đặc biệt này.</p><figure class=\"table\"><table><tbody><tr><td><figure class=\"image\"><img src=\"https://znews-photo.zadn.vn/w660/Uploaded/rik_rdcvcvwt_wc/2019_03_16/1_1.jpg\" alt=\"Het hang chi sau mot ngay ra mat, Cadillac CT6-V mo ban dot hai hinh anh 1 \"></figure></td></tr><tr><td>Cadillac CT6-V sẽ được mở bán đợt hai. <i>Ảnh: Motor1</i></td></tr></tbody></table></figure><p>Ở lần bán này, CT6-V tăng giá lên 92.790 USD nhưng không có bất kỳ thay đổi nào so với mẫu xe trong đợt bán đầu. Là mẫu sedan rất được khách hàng Mỹ đón nhận và đã được kiểm chứng ở lần bán đầu, việc tăng giá thêm 4.000 USDcó lẽ không ảnh hưởng đáng kể tới sức hút của mẫu xe tiềm năng này.</p><p>Sự trở lại của CT6-V ở thời điểm nhạy cảm như hiện tại chắc chắn là một tin đáng mừng với những người hâm mộ, bởi Cadillac đã xác nhận khai tử nhiều mẫu xe của hãng, bản thân mẫu CT6 cũng sẽ chính thức bị ngừng sản xuất vào tháng 6 năm nay.</p><p>Hãng xe nước Mỹ muốn tập trung phát triển dòng hiệu năng cao V-Series mà CT6-V là một đại diện trong đó.</p><figure class=\"table\"><table><tbody><tr><td><figure class=\"image\"><img src=\"https://znews-photo.zadn.vn/w660/Uploaded/rik_rdcvcvwt_wc/2019_03_16/2_1.jpg\" alt=\"Het hang chi sau mot ngay ra mat, Cadillac CT6-V mo ban dot hai hinh anh 2 \"></figure></td></tr><tr><td>Với CT6-V, Cadillac đánh dấu sự mở rộng của dòng hiệu năng cao V-Series. <i>Ảnh: Motor1</i></td></tr></tbody></table></figure><p>Cadillac CT6-V được trang bị động cơ V8 4.2L tăng áp kép chế tác thủ công, cho công suất 550 mã lực và mô-men xoắn 850 Nm. Xe sử dụng hộp số tự động 10 cấp hướng tới chuyển số nhanh và chính xác.</p><p>CT6-V dành cho các tín đồ yêu thích tốc độ trên một chiếc sedan hiệu suất cao kết hợp với nội thất sang trọng và nhiều trang thiết bị công nghệ.</p>', '2019-05-06 08:21:50', 'Xuyên', NULL, 0, 1, 'mx'),
(55, '\'Đà Nẵng được trao cơ chế đặc thù để hút nhà đầu tư chiến lược\'', 'ổ chức hàng chục buổi hội thảo, tọa đàm, tiếp thu ý kiến của các tổ chức nghiên cứu khoa học và chuyên gia; tổ chức nhiều chuyến đi khảo sát thực tế; nghiên cứu báo cáo tổng kết của 14 ban cán sự đảng các bộ, ngành, cơ quan Trung ương... là khối lượng công việc khổng lồ mà Ban Kinh tế Trung ương thực hiện trong quá trình giúp Bộ Chính trị xây dựng một nghị quyết mới cho phát triển TP Đà Nẵng.', NULL, '<p><strong>Trao cơ chế đặc thù để hút nhà đầu tư chiến lược, tạo ra động lực tăng trưởng mới là nội dung trọng tâm của Nghị quyết 43 của Bộ Chính trị về phát triển Đà Nẵng thời gian tới.</strong></p><p>Tổ chức hàng chục buổi&nbsp;hội thảo, tọa đàm, tiếp thu ý kiến của các tổ chức nghiên cứu khoa học và chuyên gia; tổ chức nhiều chuyến đi khảo sát thực tế; nghiên cứu báo cáo tổng kết của 14 ban cán sự đảng các bộ, ngành, cơ quan Trung ương... là khối lượng công việc khổng lồ mà Ban Kinh tế Trung ương thực hiện trong quá trình giúp Bộ Chính trị xây dựng một nghị quyết mới cho phát triển TP <a href=\"https://news.zing.vn/tieu-diem/da-nang.html\">Đà Nẵng</a>.</p><p>Dự thảo nghị quyết Ban Kinh tế Trung ương xây dựng đã được Bộ Chính trị thông qua với tên gọi Nghị quyết 43/2019 về xây dựng và phát triển thành phố Đà Nẵng đến năm 2030, tầm nhìn đến năm 2045.</p><p>Nội dung nổi bật là Bộ Chính trị trao cho Đà Nẵng một số cơ chế đặc thù. Thành phố dùng những cơ chế đột phá đó để ưu tiên một số lĩnh vực thế mạnh; từ đó có thể sớm đưa thành phố vươn tầm châu lục và trên thế giới.</p><figure class=\"table\"><table><tbody><tr><td><figure class=\"image\"><img src=\"https://znews-photo.zadn.vn/w860/Uploaded/iutmtn/2019_03_20/23_zing_1.JPG\" alt=\"\'Da Nang duoc trao co che dac thu de hut nha dau tu chien luoc\' hinh anh 1 \"></figure></td></tr><tr><td>Đà Nẵng được nhiều tạp chí du lịch uy tín bình chọn là điểm đến hấp dẫn nhất châu Á. Ảnh:&nbsp;<i>Hoàng Hà.</i></td></tr></tbody></table></figure><h3><strong>Xác định rõ tiềm năng lợi thế của Đà Nẵng</strong></h3><p>Khi tổng kết 15 năm Nghị quyết 33/2003 về xây dựng và phát triển Đà Nẵng trong thời kỳ công nghiệp hóa, hiện đại hóa đất nước, Ban Kinh tế Trung ương được Bộ Chính trị giao chủ trì xây dựng đề án. Ban cũng được Bộ Chính trị “đặt hàng” xây dựng một nghị quyết mới về phát triển Đà Nẵng trong tình hình mới.</p><blockquote><p><i>Đà Nẵng có một vị trí địa chính trị, địa kinh tế hết sức là quan trọng, là một lợi thế hết sức lớn lao. Việc phát triển Đà Nẵng có tính lan tỏa tới cả vùng</i></p><p><i><strong>Trưởng ban Kinh tế Trung ương Nguyễn Văn Bình</strong></i></p></blockquote><p>Trưởng ban Kinh tế Trung ương Nguyễn Văn Bình cho biết việc xây dựng nghị quyết mới rất quan trọng, giúp vạch ra chủ trương, đường lối cho phát triển Đà Nẵng trong 10 năm tới và những năm tiếp theo. Bởi vậy, Ban Kinh tế Trung ương đã dành nhiều thời gian nghiên cứu, phối hợp cùng nhiều cơ quan trong việc xây dựng dự thảo.</p><p>Để tìm hướng đi mới cho Đà Nẵng, bước đầu tiên, Ban Kinh tế Trung ương tiến hành phân tích, đánh giá đầy đủ các lợi thế so sánh của thành phố. Từ đó, quyết định hướng đi phù hợp.</p><figure class=\"table\"><table><tbody><tr><td><figure class=\"image\"><img src=\"https://znews-photo.zadn.vn/w860/Uploaded/iutmtn/2019_03_20/ham_chui_da_nang_zing_1.jpg\" alt=\"\'Da Nang duoc trao co che dac thu de hut nha dau tu chien luoc\' hinh anh 2 \"></figure></td></tr><tr><td>Một công trình hạ tầng mới của Đà Nẵng. Ảnh:&nbsp;<i>Minh Hoàng.</i></td></tr></tbody></table></figure><p>Đà Nẵng nằm ở địa bàn chiến lược về phát triển kinh tế - xã hội và quốc phòng an ninh của miền Trung và cả nước.&nbsp;Thành phố cũng nằm ở vị trí giao lưu kinh tế Bắc - Nam và Đông - Tây, với Tây Nguyên cũng như Nam Lào, Đông Bắc Campuchia, Đông Bắc Thái Lan; là cửa ngõ ra biển của hành lang kinh tế Đông - Tây nối với đường hàng hải quốc tế qua Biển Đông và Thái Bình Dương.</p><p>Đà Nẵng có cơ sở hạ tầng được đầu tư tương đối hoàn thiện và vận hành hiệu quả, nhất là hạ tầng đô thị, cảng biển, sân bay; dịch vụ logistics tăng trưởng nhanh. Ngoài ra các dịch vụ xã hội được cải thiện, xã hội an toàn, thân thiện với môi trường. Các địa phương trong vùng ngày càng năng động và chủ động liên kết trong phát triển.</p><p>Ban Kinh tế Trung ương cũng đánh giá Đảng bộ, chính quyền và nhân dân Đà Nẵng có quyết tâm chính trị lớn; có tinh thần đổi mới và năng động bậc nhất cả nước; đồng thuận cao trong xây dựng hình ảnh thành phố đáng sống, sáng tạo và hội nhập quốc tế cao.</p><p>“Có thể xác định Đà Nẵng có một vị trí địa chính trị, địa kinh tế hết sức là quan trọng, là một lợi thế hết sức lớn lao. Việc phát triển Đà Nẵng có tính lan tỏa tới cả vùng”, ông Nguyễn Văn Bình nhìn nhận.</p><h3><strong>Tìm hướng đi đúng cho tầm nhìn Đà Nẵng 2045</strong></h3><p>Từ những lợi thế đặc biệt, ông Nguyễn Văn Bình nhấn mạnh Ban Kinh tế Trung ương đã đưa vào nghị quyết trình Bộ Chính trị đặt ra 3 trụ cột chính phát triển Đà Nẵng trong thời gian tới. Đó là du lịch, công nghiệp công nghệ cao và phát triển thành phố cảng biển.</p><p>Về du lịch, ngoài du lịch thông thường, một trong những trọng tâm là phát triển Đà Nẵng thành một trung tâm du lịch quốc tế.</p><p>Về công nghiệp, vì thành phố rất có lợi thế về du lịch nên để bảo đảm môi trường sinh thái cần phải tập trung phát triển theo hướng công nghiệp công nghệ cao, công nghiệp sạch, công nghiệp thông minh.</p><p>Bên cạnh đó,&nbsp;Đà Nẵng có lợi thế rất lớn về địa kinh tế và một cảng biển hết sức quan trọng, do vậy phải phát triển kinh tế dịch vụ cảng theo hướng tăng cường hoạt động về logistics.</p><p>Từ 3 trụ cột lớn đó, Nghị quyết 43 được Bộ Chính trị thông qua đã cụ thể hóa bằng 12 điểm mới so với nghị quyết 33/2003, ưu tiên nguồn lực, chú trọng phát triển 5 lĩnh vực mũi nhọn. Cụ thể:&nbsp;Du lịch và dịch vụ chất lượng cao gắn với bất động sản nghỉ dưỡng; Cảng biển, hàng không gắn với dịch vụ logistics; Công nghiệp công nghệ cao gắn với xây dựng đô thị sáng tạo, khởi nghiệp; Công nghiệp công nghệ thông tin, điện tử, viễn thông gắn với nền kinh tế số; Sản phẩm nông nghiệp công nghệ cao và ngư nghiệp.</p><figure class=\"table\"><table><tbody><tr><td><figure class=\"image\"><img src=\"https://znews-photo.zadn.vn/w860/Uploaded/iutmtn/2019_03_20/cauthuanphuoc_zing_2.jpg\" alt=\"\'Da Nang duoc trao co che dac thu de hut nha dau tu chien luoc\' hinh anh 3 \"></figure></td></tr><tr><td>Cầu Thuận Phước. Ảnh:&nbsp;<i>Lê Hiếu.</i></td></tr></tbody></table></figure><p>“Đến năm 2030 tầm cỡ của Đà Nẵng không phải một thành phố hàng đầu của cả nước mà còn là thành phố hàng đầu của khu vực Đông Nam Á; và đến năm 2045 trở thành một trong những thành phố hàng đầu của châu Á nói chung”, ông Bình nhấn mạnh.</p><h3><strong>Trao cơ chế đặc thù cho Đà Nẵng</strong></h3><p>Từ góc độ địa phương, Giám đốc Sở Du lịch Đà Nẵng Ngô Quang Vinh cho biết ông rất quan tâm đến mô hình của Quảng Ninh trong việc thu hút các nhà đầu tư chiến lược trong việc xây dựng cơ sở hạ tầng như đường cao tốc, sân bay, cảng biển… Ông tin tưởng với Nghị quyết 43/2018, Bộ Chính trị cũng trao cho Đà Nẵng những cơ chế đặc thù, giúp Đà Nẵng sớm thu hút được các nhà đầu tư chiến lược.</p><p>“Đà Nẵng vẫn phải thu hút những nhà đầu tư chiến lược, vừa có khả năng về tài chính, vừa có tầm, \'làm ra tấm ra món\', những sản phẩm lớn sẽ là những cú hích. Ví như Nhật Bản, Hàn Quốc có những tập đoàn lớn, mạnh mẽ. Quảng Ninh và Quảng Nam vừa rồi họ làm cũng rất là mạnh”, ông Vinh chia sẻ.</p><blockquote><p><i>Đến năm 2030 tầm cỡ của Đà Nẵng không phải một thành phố hàng đầu của cả nước mà còn là thành phố hàng đầu của khu vực Đông Nam Á; và đến năm 2045 trở thành một trong những thành phố hàng đầu của châu Á</i></p><p><i><strong>Trưởng ban Kinh tế Trung ương Nguyễn Văn Bình</strong></i></p></blockquote><p>Theo Phó bí thư Thường trực Thành ủy Đà Nẵng Võ Công Trí, các cơ chế, chính sách đặc thù được Bộ Chính trị cho phép ở Nghị quyết 43/2018 tập trung vào 3 lĩnh vực chính.</p><p>Đà Nẵng được phân cấp, phân quyền mạnh hơn gắn với trách nhiệm địa phương, người đứng đầu trên một số lĩnh vực quản lý về quy hoạch, đất đai, đô thị, đầu tư, tài chính - ngân sách, tổ chức, nhân sự và tiền lương... Thành phố cũng được nghiên cứu cơ chế điều tiết hợp lý giữa ngân sách Trung ương và ngân sách địa phương; có cơ chế đặc thù để thu hút các nhà đầu tư chiến lược.</p><figure class=\"table\"><table><tbody><tr><td><figure class=\"image\"><img src=\"https://znews-photo.zadn.vn/w860/Uploaded/iutmtn/2019_03_20/san_bay_zing_1.jpg\" alt=\"\'Da Nang duoc trao co che dac thu de hut nha dau tu chien luoc\' hinh anh 4 \"></figure></td></tr><tr><td>Đến năm 2030, Đà Nẵng phấn đấu GRDP bình quân đầu người theo giá hiện hành đạt khoảng 8.700 USD. Ảnh:&nbsp;<i>Hoàng Hà.</i></td></tr></tbody></table></figure><p>Đà Nẵng được cho phép thực hiện thí điểm xây dựng mô hình cơ quan quản lý cảng thống nhất tại thành phố theo hướng tiên tiến, hiệu quả, phù hợp với thông lệ quốc tế.</p><p>Thành phố cũng được xây dựng và thực hiện đề án thí điểm mô hình chính quyền đô thị phù hợp với yêu cầu phát triển của thành phố và quy định của pháp luật.</p><p>Theo đó, với những cơ chế đặc thù, được coi là tạo ra những động lực tăng trưởng mới, lãnh đạo Đà Nẵng hoàn toàn tin tưởng có thể đạt được các mục tiêu đề ra. Giai đoạn 2021-2030, tốc độ tăng bình quân GRDP trên 12%/năm; dịch vụ 12,5-13,5%/năm; công nghiệp 11,5-12,5%/năm. Chỉ số năng lực cạnh tranh cấp tỉnh và chỉ số cải cách hành chính xếp hạng trong top 3 của cả nước.</p><p>Đến năm 2030, Đà Nẵng sẽ hoàn thành xây dựng đô thị thông minh kết nối đồng bộ với các mạng lưới đô thị thông minh trong nước và khu vực ASEAN; GRDP bình quân đầu người theo giá hiện hành đạt khoảng 8.700 USD. Ngành dịch vụ 62-65%, công nghiệp và xây dựng 28-30%. Quy mô dân số đạt khoảng 1,5 triệu người.</p>', '2019-05-06 08:23:38', 'Xuyên', NULL, 0, 1, 'ct'),
(56, 'Cơ chế đặc thù giúp \'cởi trói\' Đà Nẵng để vươn tầm đô thị quốc tế', 'Cơ chế đặc thù giúp \'cởi trói\' Đà Nẵng để vươn tầm đô thị quốc tế', NULL, '<h2><strong>Sau nhiều năm phát triển nhanh chóng, Đà Nẵng có dấu hiệu chững lại. Bộ Chính trị đã ban hành nghị quyết cho phép Đà Nẵng thực hiện nhiều cơ chế đặc thù, mô hình phát triển mới.</strong></h2><p>Nhà nghiên cứu văn hóa Nguyễn Đình An, nguyên Chủ tịch Ủy ban MTTQ Việt Nam TP <a href=\"https://news.zing.vn/tieu-diem/da-nang.html\">Đà Nẵng</a>, vẫn nhớ như in về cuộc “thay trời đổi đất, sắp đặt lại giang san”, của Đà Nẵng những năm 2000. Ông nhớ khi đó khoảng 100.000 hộ dân đã di dời đến nơi ở mới, tạo điều kiện thuận lợi cho thành phố quy hoạch lại, phục vụ sự phát triển sau này.</p><p>Đà Nẵng có được sự khang trang, hạ tầng đồng bộ, quy hoạch đâu ra đấy như ngày hôm nay có một phần rất lớn từ sự ủng hộ của người dân từ cuộc “sắp đặt lại giang san” năm đó. 100.000 hộ nhưng chưa tới 10 hộ phải cưỡng chế. Điều đó thể hiện chủ trương đúng của thành phố, vì sự phát triển tương lai của chính người dân.</p><p>Hạ tầng hiện đại và sự phát triển năng động là những điểm nhấn khi nhìn lại 15 năm Đà Nẵng thực hiện Nghị quyết số 33-NQ/TW của Bộ Chính trị về xây dựng và phát triển đô thị trong thời kỳ công nghiệp hóa, hiện đại hóa đất nước. Và khi đã phát triển đến một mức nhất định, Đà Nẵng cần những cơ chế mới, đột phá hơn nữa, để thành phố có thể vươn mình lên tầm quốc tế.</p><figure class=\"table\"><table><tbody><tr><td><figure class=\"image\"><img src=\"https://znews-photo.zadn.vn/w860/Uploaded/iutmtn/2019_03_19/1_Zing.jpg\" alt=\"Co che dac thu giup \'coi troi\' Da Nang de vuon tam do thi quoc te hinh anh 1 \"></figure></td></tr><tr><td>Năm 2018, Đà Nẵng kỷ niệm 15 năm&nbsp;thực hiện Nghị quyết số 33-NQ/TW của Bộ Chính trị về xây dựng và phát triển thành phố trong thời kỳ công nghiệp hóa, hiện đại hóa đất nước. Ảnh:&nbsp;<i>Đoàn Nguyên.</i></td></tr></tbody></table></figure><h3><strong>“Ngày nào cũng có khởi công, khánh thành”</strong></h3><p>Ông Nguyễn Đình An nhớ những năm 2003-2005-2010, gần như ngày nào Đà Nẵng cũng có khởi công, ngày nào thành phố cũng có khánh thành, không khí rất sôi động. Đó là minh chứng cho sự phát triển nhanh chóng và “thần kỳ” của thành phố biển trung tâm miền Trung.</p><p>Những thành tích ấn tượng của Đà Nẵng có thể kể đến như suốt từ 2013-2017, Đà Nẵng liên tục dẫn đầu chỉ số năng lực cạnh tranh cấp tỉnh (PCI) và trở thành điểm đến hấp dẫn trong mắt bất kỳ nhà đầu tư nào. Đà Nẵng cũng là nơi đăng cai và tổ chức thành công Diễn đàn hợp tác kinh tế châu Á - Thái Bình Dương (APEC) 2017. Khách du lịch đến với thành phố luôn tăng trưởng 2 con số mỗi năm và đạt 7,6 triệu lượt vào 2018.</p><p>Theo Bí thư Thành ủy Đà Nẵng Trương Quang Nghĩa, qua 15 năm thực hiện Nghị quyết 33-NQ/TW, Bộ Chính trị đánh giá Đà Nẵng đã có bước phát triển mạnh mẽ, là một trong những địa phương tiên phong trong quyết liệt cải cách và năng động phát triển.</p><figure class=\"table\"><table><tbody><tr><td><figure class=\"image\"><img src=\"https://znews-photo.zadn.vn/w860/Uploaded/iutmtn/2019_03_19/10_1.jpg\" alt=\"Co che dac thu giup \'coi troi\' Da Nang de vuon tam do thi quoc te hinh anh 2 \"></figure></td></tr><tr><td>Bí thư Thành ủy Đà Nẵng Trương Quang Nghĩa. Ảnh:&nbsp;<i>Hoàng Hà.</i></td></tr></tbody></table></figure><p>Thành phố đã tập trung thu hút được nhiều nguồn lực lớn cho đầu tư phát triển, dựa trên việc thực hiện linh hoạt, hiệu quả các cơ chế, chính sách với nhiều cách làm mới, sáng tạo…</p><p>Nhiều chính sách an sinh xã hội mang đậm tính nhân văn được triển khai thực hiện, gắn với chương trình “Thành phố 5 không (không người đói, không người mù chữ, không người lang thang xin ăn, không người nghiện ma túy, không có cướp của giết người), “Thành phố 3 có” (có văn hóa văn minh đô thị, có nhà ở, có việc làm); “Thành phố 4 an\" (an ninh trật tự, an toàn giao thông, an toàn vệ sinh thực phẩm, an sinh xã hội).</p><p>“Những thành tựu sau 15 năm thực hiện Nghị quyết 33-NQ/TW là rất rõ nét”, ông Nghĩa nhấn mạnh.</p><h3><strong>Giải quyết những điểm nghẽn mới</strong></h3><p>Sau 5 năm dẫn đầu chỉ số PCI, 2018 Đà Nẵng đã tụt hạng và nhường ngôi số 1 cho Quảng Ninh. Nhiều người theo sát tình hình phát triển của thành phố cho rằng những chỉ số phát triển của Đà Nẵng đang có chiều hướng chững lại.</p><p>Bí thư Thành ủy Đà Nẵng Trương Quang Nghĩa cũng thẳng thắn thừa nhận những hạn chế, yếu kém của thành phố như vai trò động lực, sức lan tỏa trong liên kết, phát triển vùng... còn yếu, chưa đạt được như kỳ vọng, còn khoảng cách giữa yêu cầu với thực tế hiện nay.</p><p>Kinh tế tăng trưởng nhanh, nhưng năng suất lao động tăng chưa tương xứng; quy mô nền kinh tế còn nhỏ, với tỷ trọng GRDP chỉ chiếm khoảng 1,55% so với cả nước; tốc độ tăng trưởng có xu hướng giảm sút.</p><figure class=\"table\"><table><tbody><tr><td><figure class=\"image\"><img src=\"https://znews-photo.zadn.vn/w860/Uploaded/iutmtn/2019_03_19/Anh_1_gui_zing_2.jpg\" alt=\"Co che dac thu giup \'coi troi\' Da Nang de vuon tam do thi quoc te hinh anh 3 \"></figure></td></tr><tr><td>Tỷ trọng GRDP của Đà Nẵng chỉ chiếm khoảng 1,55% so với cả nước; tốc độ tăng trưởng có xu hướng giảm sút so với trước. Ảnh: <i>Minh Hoàng.</i></td></tr></tbody></table></figure><p>Bên cạnh đó, công tác quy hoạch và quản lý quy hoạch còn nhiều bất cập, nhất là trong quy hoạch đô thị và quy hoạch sử dụng đất. Các nguồn lực cho đầu tư phát triển của thành phố có chiều hướng thu hẹp, nhất là nguồn đất ngày càng cạn kiệt. Việc xây dựng đô thị theo hướng văn minh, hiện đại, có bản sắc, mang tầm vóc quốc tế còn nhiều vấn đề cần tiếp tục giải quyết.</p><blockquote><p><i>Thành phố cần những cơ chế, chính sách và giải pháp đột phá để thực sự bứt phá, tạo sức lan tỏa mạnh tới các địa phương trong khu vực</i></p><p><i><strong>Bí thư Thành ủy Đà Nẵng Trương Quang Nghĩa</strong></i></p></blockquote><p>Ông Nghĩa nhấn mạnh những vướng mắc, khó khăn nêu trên đã trở thành “điểm nghẽn”, trở thành cản lực đối với sự phát triển của thành phố.</p><p>“Thành phố cần những cơ chế, chính sách và giải pháp đột phá để thực sự bứt phá, tạo sức lan tỏa mạnh tới các địa phương trong khu vực”, ông nói.</p><p>Để giải quyết được yêu cầu bức thiết này, ngày 24/1/2019, Bộ Chính trị ban hành Nghị quyết số 43-NQ/TW về xây dựng và phát triển thành phố Đà Nẵng đến năm 2030, tầm nhìn 2045.</p><p>Bí thư Đà Nẵng đánh giá đây là nghị quyết rất quan trọng, lịch sử, tạo một nguồn lực có sức động viên rất lớn đối với sự phát triển của Đà Nẵng trong thời gian tới.</p><h3><strong>Nghị quyết “cởi trói” Đà Nẵng</strong></h3><p>So với Nghị quyết 33-NQ/TW, Nghị quyết 43 có 12 điểm mới, nhấn mạnh đến chính sách ưu tiên nguồn lực, chú trọng phát triển 5 lĩnh vực mũi nhọn của Đà Nẵng.</p><p>Các lĩnh vực gồm: Du lịch và dịch vụ chất lượng cao gắn với bất động sản nghỉ dưỡng; cảng biển, hàng không gắn với dịch vụ logistics; công nghiệp công nghệ cao gắn với xây dựng đô thị sáng tạo, khởi nghiệp; công nghiệp công nghệ thông tin, điện tử, viễn thông gắn với nền kinh tế số; sản phẩm nông nghiệp công nghệ cao và ngư nghiệp.</p><p>“Với Nghị quyết 43/NQ-TW này, Bộ Chính trị thống nhất cao, đồng ý chủ trương cần có cơ chế, chính sách đặc thù để \'cởi trói\', xây dựng và phát triển Đà Nẵng, tạo động lực cho phát triển khu vực miền Trung - Tây Nguyên và cả nước”, ông Nghĩa nói.</p><figure class=\"table\"><table><tbody><tr><td><figure class=\"image\"><img src=\"https://znews-photo.zadn.vn/w860/Uploaded/iutmtn/2019_03_19/Ban_dao_Son_Tra2_Anh_Le_Hai_Son_zing.jpg\" alt=\"Co che dac thu giup \'coi troi\' Da Nang de vuon tam do thi quoc te hinh anh 4 \"></figure></td></tr><tr><td>Một góc Đà Nẵng từ trên cao.&nbsp;Ảnh:&nbsp;<i>Hoàng Hà.</i></td></tr></tbody></table></figure><p>Các cơ chế, chính sách đặc thù tập trung vào 3 lĩnh vực chính chủ yếu.&nbsp;Bộ Chính trị cho phép Đà Nẵng được thực hiện phân cấp, phân quyền gắn với trách nhiệm địa phương, người đứng đầu trên một số lĩnh vực quản lý về quy hoạch, đất đai, đô thị, đầu tư, tài chính - ngân sách, tổ chức, nhân sự và tiền lương... Bên cạnh đó là việc nghiên cứu cơ chế điều tiết hợp lý giữa ngân sách Trung ương và ngân sách địa phương; có cơ chế đặc thù để thu hút các nhà đầu tư chiến lược.</p><p>Bộ Chính trị đồng ý chủ trương thực hiện thí điểm xây dựng mô hình cơ quan quản lý cảng thống nhất tại Đà Nẵng theo hướng tiên tiến, hiệu quả, phù hợp với thông lệ quốc tế. Cho phép Đà Nẵng được xây dựng và thực hiện Đề án thí điểm mô hình chính quyền đô thị phù hợp với yêu cầu phát triển của thành phố và quy định của pháp luật.</p><p>Với nghị quyết này, Đà Nẵng sẽ phát triển bền vững hơn trong thời gian tới, với mục tiêu xây dựng Đà Nẵng trở thành đô thị lớn theo hướng sinh thái, thông minh, có hạ tầng kỹ thuật và hạ tầng xã hội bảo đảm cho một thành phố biển năng động, đầy sức cạnh tranh, hiện đại ở tầm vực quốc tế.</p><p>Đà Nẵng sẽ trở thành trung tâm du lịch, thương mại, tài chính, logistics, công nghiệp công nghệ cao, công nghệ thông tin, công nghiệp hỗ trợ ở khu vực và là trung tâm hội nghị quốc tế.</p>', '2019-05-06 08:24:29', 'Xuyên', NULL, 0, 1, 'ct'),
(57, 'Tôi bất ngờ với chiếc \'cục gạch\' vô danh tốt hơn cả Nokia', 'Khi mà thế giới đang bị thống trị bởi điện thoại thông minh cùng 2 hệ điều hành Android và iOS, thì vẫn còn những lựa chọn “không thông minh” khác với giá rẻ và đáng khen.', NULL, '<p><strong>Khi mà thế giới đang bị thống trị bởi điện thoại thông minh cùng 2 hệ điều hành Android và iOS, thì vẫn còn những lựa chọn “không thông minh” khác với giá rẻ và đáng khen.</strong></p><p><i>* Câu chuyện&nbsp;của phóng viên Hadlee Simons, Android Authority về một chiếc điện thoại giá rẻ sử dụng KaiOS, thiết bị \"lai\" giữa di động cơ bản và smartphone, đang khá thịnh hành ở Ấn Độ.</i></p><p>Nếu như chiếc smartphone rẻ nhất vẫn là quá đắt với bạn, có nhiều lựa chọn khác có giá rẻ hơn và cung cấp một số tính năng như điện thoại thông minh. Những chiếc điện thoại lai giữa cơ bản và thông minh, sử dụng hệ điều hành KaiOS là một ví dụ.</p><p>KaiOS thực tế là hệ điều hành phổ biến thứ 2 tại Ấn Độ, hỗ trợ các điện thoại cơ bản, có bàn phím nhưng vẫn có các ứng dụng thiết yếu. Đây cũng là hệ điều hành trên chiếc Nokia 8110 4G, từng được bán ở Việt Nam năm 2018.</p><figure class=\"table\"><table><tbody><tr><td>&nbsp;</td></tr><tr><td>MTN Smart S là điện thoại giá rẻ sử dụng hệ điều hành KaiOS, nhiều tính năng hơn một chút so với điện thoại cơ bản.</td></tr></tbody></table></figure><p>Tôi đã sử dụng chiếc MTN Smart S, điện thoại chạy KaiOS vừa ra mắt với giá khoảng 17 USD (gần 400.000 đồng) như một thiết bị liên lạc chính. Kể cả khi so sánh với những điện thoại khác dùng KaiOS, thông số của MTN Smart S cũng không ấn tượng.</p><p>Nó có một con chip 2 nhân 1,3 GHz, kết nối 3G, màn hình 2,4 inch không cảm ứng, 256 MB RAM và bộ nhớ 512 MB. Tuy nhiên nó vẫn có pin 2.000 mAh, 2 SIM, camera 1,2 MP ở mặt trước và sau. Về mặt kết nối, chiếc điện thoại này có Wi-Fi, chia sẻ Wi-Fi, Bluetooth và GPS, không tệ nếu xét về giá.</p><h3><strong>Thiết lập dễ dàng, ứng dụng đáp ứng cơ bản</strong></h3><p>Quá trình thiết lập chiếc điện thoại này rất đơn giản. Bạn chỉ cần chọn ngôn ngữ, bàn phím và đăng ký tài khoản KaiOS nếu muốn tính năng tìm thiết bị. Bạn cũng có thể nhập danh bạ từ Google thông qua ứng dụng danh bạ.</p><p>Thao tác sử dụng máy cũng rất đơn giản. Máy có các nút điều hướng, đồng thời là nút bật nhanh tính năng như camera, mở cài đặt. Các nút khác như bấm gọi hay từ chối cuộc gọi cũng quá quen thuộc. Nút lên trên bàn phím còn giúp mở nhanh mục tắt, bật các kết nối.</p><figure class=\"table\"><table><tbody><tr><td><figure class=\"image\"><img src=\"https://znews-photo.zadn.vn/w860/Uploaded/lce_jwquc/2019_05_04/MTN_22.jpg\" alt=\"Toi bat ngo voi chiec \'cuc gach\' vo danh tot hon ca Nokia hinh anh 1 \"></figure></td></tr><tr><td>Thao tác trên chiếc điện thoại này khá dễ hiểu với một loạt nút cứng.</td></tr></tbody></table></figure><p>KaiOS cũng có một trung tâm thông báo, tổng hợp các tin nhắn, cuộc gọi nhỡ và thông báo từ những ứng dụng. Đây là một tính năng gần giống với smartphone, phù hợp với những người bắt đầu làm quen với hệ điều hành smartphone.</p><p>Tuy nhiên, ấn tượng tốt nhất của tôi đến từ khả năng hỗ trợ ứng dụng của chiếc điện thoại này. Tất nhiên, tôi đang nói đến những ứng dụng thiết yếu nhất: WhatsApp, <a href=\"https://news.zing.vn/tieu-diem/youtube.html\">YouTube</a>, Google Assistant và Google Maps.</p><p>WhatsApp là ứng dụng nhắn tin rất quan trọng với người dùng ở châu Phi hoặc Ấn Độ. YouTube trên chiếc điện thoại này về cơ bản là một phiên bản web di động. Nó bị cắt một số tính năng như tải video, chỉnh chất lượng hay chế độ đen, nhưng đó là điều dễ hiểu đối với điện thoại màn hình bé như thế này. Tôi vẫn có thể mở được danh sách nhạc mình thích trên chiếc điện thoại này và thế là đủ.</p><figure class=\"table\"><table><tbody><tr><td><figure class=\"image\"><img src=\"https://znews-photo.zadn.vn/w860/Uploaded/lce_jwquc/2019_05_04/MTN_3.jpg\" alt=\"Toi bat ngo voi chiec \'cuc gach\' vo danh tot hon ca Nokia hinh anh 2 \"></figure></td></tr><tr><td>Ứng dụng YouTube đủ để nghe nhạc hay xem video cơ bản.</td></tr></tbody></table></figure><p>Ứng dụng bản đồ cũng vậy, không phức tạp như ứng dụng trên Android nhưng đủ tính năng cơ bản như tìm kiếm địa điểm, xem bản đồ. Tuy nhiên máy mất khá lâu, có khi đến vài phút để nhận biết được địa điểm thay vì vài giây như smartphone. Bạn cũng không thể tải bản đồ về, đây là một điều đáng tiếc bởi có nhiều vùng thậm chí còn không có sóng di động.</p><p>Ứng dụng ấn tượng nhất trên KaiOS có lẽ là Google Assistant, với đủ các chức năng cơ bản của Assistant như trên điện thoại Android hay Google Home. Bạn có thể đặt câu hỏi, ra lệnh gửi tin nhắn, mở nội dung trên YouTube và làm nhiều thứ khác với ứng dụng này. Dù thiếu khả năng thao tác với một số ứng dụng như WhatsApp, tôi vẫn thích dùng Assistant để tìm kiếm hơn là mở trình duyệt và tìm.</p><p>Ngoài ra, còn nhiều tính năng mà tôi không nghĩ là sẽ được trang bị trên hệ điều hành KaiOS như ngăn trình duyệt theo dõi thói quen sử dụng, cập nhật qua mạng OTA, tìm kiếm thiết bị… Các tính năng này đủ để khiến KaiOS trở nên thú vị hơn.</p><p>MTN hứa hẹn thời gian sử dụng 2-5 ngày mỗi lần sạc pin, nhưng thực tế tôi dùng được khoảng 1,5 ngày mỗi lần sạc. Nếu đi xa, từ 2-3 ngày, tôi sẽ không trông đợi vào chiếc điện thoại này đủ pin mà không cần sạc.</p><h3><strong>Đây không phải là một chiếc smartphone</strong></h3><p>Tôi phải thường xuyên nhắc mình rằng đừng trông đợi nhiều ở chiếc điện thoại này với giá quá rẻ, nhưng cuối cùng nó vẫn có nhiều thiếu sót và khiến tôi nhận ra đây không phải smartphone.</p><p>Đầu tiên, bạn không thể làm nhiều việc cùng lúc, ngoại trừ nghe nhạc khi dùng các ứng dụng khác. Nếu tôi đang nghe nhạc trên YouTube, cần mở tin nhắn ra để trả lời và quay lại, tôi sẽ phải tìm kiếm clip đang nghe từ đầu. Chuyển đổi giữa các ứng dụng như Facebook và trình duyệt cũng khiến cả 2 tải lại từ đầu.</p><figure class=\"table\"><table><tbody><tr><td><figure class=\"image\"><img src=\"https://znews-photo.zadn.vn/w860/Uploaded/lce_jwquc/2019_05_04/MTN_4.jpg\" alt=\"Toi bat ngo voi chiec \'cuc gach\' vo danh tot hon ca Nokia hinh anh 3 \"></figure></td></tr><tr><td>Ngoại trừ ấn tượng với Google Assistant, KaiOS thiếu rất nhiều tính năng cơ bản của một hệ điều hành smartphone.</td></tr></tbody></table></figure><p>Bạn cũng không có được chức năng chép/dán như smartphone. Đây là chức năng cần thiết với trình duyệt nhắn tin như WhatsApp, bởi đôi lúc bạn sẽ cần chép tin nhắn từ WhatsApp và dán, tìm kiếm trong trình duyệt.</p><p>Trình duyệt web cũng rất thất vọng, bởi nó không cho duyệt theo tab, không cho lưu trang để đọc khi mất mạng. Đối với các dịch vụ trên web, tôi có thể đọc Instagram hay Reddit, nhưng không xem được Netflix.</p><p>Ứng dụng nghe nhạc, xem phim trên chiếc điện thoại này cũng rất cơ bản, còn xa mới bằng được ứng dụng trên smartphone. Ví dụ như ứng dụng nghe nhạc, bạn không thể tạo danh sách nhạc mà chỉ lựa chọn được các thông tin như nghệ sĩ, album hoặc chạy tự động.</p><p>Kho ứng dụng của KaiOS cũng rất phân mảnh, bởi các nhà sản xuất đều có thể thay thế bằng kho ứng dụng của riêng mình. Do vậy kho ứng dụng của JioPhone, điện thoại KaiOS phổ biến nhất sẽ không có trên MTN Smart S và ngược lại.</p><p>Một điểm trừ nữa là điện thoại này sạc khá chậm. Đây sẽ là điểm khó chịu nếu bạn chỉ có duy nhất chiếc điện thoại này mà lại đang cần gấp.</p><h3><strong>Phần cứng yếu thì KaiOS cũng ‘bó tay’</strong></h3><p>Sự kết hợp giữa KaiOS và phần cứng của chiếc điện thoại này mang lại nhiều vấn đề, và tôi có cảm nhận rằng vấn đề đến từ phần cứng hơn là từ hệ điều hành.</p><p>Đầu tiên, trải nghiệm gõ phím đã khó chịu do giật. Có thể cảm nhận rõ độ giật khi dùng WhatsApp hoặc gõ phím trong trình duyệt: khi vào phần nhập liệu và gõ quá nhanh, chỉ có các số hiện ra. Bạn sẽ phải chờ vài giây sau khi vào phần nhập liệu để đảm bảo máy đã nhận biết và chuyển sang các chữ.</p><figure class=\"table\"><table><tbody><tr><td><figure class=\"image\"><img src=\"https://znews-photo.zadn.vn/w860/Uploaded/lce_jwquc/2019_05_04/MTN_5.jpg\" alt=\"Toi bat ngo voi chiec \'cuc gach\' vo danh tot hon ca Nokia hinh anh 4 \"></figure></td></tr><tr><td>Phần cứng quá yếu khiến trải nghiệm chiếc điện thoại này rất tệ, đặc biệt là khi nhắn tin.</td></tr></tbody></table></figure><p>Có lúc tôi còn thấy tin nhắn đang nhập trong WhatsApp tự dưng biến mất. Mặc dù lỗi này không xuất hiện ở ứng dụng nào khác, nó vẫn gây khó chịu khi WhatsApp là ứng dụng được quan tâm nhất trên chiếc điện thoại này. Tính năng dự đoán từ cũng không mấy tác dụng.</p><p>Việc nhập chữ có khả năng sẽ được cải thiện trong tương lai, khi Google đem tính năng nhập bằng giọng nói lên KaiOS. Nó chỉ cần hoạt động tốt bằng một nửa Google Assistant là đủ rồi.</p><p>Việc sử dụng thông thường cũng không tránh khỏi lag. Thoát từ ứng dụng ra màn hình chính, duyệt web hay Twitter đều bị giật. Chỉ có những ứng dụng của Google là hoạt động ổn, và những thao tác khác như mở ứng dụng hay duyệt danh sách ứng dụng cũng đỡ hơn.</p><p>Với bộ nhớ trong và RAM quá thấp, máy báo hết bộ nhớ ngay từ ngày đầu tiên tôi sử dụng. Mới chỉ cài đặt một ứng dụng, lướt web một lúc và nhập danh bạ vào, máy đã báo bộ nhớ gần đầy, thực sự rất thất vọng. Nền tảng này cũng không cho phép chuyển dữ liệu ứng dụng lên thẻ nhớ microSD.</p><p>Việc hệ thống báo RAM thấp liên tục cũng khó chịu gần như vậy. Chỉ cần lướt web một thời gian, ứng dụng sẽ đột ngột đóng lại bởi những trang web hiện đại cũng là quá nặng với chiếc điện thoại này.</p><p>Những trải nghiệm trên khiến chiếc MTN Smart S trở thành một trong những điện thoại tệ nhất tôi từng dùng. Thực sự là dùng một chiếc điện thoại cơ bản còn nhanh và thoải mái hơn. Tôi từng chờ đợi chiếc điện thoại này để mua cho một người họ hàng lớn tuổi, nhưng tôi thấy mình đúng khi cuối cùng lại lựa chọn Nokia 105.</p><p>Có lẽ chiếc điện thoại này sẽ phù hợp với những nước đang phát triển, nơi mà 17 USD tương đương với tiền ăn cả tuần. Với mức giá đó, việc máy được trang bị WhatsApp cùng những tính năng thông minh khác là rất thuyết phục.</p><p>Bạn cũng có thể dùng nó để thay cho một chiếc điện thoại cơ bản, nhưng có nhiều tính năng hơn. Tất nhiên, hãy chuẩn bị tinh thần cho những thông báo hết bộ nhớ liên tục và trải nghiệm gõ phím khổ sở.</p>', '2019-05-06 08:25:03', 'Xuyên', NULL, 0, 1, 'ai'),
(58, 'MOBILE  \'Sát thủ iPhone\' OnePlus 7 lộ toàn bộ cấu hình trước ngày ra mắt', 'MOBILE  \'Sát thủ iPhone\' OnePlus 7 lộ toàn bộ cấu hình trước ngày ra mắt', NULL, '<p><strong>Bộ đôi flagship mới từ OnePlus có cấu hình mạnh mẽ, cùng nhiều tính năng cao cấp tương tự các đối thủ.</strong></p><p>&nbsp;</p><p>Theo <i>GSMarena</i>, mới đây, một người dùng Baidu đã đăng tải bảng thông tin cho thấy toàn bộ chi tiết cấu hình của bộ đôi OnePlus 7 và 7 Pro.</p><p>Theo đó, một số điểm nổi bật của OnePlus 7 là cụm camera kép, pin khủng và sạc nhanh Warp Charge 30W. Trong khi người anh em 7 Pro sẽ có dung lượng pin nhỏ hơn, nhưng bù lại có camera selfie thông số cao và dung lượng RAM đến 10 GB.</p><p>Về khả năng chụp ảnh, cả hai model đều sẽ có ống kính tele với zoom quang 3x. Camera chính cảm biến 48 MP, có thể đến từ Sony. Riêng phiên bản Pro sẽ có thêm một ống kính góc rộng.</p><p>Tuy các thông số kỹ thuật này đã từng bị rò rỉ từng phần trước đó, đây là bảng thông tin hoàn chỉnh đầu tiên về cặp đôi “sát thủ <a href=\"https://news.zing.vn/tieu-diem/iphone.html\">iPhone</a>” này.</p><figure class=\"table\"><table><tbody><tr><td><figure class=\"image\"><img src=\"https://znews-photo.zadn.vn/w660/Uploaded/pcckpqmv/2019_05_03/Screen_Shot_20190503_at_74704_AM.jpg\" alt=\"\'Sat thu iPhone\' OnePlus 7 lo toan bo cau hinh truoc ngay ra mat hinh anh 1 \"></figure></td></tr><tr><td>Bảng thông tin cấu hình của cặp đôi OnePlus 7 bị lộ. Ảnh: <i>GSMarena.</i></td></tr></tbody></table></figure><p>Hai model OnePlus 7 và 7 Pro đều sẽ được trang bị màn hình AMOLED, có kích thước lần lượt 6,2 inch và 6,64 inch. Đi kèm con chip Snapdragon 855 mạnh mẽ và cảm biến vân tay dưới màn hình</p><p>CEO OnePlus Pete Lau cũng từng đề cập đến tốc độ làm mới 90 Hz trên màn hình của chiếc 7 Pro, và bảng thông số bị lộ hôm nay đã xác nhận điều đó. Mẫu flagship này được mong chờ mang đến những trải nghiệm hình ảnh mượt mà như trên điện thoại chơi game Razer Phone.</p><p>Hồi đầu tháng 3, một bức hình đăng tải trên Weibo cho thấy thiết kế tổng kể của OnePlus 7 Pro. Nhà sản xuất điện thoại Trung Quốc đã chọn giải pháp pop-up cho camera selfie, nhằm đạt được màn hình tràn viền hoàn toàn với bốn cạnh mỏng đều. Tuy nhiên, chiếc OnePlus 7 vẫn sẽ dùng thiết kế giọt nước như trên thế hệ 6T cũ.</p><figure class=\"table\"><table><tbody><tr><td><figure class=\"image\"><img src=\"https://znews-photo.zadn.vn/w660/Uploaded/pcckpqmv/2019_05_03/oneplus1.jpg\" alt=\"\'Sat thu iPhone\' OnePlus 7 lo toan bo cau hinh truoc ngay ra mat hinh anh 2 \"></figure></td></tr><tr><td>OnePlus 7 Pro sẽ có thiết kế tràn viền hoàn toàn nhờ cụm camera pop-up. Ảnh: <i>@OnLeaks.</i></td></tr></tbody></table></figure><p>Về tổng thể, trang <i>GSMarena</i> đánh giá cặp đôi này là “một sự phát triển từ những gì OnePlus hiện đã làm được, kết hợp với thành tựu phần cứng mới nhất của ngành công nghệ”.</p><p>Hãng điện thoại Trung Quốc chính thức gia nhập thị trường di động vào năm 2014, khi cho ra đời One - mẫu flagship đầu tiên của mình. Với mức giá rẻ và cấu hình khủng, chiếc điện thoại nhanh chóng được giới công nghệ gọi với cái tên “sát thủ iPhone”.</p><p>Trước OnePlus, chỉ có Samsung là đủ mạnh để thách thức thế lực <a href=\"https://news.zing.vn/tieu-diem/cong-ty-apple.html\">Apple</a> nên việc một nhà sản xuất Trung Quốc nhận được nhiều sự quan tâm của thị trường quốc tế là rất đáng ngạc nhiên. Năm ngoái, chiếc OnePlus 6 đã thu hút tổng cộng 15.000 người ở 26 thành phố, thuộc 11 quốc gia xếp hàng chờ mua, theo thống kê từ Twitter chính thức của công ty này.</p><p>OnePlus 7 và OnePlus 7 Pro sẽ chính thức ra mắt vào ngày 14/5 tới, trong một sự kiện tổ chức đồng loạt tại Mỹ, Anh và Ấn Độ. Mức giá cho model cơ bản dự kiến rơi vào khoảng 749 USD.</p>', '2019-05-06 08:25:39', 'Xuyên', NULL, 0, 1, 'ai');
INSERT INTO `tin` (`id_tin`, `tieude`, `mota`, `img`, `noidung`, `ngaydangtin`, `tacgia`, `solanxem`, `tinhot`, `trangthai`, `id_loaitin`) VALUES
(59, '2019 rồi, iPhone cần những tính năng này để theo kịp Android', '2019 rồi, iPhone cần những tính năng này để theo kịp Android', NULL, '<p><strong>Sau nhiều năm liên tục có những tính năng “đi trước thời đại”, giờ đây iPhone dần hụt hơi trước sự phát triển nhanh chóng, năng động của các đối thủ Android.</strong></p><p><a href=\"https://news.zing.vn/tieu-diem/iphone.html\">iPhone</a> đang gặp nhiều khó khăn trên thị trường. Doanh thu sụt giảm 17% đã khiến cho <a href=\"https://news.zing.vn/tieu-diem/cong-ty-apple.html\">Apple</a> mất vị trí nhà sản xuất điện thoại lớn thứ 2 thế giới về tay Huawei. Trong nhiều yếu tố dẫn đến thực trạng đó, có nguyên nhân từ việc iPhone thiếu các tính năng được người dùng mong chờ.</p><p>Theo các tin đồn xuất hiện rải rác trong thời gian vừa qua, iPhone ra mắt năm nay sẽ được Apple trang bị nhiều tính năng mới so với thế hệ <a href=\"https://news.zing.vn/tieu-diem/iphone-xs.html\">iPhone XS</a>, XS Max chẳng hạn như cụm camera 3 ống kính, khả năng sạc không dây hai chiều, mặt lưng kính nguyên khối phủ camera.</p><figure class=\"table\"><table><tbody><tr><td><figure class=\"image\"><img src=\"https://znews-photo.zadn.vn/w660/Uploaded/pqmcbzwv/2019_05_05/iphone11renderskaymak1.jpg\" alt=\"2019 roi, iPhone can nhung tinh nang nay de theo kip Android hinh anh 1 \"></figure></td></tr><tr><td>Một bản dựng iPhone 11 dựa trên tin đồn. Ảnh: <i>BGR.</i></td></tr></tbody></table></figure><p>Tuy nhiên, còn nhiều tính năng đã xuất hiện từ lâu trên Android nhưng người dùng iPhone vẫn phải “dài cổ” đợi. Theo Lisa Eadicicco, phóng viên công nghệ của <i>Business Insider</i>, Apple cần trang bị 5 tính năng sau đây để giúp iPhone bắt kịp các đối thủ Android trên thị trường di động.</p><h3>Always-on display</h3><p>Điện thoại Android của Samsung, Google và nhiều công ty khác đã có tính năng Always-on display (màn hình luôn mở) từ khá lâu. Nó cho phép xem thông tin như thời gian, thời tiết và thông báo mà không cần phải kích hoạt màn hình điện thoại.</p><figure class=\"table\"><table><tbody><tr><td><figure class=\"image\"><img src=\"https://znews-photo.zadn.vn/w660/Uploaded/pqmcbzwv/2019_05_05/onway.jpg\" alt=\"2019 roi, iPhone can nhung tinh nang nay de theo kip Android hinh anh 2 \"></figure></td></tr><tr><td>Always-on display mang đến sự tiện dụng đáng kể cho người dùng. Ảnh:<i>&nbsp;Business Insider</i></td></tr></tbody></table></figure><p>Trên iPhone, có thể kích hoạt màn hình khóa bằng cách chạm vào nó, điều này khá tiện lợi. Tuy nhiên, thay vì phải với tay chạm vào màn hình thì khả năng không cần làm gì cả cũng có thể quan sát giờ giấc lại có ưu thế hơn. Vì vậy, iPhone thế hệ kế tiếp cần được trang bị công nghệ tương tự.</p><h3>Đa nhiệm tốt hơn</h3><p>Hiện tại các phiên bản iPhone mới có màn hình lớn hơn rất nhiều so với thế hệ iPhone 5/5s trở về trước. Apple bổ sung các tính năng mới, giúp tận dụng lợi thế của kích thước này theo nhiều cách khác nhau.</p><p>Trong khi đó, Android đã hỗ trợ đa nhiệm chia màn hình từ năm 2016 nhưngngười dùng iOS chỉ mới thực hiện được việc này trên iPad. Apple cần nhanh chóng mang khả năng đa nhiệm chia màn hình lên phiên bản kế nhiệm <a href=\"https://news.zing.vn/tieu-diem/iphone-xs-max.html\">iPhone XS Max</a>.</p><h3>Sạc nhanh kèm theo máy</h3><p>Apple hỗ trợ sạc nhanh kể từ thế hệ iPhone 8, nhưng người dùng phải mua riêng bộ sạc 18W với giá 29 USD để sử dụng tính năng này. Tuy nhiên, các điện thoại Android như Samsung <a href=\"https://news.zing.vn/tieu-diem/galaxy-s10.html\">Galaxy S10</a>, Google Pixel 3 và OnePlus 6T lại đi kèm với bộ sạc nhanh mà không phát sinh thêm chi phí.</p><figure class=\"table\"><table><tbody><tr><td><figure class=\"image\"><img src=\"https://znews-photo.zadn.vn/w660/Uploaded/pqmcbzwv/2019_05_05/charge.jpg\" alt=\"2019 roi, iPhone can nhung tinh nang nay de theo kip Android hinh anh 3 \"></figure></td></tr><tr><td>Rất nhiều smartphone Android đã có sạc nhanh kèm theo máy. Ảnh:&nbsp;<i>Business Insider.</i></td></tr></tbody></table></figure><p>Apple thực sự có thể làm điều tương tự trên iPhone 2019. Theo blog tin tức của Nhật Bản <i>Mac Otakara</i>, củ sạc 18W sẽ đi kèm trong hộp của những chiếc iPhone ra mắt năm nay.</p><h3>Notch nhỏ gọn</h3><p>Khi màn hình tràn viền đã trở thành xu thế phổ biến, các nhà sản xuất điện thoại Android tìm đủ mọi cách để cắt giảm phần khuyết ở đỉnh máy, nơi chứa camera trước và một số cảm biến. Các ý tưởng táo bạo được đưa ra như camera bật lên, camera trượt. Với Galaxy S10, Samsung đục một lỗ tương đốinhỏ so với notch thông thường để đặt camera trước.</p><p>Hi vọng thiết kế của iPhone năm nay sẽ chú ý đến phần này. Hiện tại notch trên iPhone XS, XS Max vẫn còn khá lớn.</p><h3>Cảm biến vân tay dưới màn hình</h3><p>Apple đã chuyển sang dùng công nghệ nhận dạng khuôn mặt (Face ID) từ khi ra mắt iPhone X vào năm 2017. Đây là cách giúp họ loại bỏ nút Home cứng kiêm cảm biến vân tay, gia tăng tỷ lệ hiển thị màn hình.</p><figure class=\"table\"><table><tbody><tr><td><figure class=\"image\"><img src=\"https://znews-photo.zadn.vn/w660/Uploaded/pqmcbzwv/2019_05_05/scan.jpg\" alt=\"2019 roi, iPhone can nhung tinh nang nay de theo kip Android hinh anh 4 \"></figure></td></tr><tr><td>Cảm biến vân tay dưới màn hình đã xuất hiện trên Galaxy S10. Ảnh:&nbsp;<i>Business Insider.</i></td></tr></tbody></table></figure><p>Tuy nhiên, điều này đồng nghĩa với việc người dùng iPhone chỉ có 2 lựa chọn bảo mật, nhập mã hoặc dùng Face ID. Trong khi đó, Pixel 3 và Galaxy S10 có cả cảm biến vân tay và nhận dạng khuôn mặt. Galaxy S10 của Samsung có cảm biến vân tay được nhúng trực tiếp vào màn hình, mặc dù các đánh giá ban đầu cho thấy nó chưa thật sự hoạt động hoàn hảo.</p><p>Nhiều người dùng vẫn tiếc nuối khi Apple bỏ hẳn Touch ID. Vì vậy, nếu hãng mang công nghệ cảm biến vân tay trở lại và nhúng vào màn hình thì sẽ tạo thêm lợi thế trong cuộc cạnh tranh với các đối thủ Android.</p>', '2019-05-06 08:26:44', 'Xuyên', NULL, 0, 1, 'ai'),
(60, 'Samsung đang tìm cách \'khai tử\' camera điện thoại truyền thống', 'Samsung đang tìm cách \'khai tử\' camera điện thoại truyền thống', NULL, '<p><strong>Phó giám đốc mảng nghiên cứu màn hình của Samsung đã xác nhận hãng đang phát triển camera đặt dưới màn hình và có thể ra thị trường sau 2 năm nữa.</strong></p><p>&nbsp;</p><p>Lúc này, các hãng điện thoại đang tìm cách cải tiến màn hình và thiết kế. Để đạt được thiết kế tràn viền nhất có thể, các hãng phải điều chỉnh vị trí cụm camera trước, dẫn đến những thiết kế camera pop-up, khoét lỗ, giọt nước và thậm chí là camera trượt. Tuy nhiên, chưa có phương án nào thực sự tối ưu.</p><p>Gần đây, báo chí Hàn Quốc cho biết <a href=\"https://news.zing.vn/tieu-diem/cong-ty-samsung.html\">Samsung</a> đang trong quá trình sáng tạo công nghệ màn hình “tràn viền tuyệt đối”. Ông Yang Buyng-duk, Phó Giám đốc mảng nghiên cứu màn hình của hãng, cũng đã xác nhận thông tin này vài tuần trước.</p><p>Khi những tin đồn về việc Samsung đặt cảm biến và camera bên dưới màn hình bắt đầu xuất hiện, nhiều người đã tưởng tượng nó sẽ mang lại một không gian hiển thị liền mạch. Nhưng kết quả vẫn chỉ dừng lại ở màn hình Infinity-O như chúng ta thấy hiện nay.</p><figure class=\"table\"><table><tbody><tr><td><figure class=\"image\"><img src=\"https://znews-photo.zadn.vn/w660/Uploaded/pcckpqmv/2019_05_04/samsunggalaxys10sg301280x720.jpg\" alt=\"Samsung dang tim cach \'khai tu\' camera dien thoai truyen thong hinh anh 1 \"></figure></td></tr><tr><td>Màn hình Infinity-O. Ảnh: <i>Slashgear.</i></td></tr></tbody></table></figure><p>Ngay cả chính Samsung cũng thừa nhận rằng việc “khoan” một lỗ trên màn hình OLED là vô cùng khó khăn, song đây là lựa chọn tốt nhất của hãng ở thời điểm bấy giờ. Tuy nhiên, với mục tiêu xoá bỏ \"tai thỏ\" và \"lỗ khoét\", tất cả những linh kiện ở mặt trước sẽ được mang xuống dưới tấm nền hiển thị. Việc này giúp Samsung có được màn hình đạt 100% tỷ lệ mặt trước mà vẫn đảm bảo trải nghiệm nhìn hoàn hảo cho thiết bị.</p><p>Màn hình vẫn sẽ dùng để hiển thị thông tin như bình thường. Nhưng khi tính năng chụp ảnh được kích hoạt, tấm nền hiển thị sẽ trở nên trong suốt, cho phép người dùng có thể chụp ảnh bằng camera bên dưới.</p><p>“Tuy chưa thể thương mại hoá trong 1-2 năm tới, công nghệ này vẫn hứa hẹn có thể tiến xa hơn tới khi nào lỗ khoét camera biến mất hoàn toàn”, ông Yang nói.</p><p>Ông cũng cho biết Samsung đang phát triển màn hình OLED Crystal Sound, gộp chung tấm nền hiển thị với loa ngoài như cách LG đã làm trên chiếc G8 ThinQ. Các smartphone trong tương lai cũng sẽ có khả năng quét vân tay siêu âm ở bất cứ đâu trên màn hình, thay vì bị giới hạn ở một vài vị trí nhất định.</p>', '2019-05-06 08:27:26', 'Xuyên', NULL, 0, 1, 'ai'),
(61, 'Galaxy A80 là di động tràn viền đúng nghĩa đầu tiên của Samsung', 'Galaxy A80 là di động tràn viền đúng nghĩa đầu tiên của Samsung', NULL, '<p><strong>Thừa hưởng một số nét từ dòng cao cấp nhưng có đổi mới cụm camera, Galaxy A80 tách bạch hẳn với nhóm A Series từ dáng dấp cho đến công nghệ bên trong.</strong></p><p>Trong khuôn khổ sự kiện \"A Galaxy\" vừa được tổ chức đồng loạt ở ba thành phố lớn Bangkok, Manila và Sao Paulo, <a href=\"https://news.zing.vn/tieu-diem/cong-ty-samsung.html\">Samsung</a> đã giới thiệu mẫu điện thoại tầm trung Galaxy A80. Với mục tiêu rút ngắn khoảng cách giữa phân khúc cao cấp và tầm trung, hãng công nghệ Hàn Quốc đã trang bị cho chiếc máy này một loạt những tính năng được mang xuống từ những dòng điện thoại cao cấp, mà cụ thể là thừa hưởng của chiếc <a href=\"https://news.zing.vn/tieu-diem/galaxy-s10.html\">Galaxy S10</a>.</p><h3>Thiết kế tràn viền nhưng không lỗ</h3><p>Đầu năm nay, Samsung đã giới thiệu bốn ý tưởng thiết kế của mình để tối ưu hoá diện tích sử dụng màn hình, đem đến trải nghiệm tràn viền thực sự. Trong khi những thiết kế Infinity-O, V hay Infinity-U đều yêu cầu phải cắt khoét màn hình để có chỗ đặt camera trước, thiết kế New Infinity được trang bị trên Galaxy A80 giúp máy có được một màn hình chiếm trọn mặt trước, liền mạch và không bị “chen ngang” bởi tai thỏ hay chấm đen.</p><figure class=\"table\"><table><tbody><tr><td><figure class=\"image\"><img src=\"https://znews-photo.zadn.vn/w660/Uploaded/neg_wpeczyr/2019_04_10/a90_zing_11.JPG\" alt=\"Galaxy A80 la di dong tran vien dung nghia dau tien cua Samsung hinh anh 1 \"></figure></td></tr><tr><td>A80 là di động tràn viền đúng nghĩa đầu tiên của Samsung.&nbsp;</td></tr></tbody></table></figure><p>Với diện tích màn hình tới 6,7 inch, Galaxy A80 vẫn là chiếc điện thoại vừa vặn trong tay người dùng khi có thiết kế viền mỏng, thậm chí cạnh trên của chiếc điện thoại này còn mỏng hơn mẫu flagship Galaxy S10 do không phải chứa loa thoại. Thay vào đó, máy được Samsung trang bị công nghệ dẫn truyền âm thanh bằng bộ rung được bố trí dưới màn hình, tương tự như cách Xiaomi từng làm với chiếc Mi Mix thế hệ đầu của mình.</p><p>Cụm camera với khả năng “thò thụt” chính là mấu chốt giúp Samsung đạt được thiết kế tràn viền này. Có thể xem chiếc Galaxy A80 này như phép toán thử của hãng: nếu nhận được phản ứng tích cực từ người dùng, có thể chiếc Galaxy S11 của năm sau hoặc thậm chí là Note 10 được ra mắt vào tháng Tám tới đây, cũng sẽ có kiểu thiết kế với cơ chế \"thò thụt\" tương tự.</p><h3>Quét vân tay dưới kính, sạc nhanh, không cổng tai nghe</h3><p>Sở hữu viên pin 3,700 mAh, A80 càng đáng chú ý khi là chiếc điện thoại thứ hai của Samsung sau Galaxy S10 5G có khả năng sạc siêu nhanh (Super Fast Charging) với công suất lên tới 25 W. Với công nghệ “Intelligent Battery”, trí tuệ nhân tạo sẽ theo dõi lịch sử dụng điện thoại của người dùng và tự cân chỉnh mức độ pin tiêu thụ, đảm bảo máy có thể trụ được suốt một ngày.</p><p><a href=\"https://news.zing.vn/video-trai-nghiem-galaxy-a80-camera-truot-xoay-dau-tien-post934674.html\"><strong>Trải nghiệm Galaxy A80: Camera trượt xoay đầu tiên</strong></a> Galaxy A80 vừa được Samsung giới thiệu tại Thái Lan. Model này sở hữu hệ thống camera trượt xoay ấn tượng. Máy hướng đến người dùng thích livestream và làm vlog.</p><p>Galaxy A80 cũng sở hữu cảm biến vân tay dưới màn hình, tuy nhiên chỉ là loại cảm biến quang học bình thường do chiếc máy này chỉ thuộc phân khúc tầm trung. Tuy nhiên, người dùng vẫn có tuỳ chọn sử dụng bảo mật sinh trắc học trên máy, cũng là một tính năng được thừa hưởng từ dòng S cao cấp.</p><p>Điểm đáng tiếc nhất của Galaxy A80 là việc Samsung đã loại bỏ cổng tai nghe 3.5 mm trên máy. Tuy nhiên, trong khi chiếc điện thoại màn hình gập <a href=\"https://news.zing.vn/tieu-diem/galaxy-fold.html\">Galaxy Fold</a> ra mắt gần đây của hãng cũng không được trang bị jack tai nghe, có thể Samsung đang tính toán cho một chiến lược không dây hoàn toàn trong tương lai, mẫu tai nghe true-wireless Galaxy Buds là nỗ lực đáng ghi nhận nhất của hãng công nghệ Hàn Quốc cho đến hiện tại.</p><h3>Hệ thống camera chất lượng</h3><p>Galaxy A80 sở hữu cụm 3 camera với camera chính có độ phân giải 48 MP, khẩu độ f/2.0, là độ phân giải cao nhất trong những cảm biến mà Galaxy từng trang bị trên các thiết bị di động của mình.</p><p>Bên cạnh đó, máy còn sở hữu camera góc siêu rộng 8 MP cùng camera 3D có cảm biến chiều sâu ToF, phục vụ cho nhiếp ảnh xoá phông và nhận diện để mở khoá máy.</p><figure class=\"table\"><table><tbody><tr><td><figure class=\"image\"><img src=\"https://znews-photo.zadn.vn/w660/Uploaded/fcivbqmv/2019_04_10/a90_zing_2.JPG\" alt=\"Galaxy A80 la di dong tran vien dung nghia dau tien cua Samsung hinh anh 2 \"></figure></td></tr><tr><td>Hệ thống camera trượt xoay tận dụng toàn bộ sức mạnh của máy ảnh cho việc selfie hay livestream mà không có sự chênh lệch về chất lượng như những model tách bạch camera trước-sau.</td></tr></tbody></table></figure><p>Để giữ phân cấp cho các thiết bị của mình, Samsung không trang bị cho A80 camera tele với khả năng zoom 2x như dòng S, song với độ phân giải lớn của máy, người dùng hoàn toàn có thể crop hình để đạt được hiệu quả tương tự.</p><p>Điểm độc đáo nhất trên A80 chính là cơ chế xoay 180 độ của cụm camera. Thiết kế xoay này từng được Oppo áp dụng trên mẫu Oppo N1 của mình, nhưng Samsung đã có những cải tiến để tăng độ bền và giúp quá trình xoay diễn ra mượt mà hơn.</p><p>Đại diện của hãng nói hệ thống này có thể hoạt động trong suốt nhiều năm mà không gặp bất cứ vấn đề nào. Những cảm nhận ban đầu cũng cho thấy cơ chế đẩy - xoay trên cụm camera của A80 khá chắc chắn và cân bằng.</p><p>Máy còn được trang bị công nghệ Live Focus giúp xoá phông và tạo ra hiệu ứng bokeh khi quay video, là tính năng mà hiện tại chỉ Galaxy S10 5G, với 6 camera ở mặt lưng, mới có thể làm được.</p>', '2019-05-06 08:27:54', 'Xuyên', NULL, 0, 1, 'ai'),
(62, 'Tính năng Apple loại bỏ 2 năm trước sẽ trở lại trên iPhone 11', 'Tính năng Apple loại bỏ 2 năm trước sẽ trở lại trên iPhone 11', NULL, '<p><strong>Một bằng sáng chế mới đây cho thấy Apple có thể mang tính năng mở khoá bằng vân tay Touch ID trở lại trên iPhone, với nhiều nâng cấp mạnh mẽ.</strong></p><p>&nbsp;</p><p>Phải đến tháng 9, <a href=\"https://news.zing.vn/tieu-diem/iphone.html\">iPhone</a> 11 mới chính thức được phát hành. Tuy nhiên, một bằng sáng chế của <a href=\"https://news.zing.vn/tieu-diem/cong-ty-apple.html\">Apple</a> đã gợi ý về tính năng bảo mật nhiều khả năng xuất hiện trên mẫu điện thoại này.</p><p><i>Cnet&nbsp;</i>dẫn nguồn từ&nbsp;<i>Patently Apple</i>, cho biết công ty có trụ sở tại Cupertino đang phát triển công nghệ cảm biến vân tay mới. Bằng sáng chế được cấp hôm thứ ba 30/4, cho thấy người dùng có thể chạm vào bất cứ vị trí nào trên màn hình để mở khóa.</p><p>Touch ID truyền thống, xuất hiện lần đầu trên iPhone 5S năm 2013, chỉ hoạt động với nút Home. Bản nâng cấp lần này sẽ sử dụng công nghệ ghi nhận hình ảnh bằng sóng để tái lập bản đồ vân tay người dùng, mở rộng khả năng nhận diện trên một phạm vi lớn hơn.</p><figure class=\"table\"><table><tbody><tr><td><figure class=\"image\"><img src=\"https://znews-photo.zadn.vn/w660/Uploaded/pcckpqmv/2019_05_02/6a0120a5580826970c0240a458cfa8200c.jpg\" alt=\"Tinh nang Apple loai bo 2 nam truoc se tro lai tren iPhone 11 hinh anh 1 \"></figure></td></tr><tr><td>Bằng sáng chế cho thấy công nghệ nhận diện mới. Ảnh: <i>Patently Apple.</i></td></tr></tbody></table></figure><p>Bằng sáng chế mới của Apple rất giống với công nghệ vân tay siêu âm mà Qualcomm đã tích hợp vào nền tảng chip Snapdragon 855. <a href=\"https://news.zing.vn/tieu-diem/galaxy-s10.html\">Galaxy S10</a> của Samsung là dòng sản phẩm nổi tiếng nhất áp dụng công nghệ này.</p><p><i>Patenly Apple</i> cho biết hệ thống này cũng có thể lập bản đồ tai và má của người dùng. Bản đồ này sẽ phục vụ cho việc nâng cao trải nghiệm đàm thoại, khi iPhone xác minh được ai đang thực hiện cuộc gọi.</p><p>Đây không phải lần đầu Táo khuyết nghĩ đến việc bổ sung công nghệ siêu âm vào iPhone. Trong một bằng sáng chế năm 2016, công ty đã lên kế hoạch tạo ra chiếc điện thoại không viền, nút bấm hoặc bất cứ điểm dư thừa nào ở mặt trước. Để làm được điều đó, Apple buộc phải tìm giải pháp thay thế Touch ID, lúc bấy giờ được đặt trên nút home.</p><p>Đã có những tin đồn về việc Apple mang công nghệ vân tay dưới màn hình lên mẫu iPhone kỷ niệm 10 năm của mình. Nhưng hãng đã không làm vậy. iPhone X được trang bị một hệ thống nhận diện gương mặt Face ID hoàn toàn mới.</p><figure class=\"table\"><table><tbody><tr><td><figure class=\"image\"><img src=\"https://znews-photo.zadn.vn/w660/Uploaded/pcckpqmv/2019_05_02/download_1.jpeg\" alt=\"Tinh nang Apple loai bo 2 nam truoc se tro lai tren iPhone 11 hinh anh 2 \"></figure></td></tr><tr><td>Từng bị thay thế bởi Face ID hồi năm 2017, Touch ID sẽ có sự trở lại ngoạn mục? Ảnh: <i>Reuters.</i></td></tr></tbody></table></figure><p>Theo <i>Gizmodo</i>, có vẻ thiếu chính xác khi đánh giá sự hồi sinh Touch ID là một trường hợp “đi lùi” của Apple. Công ty này thường không có lợi thế tiên phong, mà nổi tiếng nhờ làm tốt và hoàn thiện những gì có sẵn. Công nghệ quét vân tay dưới màn hình được mô tả trong bằng sáng chế mới từ Apple là rất tinh vi và đa năng, vượt trên bất kỳ công nghệ mở khóa vân tay nào từng được sử dụng trước đó.</p><p>Apple từ chối bình luận về tin đồn, một phát ngôn viên của công ty phản hồi với báo chí qua email. Nhưng câu hỏi lớn là công nghệ trên sẽ được áp dụng lên iPhone 11, khi chính thức ra mắt cuối năm nay, hay trên một mẫu iPhone nào khác trong tương lai.</p><p>Dù sao, bằng sáng chế này cũng không đồng nghĩa với việc loại trừ hoàn toàn Face ID và thiết kế tai thỏ. Như trên một số thiết bị Android hiện nay, mở khóa bằng khuôn mặt và mở khóa vân tay vẫn có thể cùng tồn tại trên một thiết bị.</p>', '2019-05-06 08:28:48', 'Xuyên', 35, 0, 1, 'ai'),
(63, 'Thị trường smartphone quý I/2019: Apple, Samsung đều gặp khó', 'Thị trường smartphone quý I/2019: Apple, Samsung đều gặp khó', NULL, '<p><strong>Trong ba tháng đầu năm 2019, hai \"ông lớn\" di động Apple và Samsung đều có doanh số sụt giảm so với cùng kỳ năm 2018.</strong></p><p>Theo hai hãng nghiên cứu thị trường Strategy Analytics và IDC, lượng smartphone xuất xưởng quý I/2019 của cả <a href=\"https://news.zing.vn/tieu-diem/cong-ty-samsung.html\">Samsung</a> và <a href=\"https://news.zing.vn/tieu-diem/cong-ty-apple.html\">Apple</a> đều giảm so với cùng kỳ năm 2018.</p><p>Trong khi IDC báo cáo chỉ có 310,8 triệu smartphone được bán trong ba tháng đầu năm 2019, Strategy Analytics lại đưa ra kết quả khả quan hơn với 330 triệu máy. Strategy Analytics mang đến triển vọng lạc quan hơn khi khẳng định doanh số smartphone cuối cùng đã cho thấy “dấu hiệu ổn định”, còn IDC lại đánh dấu quý thứ sáu liên tiếp giảm sút.</p><figure class=\"table\"><table><tbody><tr><td><figure class=\"image\"><img src=\"https://znews-photo.zadn.vn/w660/Uploaded/fsmyy/2019_05_02/huaweimate20provsiphonexsmax.jpg\" alt=\"Thi truong smartphone quy I/2019: Apple, Samsung deu gap kho hinh anh 1 \"></figure></td></tr><tr><td>Ngoài Huawei,&nbsp;hai \"ông lớn\" di động Apple và Samsung đều có doanh số sụt giảm so với cùng kỳ năm 2018. Ảnh: <i>PhoneArena</i>.</td></tr></tbody></table></figure><p>Tuy nhiên, có một điểm cả hai hãng đồng tình. Đó là không lâu trước đây, việc vượt qua Samsung và Apple về doanh số dường như là mục tiêu xa vời với một nhà sản xuất Trung Quốc, song nếu Huawei tiếp tục duy trì tốc độ tăng trưởng thần tốc như hiện nay, vị trí số 1 trong làng smartphone toàn cầu hoàn toàn đạt được.</p><p>Samsung đang đứng đầu thị trường nhưng khoảng cách đang nhanh chóng bị thu hẹp. Lượng smartphone Huawei xuất xưởng trong quý I/2019 tăng đột biến 50%, từ 39 triệu lên 59 triệu máy, đủ để công ty chiếm thị phần cao kỷ lục 17,9% còn thị phần Samsung là 21,7%.</p><p>Samsung gặp bất lợi tại thị trường Trung Quốc trong khi danh mục sản phẩm tầm trung tiếp tục khó khăn trên toàn cầu. Mặt khác, Huawei lại đang lên ở khắp mọi nơi (trừ Mỹ) và trong mọi tầm giá.</p><p>Về phía Apple, công ty không còn công bố doanh số iPhone nữa nên tạo ra trở ngại lớn cho Strategy Analytics. Có sự chênh lệch lớn trong báo cáo của hai hãng phân tích, đó là 43,1 triệu (Strategy Analytics) và 36,4 triệu (IDC). Apple đang xếp vị trí thứ 3 trên thị trường di động với thị phần 11,7% (Strategy Analytics) và 13% (IDC) do kết quả nghèo nàn tại Trung Quốc và Ấn Độ.</p><p>Xiaomi và OPPO lần lượt xếp hạng 4 và 5 dù không có kết quả tốt nhất với thị phần 10% và 6%, theo IDC.</p>', '2019-05-06 08:29:26', 'Xuyên', NULL, 0, 1, 'ai'),
(64, 'Chân dung 3 chiếc iPhone 2019 dựa trên tin đồn', 'Theo Mac Otakara, thế hệ iPhone 2019 sẽ được nâng cấp chủ yếu về camera cùng một số tính năng như sạc ngược không dây.', NULL, '<p>Dựa theo những thông tin rò rỉ gần đây, trang Mac Otakara đã tạo ra 3 nguyên mẫu của thế hệ iPhone 2019.</p><figure class=\"table\"><table><tbody><tr><td><figure class=\"image\"><img src=\"https://znews-photo.zadn.vn/w660/Uploaded/fsmyy/2019_05_02/1_1.jpg\" alt=\"Chan dung 3 chiec iPhone 2019 dua tren tin don hinh anh 1 \"></figure></td></tr><tr><td>Dựa theo những thông tin rò rỉ, các nhà thiết kế tại <i>Mac Otakara</i> đã tạo ra mô hình của 3 chiếc iPhone phiên bản 2019 gồm iPhone XI, iPhone XI Max và iPhone XIR. Theo đó, ngoại hình tổng thể của cả 3 máy sẽ không có nhiều khác biệt so với thế hệ 2018. Điểm nâng cấp lớn nhất nằm ở cụm camera phía sau.</td></tr></tbody></table></figure><figure class=\"table\"><table><tbody><tr><td><figure class=\"image\"><img src=\"https://znews-photo.zadn.vn/w660/Uploaded/fsmyy/2019_05_02/2_1.jpg\" alt=\"Chan dung 3 chiec iPhone 2019 dua tren tin don hinh anh 2 \"></figure></td></tr><tr><td>iPhone XI Max có kích thước 157,9 x 77,8 x 8,1 mm. Máy được trang bị màn hình 6,5 inch cùng tấm nền OLED.</td></tr></tbody></table></figure><figure class=\"table\"><table><tbody><tr><td><figure class=\"image\"><img src=\"https://znews-photo.zadn.vn/w660/Uploaded/fsmyy/2019_05_02/4_1.jpg\" alt=\"Chan dung 3 chiec iPhone 2019 dua tren tin don hinh anh 3 \"></figure></td></tr><tr><td>Mặt lưng của máy được trang bị hệ thống 3 camera, trong đó có một ống kính thường, một ống kính góc siêu rộng và một ống kính ToF. Camera ToF hứa hẹn sẽ cải thiện khả năng chụp hình chân dung của máy, đồng thời hỗ trợ nhiều hơn các ứng dụng AR. Theo&nbsp;nhà phân tích Ming-Chi Kuo, máy sẽ có dung lượng pin khoảng 3.491-3.650 mAh.</td></tr></tbody></table></figure><figure class=\"table\"><table><tbody><tr><td><figure class=\"image\"><img src=\"https://znews-photo.zadn.vn/w660/Uploaded/fsmyy/2019_05_02/5_1.jpg\" alt=\"Chan dung 3 chiec iPhone 2019 dua tren tin don hinh anh 4 \"></figure></td></tr><tr><td>iPhone XI có kích thước 143,9 x 71,3 x 8,1 mm. Màn hình 5,8 inch sử dụng tấm nền OLED.</td></tr></tbody></table></figure><figure class=\"table\"><table><tbody><tr><td><figure class=\"image\"><img src=\"https://znews-photo.zadn.vn/w660/Uploaded/fsmyy/2019_05_02/6_1.jpg\" alt=\"Chan dung 3 chiec iPhone 2019 dua tren tin don hinh anh 5 \"></figure></td></tr><tr><td>Hệ thống camera trên iPhone XI hoàn toàn giống với chiếc XI Max. Theo&nbsp;Kuo, dung lượng pin của máy sẽ được tăng lên nằm trong khoảng 3.189-3.322 mAh.</td></tr></tbody></table></figure><figure class=\"table\"><table><tbody><tr><td><figure class=\"image\"><img src=\"https://znews-photo.zadn.vn/w660/Uploaded/fsmyy/2019_05_02/7_1.jpg\" alt=\"Chan dung 3 chiec iPhone 2019 dua tren tin don hinh anh 6 \"></figure></td></tr><tr><td>Phiên bản \"giá rẻ\" nhất là chiếc iPhone XIR với màn hình 6,1 inch sử dụng tấm nền LCD. Máy có kích thước 150,9 x 75,7 x 8,3 mm.</td></tr></tbody></table></figure><figure class=\"table\"><table><tbody><tr><td><figure class=\"image\"><img src=\"https://znews-photo.zadn.vn/w660/Uploaded/fsmyy/2019_05_02/8_1.jpg\" alt=\"Chan dung 3 chiec iPhone 2019 dua tren tin don hinh anh 7 \"></figure></td></tr><tr><td>Thay vì được trang bị hệ thống 3 camera như trên 2 phiên bản cao cấp, iPhone XIR sẽ chỉ hỗ trợ cụm camera kép, trong đó có một ống kính thường và một ống kính góc siêu rộng. Dung lượng pin của máy được dự đoán khoảng 3.089 mAh.</td></tr></tbody></table></figure><figure class=\"table\"><table><tbody><tr><td><figure class=\"image\"><img src=\"https://znews-photo.zadn.vn/w660/Uploaded/fsmyy/2019_05_02/9_2.jpg\" alt=\"Chan dung 3 chiec iPhone 2019 dua tren tin don hinh anh 8 \"></figure></td></tr><tr><td>Ngoài ra, theo <i>Mac Otakara</i>, cả 3 máy sẽ được trang bị cổng sạc USB-C, tích hợp sạc nhanh 18 W. Đồng thời, thế hệ iPhone 2019 cũng cho phép sạc ngược không dây cho một số thiết bị như AirPods.</td></tr></tbody></table></figure>', '2019-05-06 08:30:02', 'Xuyên', NULL, 0, 1, 'ai'),
(65, 'iPhone bán kém, Apple vẫn có thể dựa vào một thị trường nghìn tỷ USD', 'Mặc dù doanh số iPhone không còn tăng trưởng ấn tượng, Apple đang có lợi thế rất lớn để bán thêm iPad và các dịch vụ trong một thị trường trị giá hàng nghìn tỷ USD.', NULL, '<p>Sau khi công bố kết quả kinh doanh mới nhất, giá trị vốn hóa của <a href=\"https://news.zing.vn/tieu-diem/cong-ty-apple.html\">Apple</a> đã quay lại gần với cột mốc 1.000 tỷ USD. Bên cạnh doanh thu ấn tượng từ mảng dịch vụ, không thể bỏ qua số tiền 4,9 tỷ USD họ kiếm được từ iPad trong quý vừa qua.</p><p>Con số này đã tăng 22% so với cùng kỳ năm ngoái. Mức tăng trưởng này “là mức tăng doanh thu iPad cao nhất của chúng tôi trong 6 năm qua”, CEO Tim Cook khẳng định.</p><p>Bí quyết để Apple đạt mức tăng trưởng ấn tượng như vậy với iPad, một sản phẩm từng được coi là khó có cửa phục hồi, chính là thị trường doanh nghiệp trị giá tới 4.000 tỷ USD.</p><p>Mỗi năm, các công ty bỏ ra từng đó tiền để trang bị các công nghệ, thiết bị cho doanh nghiệp, và Apple đang tiến rất nhanh vào thị trường này.</p><figure class=\"table\"><table><tbody><tr><td><figure class=\"image\"><img src=\"https://znews-photo.zadn.vn/w660/Uploaded/lce_jwquc/2019_05_03/FINALBritishAirwayFeatureImage.jpg\" alt=\"iPhone ban kem, Apple van co the dua vao mot thi truong nghin ty USD hinh anh 1 \"></figure></td></tr><tr><td>iPad được sử dụng trong khoang lái của nhiều hãng hàng không để cung cấp thông tin cho phi công. Ảnh:&nbsp;<i>British Airways.</i></td></tr></tbody></table></figure><p>Apple không tiết lộ con số chính xác về doanh thu từ thị trường doanh nghiệp, nhưng tháng 10/2018, các nhà phân tích cho rằng công ty này đã thu về 37 tỷ USD từ nhóm khách hàng doanh nghiệp.</p><p>Không chỉ bán thiết bị, Apple còn có thể bán những dịch vụ cho đối tượng này, theo cách mà CEO Tim Cook gọi là “mở rộng khách hàng và thị phần trong các doanh nghiệp lớn”. Nói cách khác, ông đang tìm mọi cách để những khách hàng doanh nghiệp mua ngày càng nhiều sản phẩm của Apple.</p><p>Trong bài phát biểu về kết quả kinh doanh, Tim Cook tiết lộ một thông số đáng chú ý: iPad được sử dụng trong khoang lái của 450 hãng hàng không. Do phi công sử dụng iPad, chính các hãng hàng không cũng muốn đồng bộ các thiết bị iOS, nhờ đó Apple bán được nhiều hơn.</p><p>“Chúng tôi đang có những bước tiến ấn tượng để trang bị thiết bị Apple cho cả máy bay, và có tới hơn một nửa trong số 50 hãng hàng không lớn nhất hiện nay đã tích hợp iOS để tăng trải nghiệm khách hàng”, CEO Apple cho biết.</p><p>Sự hiện diện của các thiết bị và dịch vụ Apple đã trở nên phổ biến hơn trong khoang hành khách của nhiều hãng hàng không lớn. Họ trang bị cả iPad, Apple Music hay Apple Pay cho khách hàng sử dụng.</p><p>Apple đã ký kết nhiều thỏa thuận hợp tác với IBM, Cisco, Deloitte, General Electrics để xây dựng các ứng dụng dành riêng cho doanh nghiệp trên iOS. Họ còn đưa ra công cụ phát triển dành riêng cho các đối tác muốn áp dụng giải pháp doanh nghiệp trên hệ điều hành này.</p>', '2019-05-06 08:30:42', 'Xuyên', NULL, 0, 1, 'ai');

-- --------------------------------------------------------

--
-- Table structure for table `users`
--

CREATE TABLE `users` (
  `id` int(10) UNSIGNED NOT NULL,
  `ip_address` varchar(45) NOT NULL,
  `username` varchar(100) DEFAULT NULL,
  `password` varchar(255) NOT NULL,
  `email` varchar(254) NOT NULL,
  `activation_selector` varchar(255) DEFAULT NULL,
  `activation_code` varchar(255) DEFAULT NULL,
  `forgotten_password_selector` varchar(255) DEFAULT NULL,
  `forgotten_password_code` varchar(255) DEFAULT NULL,
  `forgotten_password_time` int(11) UNSIGNED DEFAULT NULL,
  `remember_selector` varchar(255) DEFAULT NULL,
  `remember_code` varchar(255) DEFAULT NULL,
  `created_on` int(11) UNSIGNED NOT NULL,
  `last_login` int(11) UNSIGNED DEFAULT NULL,
  `active` tinyint(1) UNSIGNED DEFAULT NULL,
  `first_name` varchar(50) DEFAULT NULL,
  `last_name` varchar(50) DEFAULT NULL,
  `company` varchar(100) DEFAULT NULL,
  `phone` varchar(20) DEFAULT NULL
) ENGINE=InnoDB DEFAULT CHARSET=utf8;

--
-- Dumping data for table `users`
--

INSERT INTO `users` (`id`, `ip_address`, `username`, `password`, `email`, `activation_selector`, `activation_code`, `forgotten_password_selector`, `forgotten_password_code`, `forgotten_password_time`, `remember_selector`, `remember_code`, `created_on`, `last_login`, `active`, `first_name`, `last_name`, `company`, `phone`) VALUES
(1, '127.0.0.1', 'administrator', '$2y$12$3mlA6bbR.Cm71GuLUZWopOOS3L/WwAs.TIZ3izJlgQcOmZbCC4Iau', 'admin@admin.com', NULL, '', NULL, NULL, NULL, NULL, NULL, 1268889823, 1557076889, 1, 'Nguyen', 'Van Xuyen', 'ADMIN', '0'),
(2, '127.0.0.1', 'nvxuyen.102@gmail.com', '$2y$10$qxo7UKOUXvE.lr.5gcqLL.AiBH5eowVXMkYXoyxECZG8bQozx6rzm', 'nvxuyen.102@gmail.com', NULL, NULL, NULL, NULL, NULL, NULL, NULL, 1554561006, 1554561024, 1, 'Nguyen', 'Van Xuyen', 'Viet Nam', '0902292751'),
(4, '', 'txgroup', '4297f44b13955235245b2497399d7a93', 'nvxuyen.1022@gmail.com', NULL, NULL, NULL, NULL, NULL, NULL, NULL, 2019, NULL, 2, 'Nguyen', 'Van Xuyen', NULL, NULL),
(12, '', 'danh', '202cb962ac59075b964b07152d234b70', 'tranquocdanh97@gmail.com', NULL, NULL, NULL, NULL, NULL, NULL, NULL, 2019, NULL, 2, 'Tran', 'Danh', '', ''),
(13, '', '1997', '81dc9bdb52d04dc20036dbd8313ed055', 'tranquocdanh@gmail.com', NULL, NULL, NULL, NULL, NULL, NULL, NULL, 2019, NULL, 2, 'Tran', 'Danh', '', ''),
(14, '', 'dalaodai', 'bc4744067d528d1ea0e63bb8605e41dd', 'dalaodai1@gmail.com', NULL, NULL, NULL, NULL, NULL, NULL, NULL, 2019, NULL, 2, 'Trần Quốc', 'Danh', '', ''),
(15, '', 'nhut', 'e10adc3949ba59abbe56e057f20f883e', 'gunny.panda@gmail.com', NULL, NULL, NULL, NULL, NULL, NULL, NULL, 2019, NULL, 2, 'Nguyen', 'Nhut', '', ''),
(16, '', 'thanhquan', '$2y$10$.5tr011uPMyDxszgxkm5POI9vq.BYn6zecuV8A5RCbp6p2Q/2LaYu', 'thanhquanqwer@gmail.com', NULL, NULL, NULL, NULL, NULL, NULL, NULL, 0, NULL, 1, 'Phùng', 'Thanh Quân', '', '1234'),
(17, '171.235.160.138', 'steve@gmail.com', '$2y$12$ziD8FQUnHdWKa0MIfxe2aOJhId106MO/gI1/1XRenm..L4K1SSwHe', 'steve@gmail.com', NULL, NULL, NULL, NULL, NULL, NULL, NULL, 1556940913, 1557074547, 1, 'Steve', 'Phát', '', ''),
(18, '27.78.250.172', 'quanle@gmail.com', '$2y$12$IfjtwfjpSfRL0KDHw3xfz.KVt8TXNmk8SN3kMWx/zgT2xPXAA/S5q', 'quanle@gmail.com', NULL, NULL, NULL, NULL, NULL, NULL, NULL, 1556950161, 1557073391, 1, 'le', 'quan', 'quan', '123456789'),
(20, '', 'quan', '25f9e794323b453885f5181f1b624d0b', 'thanhquanqwerty@gmail.com', NULL, NULL, NULL, NULL, NULL, NULL, NULL, 0, NULL, NULL, NULL, NULL, NULL, '123'),
(24, '', 'quanthanhphung', '25f9e794323b453885f5181f1b624d0b', 'thanhquan@gmail.com', NULL, NULL, NULL, NULL, NULL, NULL, NULL, 0, NULL, NULL, NULL, NULL, NULL, '123'),
(25, '', 'thanhquanqwerty', 'e10adc3949ba59abbe56e057f20f883e', 'thanhquan1234@gmail.com', NULL, NULL, NULL, NULL, NULL, NULL, NULL, 2019, NULL, 2, 'Phùng', 'Thanh', NULL, NULL);

-- --------------------------------------------------------

--
-- Table structure for table `users_groups`
--

CREATE TABLE `users_groups` (
  `id` int(11) UNSIGNED NOT NULL,
  `user_id` int(11) UNSIGNED NOT NULL,
  `group_id` mediumint(8) UNSIGNED NOT NULL
) ENGINE=InnoDB DEFAULT CHARSET=utf8;

--
-- Dumping data for table `users_groups`
--

INSERT INTO `users_groups` (`id`, `user_id`, `group_id`) VALUES
(6, 1, 1),
(7, 1, 2),
(3, 2, 2),
(11, 12, 1),
(12, 12, 2),
(13, 13, 1),
(14, 13, 2),
(15, 14, 1),
(16, 14, 2),
(17, 15, 1),
(18, 15, 2),
(22, 16, 2),
(9, 17, 1),
(10, 17, 2),
(20, 18, 1),
(21, 18, 2);

--
-- Indexes for dumped tables
--

--
-- Indexes for table `binh_luan`
--
ALTER TABLE `binh_luan`
  ADD PRIMARY KEY (`id_binhluan`),
  ADD KEY `id_tin` (`id_tin`),
  ADD KEY `id_user` (`id_user`);

--
-- Indexes for table `groups`
--
ALTER TABLE `groups`
  ADD PRIMARY KEY (`id`);

--
-- Indexes for table `loai_tin`
--
ALTER TABLE `loai_tin`
  ADD PRIMARY KEY (`id_loaitin`),
  ADD KEY `id_nhomtin` (`id_nhomtin`);

--
-- Indexes for table `login_attempts`
--
ALTER TABLE `login_attempts`
  ADD PRIMARY KEY (`id`);

--
-- Indexes for table `nhom_tin`
--
ALTER TABLE `nhom_tin`
  ADD PRIMARY KEY (`id_nhomtin`);

--
-- Indexes for table `tin`
--
ALTER TABLE `tin`
  ADD PRIMARY KEY (`id_tin`),
  ADD KEY `id_loaitin` (`id_loaitin`);
ALTER TABLE `tin` ADD FULLTEXT KEY `tieude` (`tieude`,`noidung`);

--
-- Indexes for table `users`
--
ALTER TABLE `users`
  ADD PRIMARY KEY (`id`),
  ADD UNIQUE KEY `uc_email` (`email`),
  ADD UNIQUE KEY `uc_activation_selector` (`activation_selector`),
  ADD UNIQUE KEY `uc_forgotten_password_selector` (`forgotten_password_selector`),
  ADD UNIQUE KEY `uc_remember_selector` (`remember_selector`),
  ADD UNIQUE KEY `username` (`username`);

--
-- Indexes for table `users_groups`
--
ALTER TABLE `users_groups`
  ADD PRIMARY KEY (`id`),
  ADD UNIQUE KEY `uc_users_groups` (`user_id`,`group_id`),
  ADD KEY `fk_users_groups_users1_idx` (`user_id`),
  ADD KEY `fk_users_groups_groups1_idx` (`group_id`);

--
-- AUTO_INCREMENT for dumped tables
--

--
-- AUTO_INCREMENT for table `binh_luan`
--
ALTER TABLE `binh_luan`
  MODIFY `id_binhluan` int(10) UNSIGNED NOT NULL AUTO_INCREMENT, AUTO_INCREMENT=17;

--
-- AUTO_INCREMENT for table `groups`
--
ALTER TABLE `groups`
  MODIFY `id` mediumint(8) UNSIGNED NOT NULL AUTO_INCREMENT, AUTO_INCREMENT=3;

--
-- AUTO_INCREMENT for table `login_attempts`
--
ALTER TABLE `login_attempts`
  MODIFY `id` int(11) UNSIGNED NOT NULL AUTO_INCREMENT, AUTO_INCREMENT=10;

--
-- AUTO_INCREMENT for table `nhom_tin`
--
ALTER TABLE `nhom_tin`
  MODIFY `id_nhomtin` int(10) UNSIGNED NOT NULL AUTO_INCREMENT, AUTO_INCREMENT=13;

--
-- AUTO_INCREMENT for table `tin`
--
ALTER TABLE `tin`
  MODIFY `id_tin` int(10) UNSIGNED NOT NULL AUTO_INCREMENT, AUTO_INCREMENT=66;

--
-- AUTO_INCREMENT for table `users`
--
ALTER TABLE `users`
  MODIFY `id` int(10) UNSIGNED NOT NULL AUTO_INCREMENT, AUTO_INCREMENT=26;

--
-- AUTO_INCREMENT for table `users_groups`
--
ALTER TABLE `users_groups`
  MODIFY `id` int(11) UNSIGNED NOT NULL AUTO_INCREMENT, AUTO_INCREMENT=23;

--
-- Constraints for dumped tables
--

--
-- Constraints for table `binh_luan`
--
ALTER TABLE `binh_luan`
  ADD CONSTRAINT `binh_luan_ibfk_1` FOREIGN KEY (`id_tin`) REFERENCES `tin` (`id_tin`) ON DELETE CASCADE;

--
-- Constraints for table `loai_tin`
--
ALTER TABLE `loai_tin`
  ADD CONSTRAINT `loai_tin_ibfk_1` FOREIGN KEY (`id_nhomtin`) REFERENCES `nhom_tin` (`id_nhomtin`) ON DELETE CASCADE;

--
-- Constraints for table `tin`
--
ALTER TABLE `tin`
  ADD CONSTRAINT `tin_ibfk_1` FOREIGN KEY (`id_loaitin`) REFERENCES `loai_tin` (`id_loaitin`) ON DELETE CASCADE;

--
-- Constraints for table `users_groups`
--
ALTER TABLE `users_groups`
  ADD CONSTRAINT `fk_users_groups_groups1` FOREIGN KEY (`group_id`) REFERENCES `groups` (`id`) ON DELETE CASCADE ON UPDATE NO ACTION,
  ADD CONSTRAINT `fk_users_groups_users1` FOREIGN KEY (`user_id`) REFERENCES `users` (`id`) ON DELETE CASCADE ON UPDATE NO ACTION;
COMMIT;

/*!40101 SET CHARACTER_SET_CLIENT=@OLD_CHARACTER_SET_CLIENT */;
/*!40101 SET CHARACTER_SET_RESULTS=@OLD_CHARACTER_SET_RESULTS */;
/*!40101 SET COLLATION_CONNECTION=@OLD_COLLATION_CONNECTION */;
